
#include <Adafruit_Protomatter.h>
#include "patterns.h"
#define BEEHIVE_FINAL_HEIGHT 16
#define BEEHIVE_FINAL_WIDTH 64
#define BEE_HONEY_HEIGHT 16
#define BEE_HONEY_WIDTH 64
#define ARZG_ROBOTS_ART_2024_1__HEIGHT 16
#define ARZG_ROBOTS_ART_2024_1__WIDTH 64
#define THE_BEE__HEIGHT 16
#define THE_BEE__WIDTH 32
#define ARZG_957_ART_HEIGHT 16
#define ARZG_957_ART_WIDTH 64
#define PRIDE_957_HEIGHT 16
#define PRIDE_957_WIDTH 64
#define SHALLOW_SEA_HEIGHT 16
#define SHALLOW_SEA_WIDTH 64
#define DEEP_SEA_HEIGHT 16
#define DEEP_SEA_WIDTH 64
#define JELLY_HEIGHT 16
#define JELLY_WIDTH 64


extern Adafruit_Protomatter matrix;

int xval; //used to track x position for array
int yval; //used to track y position for array
int indx; //used to track position in an array

extern uint8_t R;
extern uint8_t G;
extern uint8_t B;

extern String ap1d;
extern String ap2d;
extern int length;

struct RGB colorConverter(int hexValue) {
  struct RGB rgbColor;
  rgbColor.r = ((hexValue >> 16) & 0xFF);  // Extracts the RR hex
  rgbColor.g = ((hexValue >> 8) & 0xFF);   // Extracts the GG hex
  rgbColor.b = ((hexValue) & 0xFF);        // Extracts the BB hex
  return rgbColor;
}

#define MASCOTS_HEIGHT 16
#define MASCOTS_WIDTH 64

// array size is 3072
static const uint32_t MASCOTS[] PROGMEM  = {
  0x000000, 0x000000, 0x000000, 0x000000, 0x000000, 0x000000, 0x000000, 0x000000, 0x000000, 0x000000, 0x000000, 0x000000, 0x000000, 0x000000, 0x000000, 0x000000, 0x000000, 0x000000, 0x000000, 0x000000, 0x000000, 0x000000, 0x000000, 0x000000, 0x000000, 0x000000, 0x000000, 0x000000, 0x000000, 0x000000, 0x000000, 0x000000, 0x000000, 0x000000, 0x000000, 0x000000, 0x000000, 0x000000, 0x000000, 0x000000, 0x000000, 0x000000, 0x000000, 0x000000, 0x000000, 0x000000, 0x000000, 0x000000, 0x000000, 0x000000, 0x000000, 0x000000, 0x000000, 0x000000, 0x000000, 0x000000, 0x000000, 0x000000, 0x000000, 0x000000, 0x000000, 0x000000, 0x000000, 0x000000, 
  0x000000, 0x000000, 0xffbb00, 0xffbb00, 0xffbb00, 0x000000, 0x000000, 0x000000, 0xffbb00, 0xffbb00, 0xffbb00, 0x000000, 0x000000, 0x000000, 0xffbb00, 0x000000, 0x000000, 0x000000, 0xffbb00, 0x000000, 0xffbb00, 0xffbb00, 0xffbb00, 0x000000, 0x000000, 0xffbb00, 0xffbb00, 0x000000, 0x000000, 0xffbb00, 0xffbb00, 0xffbb00, 0xffbb00, 0x000000, 0x000000, 0x000000, 0xffbb00, 0xffbb00, 0x000000, 0x000000, 0x000000, 0x000000, 0x000000, 0x000000, 0x000000, 0x000000, 0x000000, 0x000000, 0x000000, 0x000000, 0x000000, 0x000000, 0xffbb00, 0xffbb00, 0xffbb00, 0x000000, 0xffbb00, 0xffbb00, 0xffbb00, 0x000000, 0xffbb00, 0xffbb00, 0xffbb00, 0x000000, 
  0x000000, 0x000000, 0x000000, 0x000000, 0x000000, 0xffbb00, 0x000000, 0xffbb00, 0x000000, 0x000000, 0x000000, 0x000000, 0x000000, 0x000000, 0x000000, 0xffbb00, 0x000000, 0xffbb00, 0x000000, 0xffbb00, 0x000000, 0x000000, 0x000000, 0x000000, 0xffbb00, 0x000000, 0x000000, 0xffbb00, 0x000000, 0xffbb00, 0x000000, 0x000000, 0x000000, 0xffbb00, 0x000000, 0xffbb00, 0x000000, 0x000000, 0x000000, 0x000000, 0x000000, 0x000000, 0x000000, 0x000000, 0x000000, 0x000000, 0x000000, 0x000000, 0xffbb00, 0xffbb00, 0x000000, 0x000000, 0xffbb00, 0x000000, 0xffbb00, 0x000000, 0xffbb00, 0x000000, 0x000000, 0x000000, 0x000000, 0x000000, 0xffbb00, 0x000000, 
  0x000000, 0x000000, 0x000000, 0x000000, 0x000000, 0xffbb00, 0x000000, 0xffbb00, 0x000000, 0x000000, 0x000000, 0x000000, 0x000000, 0x000000, 0x000000, 0x000000, 0xffbb00, 0x000000, 0x000000, 0xffbb00, 0x000000, 0x000000, 0x000000, 0x000000, 0xffbb00, 0x000000, 0x000000, 0xffbb00, 0x000000, 0xffbb00, 0x000000, 0x000000, 0x000000, 0xffbb00, 0x000000, 0xffbb00, 0x000000, 0x000000, 0x000000, 0x000000, 0x000000, 0x000000, 0x000000, 0x000000, 0x000000, 0x000000, 0x000000, 0xffbb00, 0x000000, 0x000000, 0x000000, 0x000000, 0xffbb00, 0xffbb00, 0xffbb00, 0x000000, 0xffbb00, 0x000000, 0x000000, 0x000000, 0x000000, 0xffbb00, 0xffbb00, 0x000000, 
  0x000000, 0x000000, 0xffbb00, 0xffbb00, 0xffbb00, 0x000000, 0x000000, 0x000000, 0xffbb00, 0xffbb00, 0xffbb00, 0x000000, 0x000000, 0x000000, 0x000000, 0x000000, 0xffbb00, 0x000000, 0x000000, 0xffbb00, 0xffbb00, 0xffbb00, 0x000000, 0x000000, 0xffbb00, 0xffbb00, 0xffbb00, 0xffbb00, 0x000000, 0xffbb00, 0xffbb00, 0xffbb00, 0xffbb00, 0x000000, 0x000000, 0x000000, 0xffbb00, 0xffbb00, 0x000000, 0x000000, 0x000000, 0x000000, 0xffbb00, 0xffbb00, 0x000000, 0x000000, 0x000000, 0xffbb00, 0x000000, 0x000000, 0x000000, 0x000000, 0x000000, 0x000000, 0xffbb00, 0x000000, 0xffbb00, 0xffbb00, 0xffbb00, 0x000000, 0xffbb00, 0x000000, 0x000000, 0x000000, 
  0x000000, 0xffbb00, 0x000000, 0x000000, 0x000000, 0x000000, 0x000000, 0x000000, 0x000000, 0x000000, 0x000000, 0xffbb00, 0x000000, 0x000000, 0x000000, 0x000000, 0xffbb00, 0x000000, 0x000000, 0xffbb00, 0x000000, 0x000000, 0x000000, 0x000000, 0xffbb00, 0x000000, 0x000000, 0xffbb00, 0x000000, 0xffbb00, 0xffbb00, 0x000000, 0x000000, 0x000000, 0x000000, 0x000000, 0x000000, 0x000000, 0xffbb00, 0x000000, 0x000000, 0xffbb00, 0x000000, 0x000000, 0xffbb00, 0x000000, 0xffbb00, 0xffbb00, 0xffbb00, 0x000000, 0x000000, 0x000000, 0x000000, 0x000000, 0xffbb00, 0x000000, 0x000000, 0x000000, 0xffbb00, 0x000000, 0xffbb00, 0x000000, 0x000000, 0x000000, 
  0x000000, 0xffbb00, 0x000000, 0x000000, 0x000000, 0x000000, 0x000000, 0x000000, 0x000000, 0x000000, 0x000000, 0xffbb00, 0x000000, 0x000000, 0x000000, 0x000000, 0xffbb00, 0x000000, 0x000000, 0xffbb00, 0x000000, 0x000000, 0x000000, 0x000000, 0xffbb00, 0x000000, 0x000000, 0xffbb00, 0x000000, 0xffbb00, 0x000000, 0xffbb00, 0x000000, 0x000000, 0x000000, 0x000000, 0x000000, 0x000000, 0xffbb00, 0x000000, 0x000000, 0xffbb00, 0x000000, 0x000000, 0xffbb00, 0x000000, 0x000000, 0xffbb00, 0x000000, 0x000000, 0x000000, 0x000000, 0x000000, 0x000000, 0xffbb00, 0x000000, 0x000000, 0x000000, 0xffbb00, 0x000000, 0xffbb00, 0x000000, 0x000000, 0x000000, 
  0x000000, 0x000000, 0xffbb00, 0xffbb00, 0xffbb00, 0x000000, 0x000000, 0x000000, 0xffbb00, 0xffbb00, 0xffbb00, 0x000000, 0x000000, 0x000000, 0x000000, 0x000000, 0xffbb00, 0x000000, 0x000000, 0x000000, 0xffbb00, 0xffbb00, 0xffbb00, 0x000000, 0xffbb00, 0x000000, 0x000000, 0xffbb00, 0x000000, 0xffbb00, 0x000000, 0x000000, 0xffbb00, 0x000000, 0x000000, 0x000000, 0xffbb00, 0xffbb00, 0x000000, 0x000000, 0x000000, 0x000000, 0xffbb00, 0xffbb00, 0x000000, 0x000000, 0x000000, 0xffbb00, 0x000000, 0x000000, 0x000000, 0x000000, 0x000000, 0x000000, 0xffbb00, 0x000000, 0xffbb00, 0xffbb00, 0xffbb00, 0x000000, 0xffbb00, 0x000000, 0x000000, 0x000000, 
  0x000000, 0x000000, 0x000000, 0x000000, 0x000000, 0x000000, 0x000000, 0x000000, 0x000000, 0x000000, 0x000000, 0x000000, 0x000000, 0x000000, 0x000000, 0x000000, 0x000000, 0x000000, 0x000000, 0x000000, 0x000000, 0x000000, 0x000000, 0x000000, 0x000000, 0x000000, 0x000000, 0x000000, 0x000000, 0x000000, 0x000000, 0x000000, 0x000000, 0x000000, 0x000000, 0x000000, 0x000000, 0x000000, 0x000000, 0x000000, 0x000000, 0x000000, 0x000000, 0x000000, 0x000000, 0x000000, 0x000000, 0x000000, 0x000000, 0x000000, 0x000000, 0x000000, 0x000000, 0x000000, 0x000000, 0x000000, 0x000000, 0x000000, 0x000000, 0x000000, 0x000000, 0x000000, 0x000000, 0x000000, 
  0x000000, 0x000000, 0x000000, 0x000000, 0x000000, 0x000000, 0x000000, 0x000000, 0x000000, 0x000000, 0x000000, 0x000000, 0x000000, 0x000000, 0x000000, 0x000000, 0x000000, 0x000000, 0x000000, 0x000000, 0x000000, 0x000000, 0x000000, 0xffbb00, 0x000000, 0x000000, 0x000000, 0x000000, 0x000000, 0x000000, 0x000000, 0x000000, 0x000000, 0x000000, 0x000000, 0x000000, 0x000000, 0x000000, 0x000000, 0x000000, 0x000000, 0x000000, 0x000000, 0x000000, 0x000000, 0x000000, 0x000000, 0x000000, 0x000000, 0x000000, 0x000000, 0x000000, 0x000000, 0x000000, 0x000000, 0x000000, 0x000000, 0x000000, 0x000000, 0x000000, 0x000000, 0x000000, 0x000000, 0x000000, 
  0x000000, 0x000000, 0x000000, 0x000000, 0x000000, 0x000000, 0x000000, 0x000000, 0x000000, 0x000000, 0x000000, 0x000000, 0x000000, 0x000000, 0x000000, 0x000000, 0x000000, 0x000000, 0x000000, 0x000000, 0x000000, 0x000000, 0x000000, 0x000000, 0xffbb00, 0x000000, 0x000000, 0x000000, 0xffbb00, 0x000000, 0x000000, 0x000000, 0x000000, 0x000000, 0xffbb00, 0xffbb00, 0xffbb00, 0xffbb00, 0xffbb00, 0x000000, 0x000000, 0x000000, 0x000000, 0xffc20e, 0x000000, 0x000000, 0x000000, 0x000000, 0x000000, 0x000000, 0x000000, 0xffc20e, 0x000000, 0x000000, 0x000000, 0x000000, 0x000000, 0x000000, 0x000000, 0x000000, 0x000000, 0x000000, 0x000000, 0x000000, 
  0x000000, 0x000000, 0x000000, 0x000000, 0x000000, 0x000000, 0x000000, 0x000000, 0x000000, 0x000000, 0x000000, 0x000000, 0x000000, 0x000000, 0x000000, 0x000000, 0x000000, 0x000000, 0x000000, 0x000000, 0x000000, 0xffbb00, 0xffbb00, 0xffbb00, 0x000000, 0xffbb00, 0xffbb00, 0xffbb00, 0x000000, 0x000000, 0x000000, 0x000000, 0x000000, 0xffbb00, 0xffbb00, 0xffbb00, 0xffbb00, 0xffbb00, 0xffbb00, 0xffbb00, 0x000000, 0x000000, 0xffc20e, 0x000000, 0xffc20e, 0x000000, 0x000000, 0x000000, 0x000000, 0x000000, 0x000000, 0xffc20e, 0x000000, 0x000000, 0x000000, 0x000000, 0x000000, 0x000000, 0x000000, 0x000000, 0x000000, 0x000000, 0x000000, 0x000000, 
  0x000000, 0x000000, 0x000000, 0x000000, 0x000000, 0x000000, 0x000000, 0x000000, 0x000000, 0x000000, 0x000000, 0x000000, 0x000000, 0x000000, 0x000000, 0x000000, 0x000000, 0x000000, 0x000000, 0xffbb00, 0xffbb00, 0x000000, 0x000000, 0x000000, 0x000000, 0x000000, 0x000000, 0xffbb00, 0x000000, 0x000000, 0x000000, 0x000000, 0x000000, 0x000000, 0xffbb00, 0x000000, 0xffbb00, 0x000000, 0xffbb00, 0x000000, 0x000000, 0x000000, 0x000000, 0x000000, 0xffc20e, 0x000000, 0x000000, 0x000000, 0x000000, 0xffc20e, 0xffc20e, 0xffc20e, 0x000000, 0x000000, 0x000000, 0x000000, 0x000000, 0x000000, 0x000000, 0x000000, 0x000000, 0x000000, 0x000000, 0x000000, 
  0x000000, 0x000000, 0x000000, 0x000000, 0x000000, 0x000000, 0x000000, 0x000000, 0x000000, 0x000000, 0x000000, 0x000000, 0x000000, 0x000000, 0x000000, 0x000000, 0x000000, 0x000000, 0x000000, 0x000000, 0x000000, 0xffbb00, 0xffbb00, 0xffbb00, 0x000000, 0xffbb00, 0xffbb00, 0xffbb00, 0x000000, 0x000000, 0x000000, 0x000000, 0x000000, 0x000000, 0xffbb00, 0x000000, 0xffbb00, 0x000000, 0xffbb00, 0x000000, 0x000000, 0x000000, 0x000000, 0x2f3699, 0x2f3699, 0x2f3699, 0x2f3699, 0x2f3699, 0x2f3699, 0x2f3699, 0x2f3699, 0x000000, 0x000000, 0x000000, 0x000000, 0x000000, 0x000000, 0x000000, 0x000000, 0x000000, 0x000000, 0x000000, 0x000000, 0x000000, 
  0x000000, 0x000000, 0x000000, 0x000000, 0x000000, 0x000000, 0x000000, 0x000000, 0x000000, 0x000000, 0x000000, 0x000000, 0x000000, 0x000000, 0x000000, 0x000000, 0x000000, 0x000000, 0x000000, 0x000000, 0x000000, 0x000000, 0x000000, 0x000000, 0xffbb00, 0x000000, 0x000000, 0x000000, 0xffbb00, 0x000000, 0x000000, 0x000000, 0x000000, 0x000000, 0xffbb00, 0x000000, 0xffbb00, 0x000000, 0xffbb00, 0x000000, 0x000000, 0x000000, 0x000000, 0x000000, 0xffbb00, 0x000000, 0x000000, 0x000000, 0x000000, 0xffc20e, 0x000000, 0x000000, 0x000000, 0x000000, 0x000000, 0x000000, 0x000000, 0x000000, 0x000000, 0x000000, 0x000000, 0x000000, 0x000000, 0x000000, 
  0x000000, 0x000000, 0x000000, 0x000000, 0x000000, 0x000000, 0x000000, 0x000000, 0x000000, 0x000000, 0x000000, 0x000000, 0x000000, 0x000000, 0x000000, 0x000000, 0x000000, 0x000000, 0x000000, 0x000000, 0x000000, 0x000000, 0x000000, 0xffbb00, 0x000000, 0x000000, 0x000000, 0x000000, 0x000000, 0x000000, 0x000000, 0x000000, 0x000000, 0x000000, 0x000000, 0x000000, 0x000000, 0x000000, 0x000000, 0x000000, 0x000000, 0x000000, 0x000000, 0x000000, 0x000000, 0x000000, 0x000000, 0x000000, 0x000000, 0x000000, 0x000000, 0x000000, 0x000000, 0x000000, 0x000000, 0x000000, 0x000000, 0x000000, 0x000000, 0x000000, 0x000000, 0x000000, 0x000000, 0x000000
};

void drawMascots(){
  for (int xval = 0; xval < 64; xval++){
    for (int yval = 0; yval < 16; yval++){
      int idx = 64 * yval + xval;
      int hex = MASCOTS[idx];
      RGB color = colorConverter(hex);
      matrix.drawPixel(xval, yval, matrix.color565(color.r, color.g, color.b));
    }
  }
  matrix.show();
}

#define RAINBOW_UNICORN_FUEL_HEIGHT 16
#define RAINBOW_UNICORN_FUEL_WIDTH 64

// array size is 3072
static const uint32_t RAINBOW_UNICORN_FUEL[] PROGMEM  = {
  0x000000, 0x000000, 0xffee00, 0xffee00, 0x000000, 0x000000, 0x000000, 0x000000, 0x000000, 0x000000, 0x000000, 0x000000, 0x000000, 0x000000, 0x000000, 0x000000, 0x000000, 0x000000, 0x000000, 0xffffff, 0x000000, 0x000000, 0x000000, 0x000000, 0x000000, 0x000000, 0x000000, 0x000000, 0xffffff, 0x000000, 0x000000, 0x000000, 0x000000, 0xffee00, 0xffee00, 0xffffff, 0xffee00, 0x000000, 0x000000, 0x000000, 0x000000, 0x000000, 0x000000, 0x000000, 0x000000, 0x000000, 0x000000, 0x000000, 0x000000, 0x000000, 0x000000, 0x000000, 0x000000, 0x000000, 0x000000, 0x000000, 0x000000, 0x000000, 0xff0000, 0xff0000, 0xff0000, 0xff0000, 0xff0000, 0xff0000, 
  0x000000, 0xffee00, 0xffee00, 0xffffff, 0xffee00, 0x000000, 0x000000, 0x000000, 0xffffff, 0x000000, 0x000000, 0x000000, 0x000000, 0x000000, 0x000000, 0x000000, 0x000000, 0x000000, 0x000000, 0x000000, 0x000000, 0x000000, 0xffee00, 0x000000, 0x000000, 0xfa00ff, 0x000000, 0x000000, 0x000000, 0x000000, 0x000000, 0x000000, 0x000000, 0xffee00, 0xffee00, 0xffee00, 0xffee00, 0x000000, 0x000000, 0xffffff, 0x000000, 0x000000, 0x000000, 0x000000, 0x000000, 0x000000, 0xffee00, 0xffee00, 0x000000, 0x000000, 0x000000, 0xffffff, 0x000000, 0x000000, 0x000000, 0x000000, 0xff0000, 0xff0000, 0xff0000, 0xff0000, 0xff0000, 0xff7e00, 0xff7e00, 0xff7e00, 
  0x000000, 0xffee00, 0xffee00, 0xffee00, 0xffee00, 0x000000, 0x000000, 0x000000, 0x000000, 0x000000, 0x000000, 0x000000, 0x000000, 0x000000, 0x000000, 0xffee00, 0xffee00, 0x000000, 0x000000, 0x000000, 0x000000, 0x000000, 0x000000, 0xffee00, 0xfa00ff, 0xfa00ff, 0xfa00ff, 0xfa00ff, 0x000000, 0x000000, 0x000000, 0x000000, 0xffffff, 0x000000, 0xffee00, 0xffee00, 0x000000, 0x000000, 0x000000, 0x000000, 0x000000, 0x000000, 0xffffff, 0x000000, 0x000000, 0xffee00, 0xffee00, 0xffffff, 0xffee00, 0x000000, 0x000000, 0x000000, 0x000000, 0x000000, 0xff0000, 0xff0000, 0xff0000, 0xff0000, 0xff7e00, 0xff7e00, 0xff7e00, 0xff7e00, 0xff7e00, 0xff7e00, 
  0x000000, 0x000000, 0xffee00, 0xffee00, 0x000000, 0x000000, 0x000000, 0x000000, 0x000000, 0x000000, 0x000000, 0x000000, 0xffffff, 0x000000, 0xffee00, 0xffee00, 0xffffff, 0xffee00, 0x000000, 0x000000, 0x000000, 0x000000, 0x000000, 0xffffff, 0xffffff, 0xffffff, 0xfa00ff, 0xfa00ff, 0x000000, 0x000000, 0x000000, 0x000000, 0x000000, 0x000000, 0x000000, 0x000000, 0x000000, 0x000000, 0x000000, 0x000000, 0x000000, 0x000000, 0x000000, 0x000000, 0x000000, 0xffee00, 0xffee00, 0xffee00, 0xffee00, 0x000000, 0x000000, 0x000000, 0x000000, 0xff0000, 0xff0000, 0xff0000, 0xff0000, 0xff7e00, 0xff7e00, 0xff7e00, 0xff7e00, 0xffee00, 0xffee00, 0xffee00, 
  0x000000, 0x000000, 0x000000, 0x000000, 0x000000, 0x000000, 0xffffff, 0x000000, 0x000000, 0x000000, 0x000000, 0x000000, 0x000000, 0x000000, 0xffee00, 0xffee00, 0xffee00, 0xffee00, 0x000000, 0x000000, 0x000000, 0x000000, 0xffffff, 0xffffff, 0x000000, 0xffffff, 0xfa00ff, 0xfa00ff, 0xfa00ff, 0x000000, 0x000000, 0x000000, 0x000000, 0x000000, 0x000000, 0x000000, 0x000000, 0x000000, 0x000000, 0x000000, 0x000000, 0x000000, 0x000000, 0x000000, 0x000000, 0x000000, 0xffee00, 0xffee00, 0x000000, 0x000000, 0x000000, 0x000000, 0xff0000, 0xff0000, 0xff0000, 0xff7e00, 0xff7e00, 0xff7e00, 0xff7e00, 0xffee00, 0xffee00, 0xffee00, 0xffee00, 0xffee00, 
  0x000000, 0x000000, 0x000000, 0x000000, 0x000000, 0x000000, 0x000000, 0x000000, 0x000000, 0x000000, 0x000000, 0x000000, 0x000000, 0x000000, 0x000000, 0xffee00, 0xffee00, 0x000000, 0x000000, 0x000000, 0x000000, 0x000000, 0xffffff, 0xffffff, 0xffffff, 0xffffff, 0xfa00ff, 0xfa00ff, 0xfa00ff, 0x000000, 0x000000, 0xffffff, 0x000000, 0x000000, 0x000000, 0x000000, 0xfa00ff, 0xfa00ff, 0x000000, 0x000000, 0x000000, 0x000000, 0xffffff, 0x000000, 0x000000, 0x000000, 0x000000, 0x000000, 0x000000, 0x000000, 0x000000, 0xff0000, 0xff0000, 0xff0000, 0xff7e00, 0xff7e00, 0xff7e00, 0xffee00, 0xffee00, 0xffee00, 0xffee00, 0x25ff00, 0x25ff00, 0x25ff00, 
  0x000000, 0x000000, 0x000000, 0x000000, 0x000000, 0x000000, 0x000000, 0x000000, 0x000000, 0x000000, 0xffffff, 0x000000, 0x000000, 0x000000, 0x000000, 0x000000, 0x000000, 0x000000, 0x000000, 0x000000, 0x000000, 0x000000, 0x000000, 0x000000, 0xffffff, 0xffffff, 0xffffff, 0x000000, 0x000000, 0x000000, 0x000000, 0x000000, 0x000000, 0x000000, 0x000000, 0xfa00ff, 0xfa00ff, 0xfa00ff, 0xfa00ff, 0x000000, 0x000000, 0x000000, 0x000000, 0x000000, 0x000000, 0x000000, 0x000000, 0x000000, 0x000000, 0x000000, 0x000000, 0xff0000, 0xff0000, 0xff7e00, 0xff7e00, 0xff7e00, 0xffee00, 0xffee00, 0xffee00, 0x25ff00, 0x25ff00, 0x25ff00, 0x25ff00, 0x25ff00, 
  0x000000, 0xffffff, 0x000000, 0x000000, 0x000000, 0x000000, 0x000000, 0x000000, 0x000000, 0x000000, 0x000000, 0x000000, 0x000000, 0x000000, 0x000000, 0x000000, 0x000000, 0x000000, 0x000000, 0x000000, 0x000000, 0x000000, 0x000000, 0x000000, 0xffffff, 0xffffff, 0xffffff, 0xffffff, 0xffffff, 0xffffff, 0xffffff, 0xffffff, 0xffffff, 0xffffff, 0xffffff, 0xffffff, 0xfa00ff, 0xfa00ff, 0xfa00ff, 0x000000, 0x000000, 0x000000, 0x000000, 0x000000, 0x000000, 0x000000, 0x000000, 0x000000, 0x000000, 0x000000, 0xff0000, 0xff0000, 0xff0000, 0xff7e00, 0xff7e00, 0xffee00, 0xffee00, 0xffee00, 0x25ff00, 0x25ff00, 0x25ff00, 0x2500ff, 0x2500ff, 0x2500ff, 
  0x000000, 0x000000, 0x000000, 0x000000, 0x000000, 0x000000, 0x000000, 0x000000, 0x000000, 0x000000, 0xffee00, 0xffee00, 0x000000, 0x000000, 0x000000, 0x000000, 0x000000, 0x000000, 0xffffff, 0x000000, 0x000000, 0x000000, 0x000000, 0x000000, 0xffffff, 0xffffff, 0xffffff, 0xffffff, 0xffffff, 0xffffff, 0xffffff, 0xffffff, 0xffffff, 0xffffff, 0xffffff, 0xffffff, 0xfa00ff, 0xfa00ff, 0xfa00ff, 0x000000, 0x000000, 0x000000, 0xfa00ff, 0x000000, 0x000000, 0x000000, 0xffffff, 0x000000, 0x000000, 0x000000, 0xff0000, 0xff0000, 0xff7e00, 0xff7e00, 0xffee00, 0xffee00, 0xffee00, 0x25ff00, 0x25ff00, 0x25ff00, 0x2500ff, 0x2500ff, 0x2500ff, 0x2500ff, 
  0x000000, 0x000000, 0x000000, 0x000000, 0x000000, 0x000000, 0xffffff, 0x000000, 0x000000, 0xffee00, 0xffee00, 0xffffff, 0xffee00, 0x000000, 0x000000, 0x000000, 0x000000, 0x000000, 0x000000, 0x000000, 0x000000, 0x000000, 0x000000, 0x000000, 0xffffff, 0xffffff, 0xffffff, 0xffffff, 0xffffff, 0xffffff, 0xffffff, 0xffffff, 0xffffff, 0xffffff, 0xffffff, 0xffffff, 0xffffff, 0xfa00ff, 0xfa00ff, 0xfa00ff, 0x000000, 0xfa00ff, 0x000000, 0x000000, 0x000000, 0x000000, 0x000000, 0x000000, 0x000000, 0x000000, 0xff0000, 0xff0000, 0xff7e00, 0xff7e00, 0xffee00, 0xffee00, 0x25ff00, 0x25ff00, 0x25ff00, 0x2500ff, 0x2500ff, 0x2500ff, 0xfa00ff, 0xfa00ff, 
  0x000000, 0x000000, 0xffffff, 0x000000, 0x000000, 0x000000, 0x000000, 0x000000, 0x000000, 0xffee00, 0xffee00, 0xffee00, 0xffee00, 0x000000, 0x000000, 0x000000, 0x000000, 0x000000, 0x000000, 0x000000, 0x000000, 0x000000, 0xffffff, 0x000000, 0xffffff, 0xffffff, 0xffffff, 0xffffff, 0xffffff, 0xffffff, 0xffffff, 0xffffff, 0xffffff, 0xffffff, 0xffffff, 0xffffff, 0xffffff, 0x000000, 0xfa00ff, 0xfa00ff, 0xfa00ff, 0xfa00ff, 0x000000, 0x000000, 0xffffff, 0x000000, 0x000000, 0x000000, 0x000000, 0xff0000, 0xff0000, 0xff7e00, 0xff7e00, 0xffee00, 0xffee00, 0x25ff00, 0x25ff00, 0x25ff00, 0x2500ff, 0x2500ff, 0x2500ff, 0xfa00ff, 0xfa00ff, 0xfa00ff, 
  0x000000, 0x000000, 0x000000, 0x000000, 0x000000, 0x000000, 0x000000, 0x000000, 0x000000, 0x000000, 0xffee00, 0xffee00, 0x000000, 0x000000, 0x000000, 0x000000, 0xffffff, 0x000000, 0x000000, 0x000000, 0x000000, 0x000000, 0x000000, 0x000000, 0x000000, 0xffffff, 0xffffff, 0xffffff, 0xffffff, 0xffffff, 0xffffff, 0xffffff, 0xffffff, 0xffffff, 0xffffff, 0xffffff, 0xffffff, 0x000000, 0x000000, 0xfa00ff, 0xfa00ff, 0x000000, 0x000000, 0x000000, 0x000000, 0x000000, 0x000000, 0x000000, 0x000000, 0xff0000, 0xff0000, 0xff7e00, 0xff7e00, 0xffee00, 0xffee00, 0x25ff00, 0x25ff00, 0x2500ff, 0x2500ff, 0x2500ff, 0xfa00ff, 0xfa00ff, 0xfa00ff, 0x000000, 
  0x000000, 0x000000, 0x000000, 0x000000, 0x000000, 0x000000, 0x000000, 0x000000, 0x000000, 0x000000, 0x000000, 0x000000, 0x000000, 0x000000, 0x000000, 0x000000, 0x000000, 0x000000, 0x000000, 0x000000, 0x000000, 0x000000, 0x000000, 0x000000, 0x000000, 0xffffff, 0xffffff, 0xffffff, 0x000000, 0x000000, 0x000000, 0x000000, 0xffffff, 0xffffff, 0xffffff, 0xffffff, 0x000000, 0x000000, 0x000000, 0x000000, 0x000000, 0x000000, 0x000000, 0x000000, 0x000000, 0x000000, 0x000000, 0x000000, 0x000000, 0xff0000, 0xff0000, 0xff7e00, 0xff7e00, 0xffee00, 0xffee00, 0x25ff00, 0x25ff00, 0x2500ff, 0x2500ff, 0xfa00ff, 0xfa00ff, 0xfa00ff, 0x000000, 0x000000, 
  0x000000, 0x000000, 0x000000, 0x000000, 0x000000, 0x000000, 0x000000, 0x000000, 0x000000, 0x000000, 0x000000, 0x000000, 0x000000, 0x000000, 0x000000, 0x000000, 0x000000, 0x000000, 0x000000, 0x000000, 0x000000, 0x000000, 0x000000, 0x000000, 0x000000, 0xffffff, 0xffffff, 0xffffff, 0x000000, 0x000000, 0x000000, 0x000000, 0x000000, 0xffffff, 0xffffff, 0xffffff, 0x000000, 0x000000, 0x000000, 0x000000, 0x000000, 0x000000, 0x000000, 0x000000, 0x000000, 0x000000, 0xffffff, 0x000000, 0xff0000, 0xff0000, 0xff7e00, 0xff7e00, 0xffee00, 0xffee00, 0x25ff00, 0x25ff00, 0x2500ff, 0x2500ff, 0xfa00ff, 0xfa00ff, 0xfa00ff, 0x000000, 0x000000, 0x000000, 
  0x000000, 0xffee00, 0xffee00, 0x000000, 0x000000, 0x000000, 0x000000, 0xffffff, 0x000000, 0x000000, 0x000000, 0x000000, 0x000000, 0x000000, 0x000000, 0x000000, 0x000000, 0xffee00, 0xffee00, 0x000000, 0xffffff, 0x000000, 0x000000, 0x000000, 0x000000, 0x000000, 0xffffff, 0xffffff, 0x000000, 0x000000, 0x000000, 0x000000, 0x000000, 0xffffff, 0xffffff, 0xffffff, 0x000000, 0x000000, 0x000000, 0xffffff, 0x000000, 0xffee00, 0xffee00, 0x000000, 0x000000, 0x000000, 0x000000, 0x000000, 0xff0000, 0xff0000, 0xff7e00, 0xff7e00, 0xffee00, 0xffee00, 0x25ff00, 0x25ff00, 0x2500ff, 0x2500ff, 0xfa00ff, 0xfa00ff, 0x000000, 0x000000, 0x000000, 0x000000, 
  0xffee00, 0xffee00, 0xffffff, 0xffee00, 0x000000, 0x000000, 0x000000, 0x000000, 0x000000, 0x000000, 0xffee00, 0xffee00, 0x000000, 0x000000, 0x000000, 0x000000, 0xffee00, 0xffee00, 0xffffff, 0xffee00, 0x000000, 0x000000, 0x000000, 0x000000, 0x000000, 0xffffff, 0xffffff, 0x000000, 0x000000, 0x000000, 0x000000, 0x000000, 0x000000, 0xffffff, 0xffffff, 0x000000, 0x000000, 0x000000, 0x000000, 0x000000, 0xffee00, 0xffee00, 0xffffff, 0xffee00, 0x000000, 0x000000, 0x000000, 0x000000, 0xff0000, 0xff0000, 0xff7e00, 0xff7e00, 0xffee00, 0xffee00, 0x25ff00, 0x25ff00, 0x2500ff, 0x2500ff, 0xfa00ff, 0xfa00ff, 0x000000, 0x000000, 0x000000, 0x000000
};

void drawUnicornFuel(){
  for (int xval = 0; xval < 64; xval++){
    for (int yval = 0; yval < 16; yval++){
      int idx = 64 * yval + xval;
      int hex = RAINBOW_UNICORN_FUEL[idx];
      RGB color = colorConverter(hex);
      matrix.drawPixel(xval, yval, matrix.color565(color.r, color.g, color.b));
    }
  }
  matrix.show();
}

#define FIRST_AGE_HEIGHT 16
#define FIRST_AGE_WIDTH 64

// array size is 3072
static const uint32_t FIRST_AGE[] PROGMEM  = {
  0x000000, 0x000000, 0x000000, 0x000000, 0x000000, 0x000000, 0x000000, 0x000000, 0x000000, 0x000000, 0x000000, 0x000000, 0x000000, 0x000000, 0x000000, 0x000000, 0x000000, 0x000000, 0x000000, 0xffffff, 0xffffff, 0xffffff, 0xffffff, 0x000000, 0x000000, 0xffffff, 0x000000, 0x000000, 0xffffff, 0xffffff, 0xffffff, 0xffffff, 0x000000, 0x000000, 0xffffff, 0xffffff, 0xffffff, 0xffffff, 0xffffff, 0x000000, 0xffffff, 0xffffff, 0xffffff, 0xffffff, 0xffffff, 0xffffff, 0xffffff, 0x000000, 0x000000, 0x000000, 0x000000, 0x000000, 0x000000, 0x000000, 0x000000, 0x000000, 0x000000, 0x000000, 0x000000, 0x000000, 0x000000, 0x000000, 0x000000, 0x000000, 
  0x000000, 0x000000, 0x000000, 0x000000, 0x000000, 0x000000, 0x000000, 0x000000, 0x000000, 0x000000, 0x000000, 0x000000, 0x000000, 0x000000, 0x000000, 0x000000, 0x000000, 0x000000, 0x000000, 0xffffff, 0x000000, 0x000000, 0x000000, 0x000000, 0x000000, 0xffffff, 0x000000, 0x000000, 0xffffff, 0x000000, 0x000000, 0xffffff, 0x000000, 0x000000, 0xffffff, 0x000000, 0x000000, 0x000000, 0x000000, 0x000000, 0x000000, 0x000000, 0x000000, 0xffffff, 0x000000, 0x000000, 0x000000, 0x000000, 0x000000, 0x000000, 0x000000, 0x000000, 0x000000, 0x000000, 0x000000, 0x000000, 0x000000, 0x000000, 0x000000, 0x000000, 0x000000, 0x000000, 0x000000, 0x000000, 
  0x000000, 0x000000, 0x000000, 0x000000, 0x000000, 0x000000, 0x000000, 0x000000, 0x000000, 0x000000, 0x000000, 0x000000, 0x000000, 0x000000, 0x000000, 0x000000, 0x000000, 0x000000, 0x000000, 0xffffff, 0xffffff, 0xffffff, 0xffffff, 0x000000, 0x000000, 0xffffff, 0x000000, 0x000000, 0xffffff, 0x000000, 0xffffff, 0xffffff, 0x000000, 0x000000, 0x000000, 0xffffff, 0xffffff, 0xffffff, 0x000000, 0x000000, 0x000000, 0x000000, 0x000000, 0xffffff, 0x000000, 0x000000, 0x000000, 0x000000, 0x000000, 0x000000, 0x000000, 0x000000, 0x000000, 0x000000, 0x000000, 0x000000, 0x000000, 0x000000, 0x000000, 0x000000, 0x000000, 0x000000, 0x000000, 0x000000, 
  0x000000, 0x000000, 0x000000, 0x000000, 0x000000, 0x000000, 0x000000, 0x000000, 0x000000, 0x000000, 0x000000, 0x000000, 0x000000, 0x000000, 0x000000, 0x000000, 0x000000, 0x000000, 0x000000, 0xffffff, 0x000000, 0x000000, 0x000000, 0x000000, 0x000000, 0xffffff, 0x000000, 0x000000, 0xffffff, 0xffffff, 0xffffff, 0x000000, 0x000000, 0x000000, 0x000000, 0x000000, 0x000000, 0xffffff, 0xffffff, 0x000000, 0x000000, 0x000000, 0x000000, 0xffffff, 0x000000, 0x000000, 0x000000, 0x000000, 0x000000, 0x000000, 0x000000, 0x000000, 0x000000, 0x000000, 0x000000, 0x000000, 0x000000, 0x000000, 0x000000, 0x000000, 0x000000, 0x000000, 0x000000, 0x000000, 
  0x000000, 0x000000, 0x000000, 0x000000, 0x000000, 0x000000, 0x000000, 0x000000, 0x000000, 0x000000, 0x000000, 0x000000, 0x000000, 0x000000, 0x000000, 0x000000, 0x000000, 0x000000, 0x000000, 0xffffff, 0x000000, 0x000000, 0x000000, 0x000000, 0x000000, 0xffffff, 0x000000, 0x000000, 0xffffff, 0x000000, 0x000000, 0xffffff, 0x000000, 0x000000, 0x000000, 0x000000, 0x000000, 0x000000, 0xffffff, 0x000000, 0x000000, 0x000000, 0x000000, 0xffffff, 0x000000, 0x000000, 0x000000, 0x000000, 0x000000, 0x000000, 0x000000, 0x000000, 0x000000, 0x000000, 0x000000, 0x000000, 0x000000, 0x000000, 0x000000, 0x000000, 0x000000, 0x000000, 0x000000, 0x000000, 
  0x000000, 0x000000, 0x000000, 0x000000, 0x000000, 0x000000, 0x000000, 0x000000, 0x000000, 0x000000, 0x000000, 0x000000, 0x000000, 0x000000, 0x000000, 0x000000, 0x000000, 0x000000, 0x000000, 0xffffff, 0x000000, 0x000000, 0x000000, 0x000000, 0x000000, 0xffffff, 0x000000, 0x000000, 0xffffff, 0x000000, 0x000000, 0x000000, 0xffffff, 0x000000, 0xffffff, 0xffffff, 0xffffff, 0xffffff, 0xffffff, 0x000000, 0x000000, 0x000000, 0x000000, 0xffffff, 0x000000, 0x000000, 0x000000, 0x000000, 0x000000, 0x000000, 0x000000, 0x000000, 0x000000, 0x000000, 0x000000, 0x000000, 0x000000, 0x000000, 0x000000, 0x000000, 0x000000, 0x000000, 0x000000, 0x000000, 
  0x000000, 0x000000, 0x000000, 0x000000, 0x000000, 0x000000, 0x000000, 0x000000, 0x000000, 0x000000, 0x000000, 0x000000, 0x000000, 0x000000, 0x000000, 0x000000, 0xffc20e, 0xffc20e, 0xffc20e, 0x000000, 0x000000, 0x000000, 0x000000, 0x000000, 0x000000, 0x000000, 0x000000, 0x000000, 0x000000, 0x000000, 0x000000, 0xffc20e, 0xffc20e, 0xffc20e, 0xffc20e, 0xffc20e, 0x000000, 0x000000, 0x000000, 0x000000, 0x000000, 0x000000, 0xffc20e, 0xffc20e, 0xffc20e, 0xffc20e, 0xffc20e, 0xffc20e, 0xffc20e, 0x000000, 0x000000, 0x000000, 0x000000, 0x000000, 0x000000, 0x000000, 0x000000, 0x000000, 0x000000, 0x000000, 0x000000, 0x000000, 0x000000, 0x000000, 
  0x000000, 0x000000, 0x000000, 0x000000, 0x000000, 0x000000, 0x000000, 0x000000, 0x000000, 0x000000, 0x000000, 0x000000, 0x000000, 0x000000, 0x000000, 0x000000, 0x000000, 0xc78916, 0xffc20e, 0xffc20e, 0x000000, 0x000000, 0x000000, 0x000000, 0x000000, 0x000000, 0x000000, 0x000000, 0x000000, 0x000000, 0xffc20e, 0xffc20e, 0xffc20e, 0xffc20e, 0xffc20e, 0xffc20e, 0xffc20e, 0x000000, 0x000000, 0x000000, 0x000000, 0x000000, 0x000000, 0xc78916, 0xffc20e, 0xffc20e, 0xffc20e, 0xffc20e, 0xffc20e, 0x000000, 0x000000, 0x000000, 0x000000, 0x000000, 0x000000, 0x000000, 0x000000, 0x000000, 0x000000, 0x000000, 0x000000, 0x000000, 0x000000, 0x000000, 
  0x000000, 0x000000, 0x000000, 0x000000, 0x000000, 0x000000, 0x000000, 0x000000, 0x000000, 0x000000, 0x000000, 0x000000, 0x000000, 0x000000, 0x000000, 0x000000, 0xc78916, 0xffc20e, 0xffc20e, 0xffc20e, 0xffc20e, 0x000000, 0x000000, 0x000000, 0x000000, 0x000000, 0x000000, 0x000000, 0x000000, 0xffc20e, 0xffc20e, 0xffc20e, 0x000000, 0x000000, 0x000000, 0xffc20e, 0xffc20e, 0x000000, 0x000000, 0x000000, 0x000000, 0x000000, 0x000000, 0xc78916, 0xffc20e, 0x000000, 0x000000, 0x000000, 0x000000, 0x000000, 0x000000, 0x000000, 0x000000, 0x000000, 0x000000, 0x000000, 0x000000, 0x000000, 0x000000, 0x000000, 0x000000, 0x000000, 0x000000, 0x000000, 
  0x000000, 0x000000, 0x000000, 0x000000, 0x000000, 0x000000, 0x000000, 0x000000, 0x000000, 0x000000, 0x000000, 0x000000, 0x000000, 0x000000, 0x000000, 0x000000, 0xc78916, 0xffc20e, 0xffc20e, 0xffc20e, 0xffc20e, 0x000000, 0x000000, 0x000000, 0x000000, 0x000000, 0x000000, 0x000000, 0xffc20e, 0xffc20e, 0x000000, 0x000000, 0x000000, 0x000000, 0x000000, 0x000000, 0x000000, 0x000000, 0x000000, 0x000000, 0x000000, 0x000000, 0x000000, 0xc78916, 0xffc20e, 0x000000, 0x000000, 0x000000, 0x000000, 0x000000, 0x000000, 0x000000, 0x000000, 0x000000, 0x000000, 0x000000, 0x000000, 0x000000, 0x000000, 0x000000, 0x000000, 0x000000, 0x000000, 0x000000, 
  0x000000, 0x000000, 0x000000, 0x000000, 0x000000, 0x000000, 0x000000, 0x000000, 0x000000, 0x000000, 0x000000, 0x000000, 0x000000, 0x000000, 0x000000, 0xc78916, 0xffc20e, 0xffc20e, 0xffc20e, 0xffc20e, 0xffc20e, 0xffc20e, 0x000000, 0x000000, 0x000000, 0x000000, 0x000000, 0x000000, 0xffc20e, 0xffc20e, 0x000000, 0x000000, 0x000000, 0x000000, 0x000000, 0x000000, 0x000000, 0x000000, 0x000000, 0x000000, 0x000000, 0x000000, 0x000000, 0xc78916, 0xffc20e, 0x000000, 0x000000, 0x000000, 0x000000, 0x000000, 0x000000, 0x000000, 0x000000, 0x000000, 0x000000, 0x000000, 0x000000, 0x000000, 0x000000, 0x000000, 0x000000, 0x000000, 0x000000, 0x000000, 
  0x000000, 0x000000, 0x000000, 0x000000, 0x000000, 0x000000, 0x000000, 0x000000, 0x000000, 0x000000, 0x000000, 0x000000, 0x000000, 0x000000, 0x000000, 0xc78916, 0xffc20e, 0xffc20e, 0x000000, 0xffc20e, 0xffc20e, 0xffc20e, 0x000000, 0x000000, 0x000000, 0x000000, 0x000000, 0x000000, 0xffc20e, 0xffc20e, 0x000000, 0x000000, 0x000000, 0x000000, 0xffc20e, 0xffc20e, 0xffc20e, 0xffc20e, 0x000000, 0x000000, 0x000000, 0x000000, 0x000000, 0xc78916, 0xffc20e, 0x000000, 0x000000, 0xffc20e, 0x000000, 0x000000, 0x000000, 0x000000, 0x000000, 0x000000, 0x000000, 0x000000, 0x000000, 0x000000, 0x000000, 0x000000, 0x000000, 0x000000, 0x000000, 0x000000, 
  0x000000, 0x000000, 0x000000, 0x000000, 0x000000, 0x000000, 0x000000, 0x000000, 0x000000, 0x000000, 0x000000, 0x000000, 0x000000, 0x000000, 0xc78916, 0xffc20e, 0xffc20e, 0xffc20e, 0xffc20e, 0xffc20e, 0xffc20e, 0xffc20e, 0xffc20e, 0x000000, 0x000000, 0x000000, 0x000000, 0x000000, 0xc78916, 0xffc20e, 0x000000, 0x000000, 0x000000, 0x000000, 0x000000, 0x000000, 0xffc20e, 0xffc20e, 0x000000, 0x000000, 0x000000, 0x000000, 0x000000, 0xc78916, 0xffc20e, 0x000000, 0x000000, 0x000000, 0x000000, 0x000000, 0x000000, 0x000000, 0x000000, 0x000000, 0x000000, 0x000000, 0x000000, 0x000000, 0x000000, 0x000000, 0x000000, 0x000000, 0x000000, 0x000000, 
  0x000000, 0x000000, 0x000000, 0x000000, 0x000000, 0x000000, 0x000000, 0x000000, 0x000000, 0x000000, 0x000000, 0x000000, 0x000000, 0x000000, 0xc78916, 0xffc20e, 0x000000, 0x000000, 0x000000, 0x000000, 0x000000, 0xffc20e, 0xffc20e, 0x000000, 0x000000, 0x000000, 0x000000, 0x000000, 0x000000, 0xc78916, 0xffc20e, 0xffc20e, 0x000000, 0x000000, 0x000000, 0xffc20e, 0xffc20e, 0xffc20e, 0x000000, 0x000000, 0x000000, 0x000000, 0x000000, 0xc78916, 0xffc20e, 0x000000, 0x000000, 0x000000, 0x000000, 0x000000, 0x000000, 0x000000, 0x000000, 0x000000, 0x000000, 0x000000, 0x000000, 0x000000, 0x000000, 0x000000, 0x000000, 0x000000, 0x000000, 0x000000, 
  0x000000, 0x000000, 0x000000, 0x000000, 0x000000, 0x000000, 0x000000, 0x000000, 0x000000, 0x000000, 0x000000, 0x000000, 0x000000, 0xc78916, 0xffc20e, 0xffc20e, 0x000000, 0x000000, 0x000000, 0x000000, 0x000000, 0xffc20e, 0xffc20e, 0xffc20e, 0x000000, 0x000000, 0x000000, 0x000000, 0x000000, 0x000000, 0xc78916, 0xffc20e, 0xffc20e, 0xffc20e, 0xffc20e, 0xffc20e, 0xffc20e, 0x000000, 0x000000, 0x000000, 0x000000, 0x000000, 0x000000, 0xc78916, 0xffc20e, 0xffc20e, 0xffc20e, 0xffc20e, 0xffc20e, 0x000000, 0x000000, 0x000000, 0x000000, 0x000000, 0x000000, 0x000000, 0x000000, 0x000000, 0x000000, 0x000000, 0x000000, 0x000000, 0x000000, 0x000000, 
  0x000000, 0x000000, 0x000000, 0x000000, 0x000000, 0x000000, 0x000000, 0x000000, 0x000000, 0x000000, 0x000000, 0x000000, 0x000000, 0xc78916, 0xffc20e, 0x000000, 0x000000, 0x000000, 0x000000, 0x000000, 0x000000, 0x000000, 0xffc20e, 0xffc20e, 0x000000, 0x000000, 0x000000, 0x000000, 0x000000, 0x000000, 0x000000, 0xc78916, 0xc78916, 0xc78916, 0xc78916, 0xffc20e, 0x000000, 0x000000, 0x000000, 0x000000, 0x000000, 0x000000, 0xffc20e, 0xffc20e, 0xffc20e, 0xffc20e, 0xffc20e, 0xffc20e, 0xffc20e, 0x000000, 0x000000, 0x000000, 0x000000, 0x000000, 0x000000, 0x000000, 0x000000, 0x000000, 0x000000, 0x000000, 0x000000, 0x000000, 0x000000, 0x000000
};

void drawAge(){
  for (int xval = 0; xval < 64; xval++){
    for (int yval = 0; yval < 16; yval++){
      int idx = 64 * yval + xval;
      int hex = FIRST_AGE[idx];
      RGB color = colorConverter(hex);
      matrix.drawPixel(xval, yval, matrix.color565(color.r, color.g, color.b));
    }
  }
  matrix.show();
}

#define ANNIVERSARY_HEIGHT 16
#define ANNIVERSARY_WIDTH 64

// array size is 3072
static const uint32_t ANNIVERSARY[] PROGMEM  = {
  0xffc20e, 0xffc20e, 0xffc20e, 0x000000, 0xffc20e, 0xffc20e, 0xffc20e, 0xffc20e, 0x000000, 0xffc20e, 0x000000, 0x000000, 0x000000, 0xffc20e, 0xffc20e, 0xffc20e, 0xffc20e, 0x000000, 0x000000, 0xffc20e, 0xffc20e, 0xffc20e, 0xffc20e, 0xffc20e, 0x000000, 0xffc20e, 0xffc20e, 0xffc20e, 0xffc20e, 0x000000, 0xffc20e, 0xffc20e, 0xffc20e, 0x000000, 0x000000, 0xc78916, 0xc78916, 0xffc20e, 0xffc20e, 0xffc20e, 0xffc20e, 0x000000, 0xffc20e, 0x000000, 0x000000, 0xffc20e, 0x000000, 0x000000, 0xffc20e, 0xffc20e, 0xffc20e, 0xffc20e, 0x000000, 0x000000, 0x000000, 0x000000, 0x000000, 0x000000, 0x000000, 0x000000, 0x000000, 0x000000, 0x000000, 0x000000, 
  0xffc20e, 0x000000, 0x000000, 0x000000, 0xc78916, 0x000000, 0x000000, 0x000000, 0x000000, 0xffc20e, 0x000000, 0x000000, 0x000000, 0xc78916, 0x000000, 0x000000, 0x000000, 0x000000, 0x000000, 0xc78916, 0x000000, 0x000000, 0x000000, 0xffc20e, 0x000000, 0xffc20e, 0x000000, 0x000000, 0xffc20e, 0x000000, 0x000000, 0xc78916, 0xffc20e, 0xffc20e, 0x000000, 0x000000, 0x000000, 0xffc20e, 0x000000, 0x000000, 0xffc20e, 0x000000, 0xffc20e, 0xffc20e, 0x000000, 0xffc20e, 0x000000, 0xffc20e, 0x000000, 0x000000, 0x000000, 0x000000, 0x000000, 0x000000, 0x000000, 0x000000, 0x000000, 0x000000, 0x000000, 0x000000, 0x000000, 0x000000, 0x000000, 0x000000, 
  0xffc20e, 0x000000, 0x000000, 0x000000, 0xc78916, 0x000000, 0xffc20e, 0x000000, 0x000000, 0xc78916, 0x000000, 0x000000, 0x000000, 0xc78916, 0x000000, 0xffc20e, 0x000000, 0x000000, 0x000000, 0xc78916, 0xffc20e, 0xffc20e, 0xffc20e, 0xffc20e, 0x000000, 0xffc20e, 0xc78916, 0xffc20e, 0xffc20e, 0x000000, 0x000000, 0xc78916, 0x000000, 0xffc20e, 0x000000, 0x000000, 0x000000, 0xffc20e, 0x000000, 0x000000, 0xffc20e, 0x000000, 0xffc20e, 0x000000, 0xc78916, 0xffc20e, 0x000000, 0xffc20e, 0x000000, 0xffc20e, 0xffc20e, 0xffc20e, 0x000000, 0x000000, 0x000000, 0x000000, 0x000000, 0x000000, 0x000000, 0x000000, 0x000000, 0x000000, 0x000000, 0x000000, 
  0xc78916, 0x000000, 0x000000, 0x000000, 0xc78916, 0x000000, 0x000000, 0x000000, 0x000000, 0xc78916, 0x000000, 0x000000, 0x000000, 0xc78916, 0x000000, 0x000000, 0x000000, 0x000000, 0x000000, 0xc78916, 0x000000, 0x000000, 0x000000, 0xffc20e, 0x000000, 0xffc20e, 0x000000, 0xc78916, 0x000000, 0x000000, 0xc78916, 0xffc20e, 0xffc20e, 0xffc20e, 0xffc20e, 0x000000, 0x000000, 0xffc20e, 0x000000, 0x000000, 0xffc20e, 0x000000, 0xffc20e, 0x000000, 0x000000, 0xc78916, 0x000000, 0xc78916, 0x000000, 0x000000, 0x000000, 0x000000, 0xffc20e, 0x000000, 0x000000, 0x000000, 0x000000, 0x000000, 0x000000, 0x000000, 0x000000, 0x000000, 0x000000, 0x000000, 
  0xc78916, 0xc78916, 0xffc20e, 0x000000, 0xffc20e, 0xffc20e, 0xffc20e, 0xffc20e, 0x000000, 0xc78916, 0xffc20e, 0xffc20e, 0x000000, 0xffc20e, 0xffc20e, 0xffc20e, 0xffc20e, 0x000000, 0x000000, 0xc78916, 0xffc20e, 0xffc20e, 0xffc20e, 0xffc20e, 0x000000, 0xffc20e, 0x000000, 0x000000, 0xc78916, 0x000000, 0xc78916, 0x000000, 0x000000, 0x000000, 0xffc20e, 0x000000, 0x000000, 0xffc20e, 0x000000, 0x000000, 0xffc20e, 0x000000, 0xffc20e, 0x000000, 0x000000, 0xc78916, 0x000000, 0x000000, 0xc78916, 0xc78916, 0xc78916, 0xffc20e, 0x000000, 0x000000, 0x000000, 0x000000, 0x000000, 0x000000, 0x000000, 0x000000, 0x000000, 0x000000, 0x000000, 0x000000, 
  0x000000, 0x000000, 0x000000, 0x000000, 0x000000, 0x000000, 0x000000, 0x000000, 0x000000, 0x000000, 0x000000, 0x000000, 0x000000, 0x000000, 0x000000, 0x000000, 0x000000, 0x000000, 0x000000, 0x000000, 0x000000, 0x000000, 0x000000, 0x000000, 0x000000, 0x000000, 0x000000, 0x000000, 0x000000, 0x000000, 0x000000, 0x000000, 0x000000, 0x000000, 0x000000, 0x000000, 0x000000, 0x000000, 0x000000, 0x000000, 0x000000, 0x000000, 0x000000, 0x000000, 0x000000, 0x000000, 0x000000, 0x000000, 0x000000, 0x000000, 0x000000, 0x000000, 0x000000, 0x000000, 0x000000, 0x000000, 0x000000, 0x000000, 0x000000, 0x000000, 0x000000, 0x000000, 0x000000, 0x000000, 
  0x000000, 0x000000, 0xffc20e, 0xffc20e, 0xffc20e, 0xffc20e, 0xffc20e, 0xffc20e, 0xffc20e, 0xffc20e, 0xffc20e, 0xffc20e, 0xffc20e, 0xffc20e, 0xffc20e, 0x000000, 0xffc20e, 0xffc20e, 0xffc20e, 0xffc20e, 0xffc20e, 0xffc20e, 0xffc20e, 0xffc20e, 0xffc20e, 0xffc20e, 0xffc20e, 0xffc20e, 0xffc20e, 0x000000, 0x000000, 0x000000, 0x000000, 0x000000, 0x000000, 0x000000, 0x000000, 0x000000, 0x000000, 0x000000, 0x000000, 0x000000, 0x000000, 0x000000, 0x000000, 0x000000, 0x000000, 0x000000, 0x000000, 0x000000, 0x000000, 0x000000, 0x000000, 0x000000, 0x000000, 0x000000, 0x000000, 0x000000, 0x000000, 0x000000, 0x000000, 0x000000, 0x000000, 0x000000, 
  0x000000, 0x000000, 0xffc20e, 0xffc20e, 0xffc20e, 0xffc20e, 0xffc20e, 0xffc20e, 0xffc20e, 0xffc20e, 0xffc20e, 0xffc20e, 0xffc20e, 0xffc20e, 0xffc20e, 0x000000, 0xffc20e, 0xffc20e, 0xffc20e, 0xffc20e, 0xffc20e, 0xffc20e, 0xffc20e, 0xffc20e, 0xffc20e, 0xffc20e, 0xffc20e, 0xffc20e, 0xffc20e, 0x000000, 0x000000, 0x000000, 0x000000, 0x000000, 0x000000, 0x000000, 0x000000, 0x000000, 0x000000, 0x000000, 0x000000, 0x000000, 0x000000, 0x000000, 0x000000, 0x000000, 0x000000, 0x000000, 0x000000, 0x000000, 0x000000, 0x000000, 0x000000, 0x000000, 0x000000, 0x000000, 0x000000, 0x000000, 0x000000, 0x000000, 0x000000, 0x000000, 0x000000, 0x000000, 
  0x000000, 0x000000, 0x000000, 0x000000, 0x000000, 0x000000, 0x000000, 0x000000, 0x000000, 0x000000, 0x000000, 0x000000, 0x000000, 0xffc20e, 0xffc20e, 0x000000, 0xffc20e, 0xc78916, 0x000000, 0x000000, 0x000000, 0x000000, 0x000000, 0x000000, 0x000000, 0x000000, 0x000000, 0x000000, 0x000000, 0x000000, 0x000000, 0xffc20e, 0x000000, 0x000000, 0x000000, 0x000000, 0x000000, 0xffc20e, 0x000000, 0x000000, 0x000000, 0x000000, 0x000000, 0x000000, 0x000000, 0x000000, 0x000000, 0x000000, 0x000000, 0x000000, 0x000000, 0x000000, 0x000000, 0x000000, 0x000000, 0x000000, 0x000000, 0x000000, 0x000000, 0x000000, 0x000000, 0x000000, 0x000000, 0x000000, 
  0x000000, 0x000000, 0x000000, 0x000000, 0x000000, 0x000000, 0x000000, 0x000000, 0x000000, 0x000000, 0x000000, 0x000000, 0x000000, 0xffc20e, 0xffc20e, 0x000000, 0xffc20e, 0xc78916, 0x000000, 0x000000, 0x000000, 0x000000, 0x000000, 0x000000, 0x000000, 0x000000, 0x000000, 0x000000, 0x000000, 0x000000, 0x000000, 0xffc20e, 0xffc20e, 0x000000, 0x000000, 0x000000, 0xffc20e, 0xc78916, 0x000000, 0x000000, 0x000000, 0x000000, 0x000000, 0x000000, 0x000000, 0x000000, 0x000000, 0x000000, 0x000000, 0x000000, 0x000000, 0x000000, 0x000000, 0x000000, 0x000000, 0x000000, 0x000000, 0x000000, 0x000000, 0x000000, 0x000000, 0x000000, 0x000000, 0x000000, 
  0x000000, 0x000000, 0x000000, 0xc78916, 0xffc20e, 0xffc20e, 0xffc20e, 0xffc20e, 0xffc20e, 0xffc20e, 0xffc20e, 0xffc20e, 0xffc20e, 0xffc20e, 0xffc20e, 0x000000, 0xffc20e, 0xc78916, 0xc78916, 0xc78916, 0xc78916, 0xc78916, 0xc78916, 0xc78916, 0xc78916, 0xc78916, 0xc78916, 0x000000, 0x000000, 0x000000, 0x000000, 0x000000, 0xffc20e, 0xffc20e, 0x000000, 0xffc20e, 0xc78916, 0x000000, 0x000000, 0x000000, 0x000000, 0x000000, 0x000000, 0x000000, 0x000000, 0x000000, 0x000000, 0x000000, 0x000000, 0x000000, 0x000000, 0x000000, 0x000000, 0x000000, 0x000000, 0x000000, 0x000000, 0x000000, 0x000000, 0x000000, 0x000000, 0x000000, 0x000000, 0x000000, 
  0x000000, 0x000000, 0xc78916, 0xffc20e, 0xffc20e, 0xffc20e, 0xffc20e, 0xffc20e, 0xffc20e, 0xffc20e, 0xffc20e, 0xffc20e, 0xffc20e, 0xffc20e, 0xffc20e, 0x000000, 0xffc20e, 0xffc20e, 0xffc20e, 0xffc20e, 0xffc20e, 0xffc20e, 0xffc20e, 0xffc20e, 0xffc20e, 0xffc20e, 0xffc20e, 0xc78916, 0x000000, 0x000000, 0x000000, 0x000000, 0x000000, 0xffc20e, 0xffc20e, 0xc78916, 0x000000, 0xffc20e, 0xffc20e, 0xffc20e, 0xffc20e, 0x000000, 0xffc20e, 0xffc20e, 0xffc20e, 0x000000, 0x000000, 0x000000, 0xffc20e, 0xffc20e, 0xffc20e, 0xffc20e, 0x000000, 0xffc20e, 0xffc20e, 0xffc20e, 0xffc20e, 0x000000, 0x000000, 0x000000, 0x000000, 0x000000, 0x000000, 0x000000, 
  0x000000, 0xc78916, 0xffc20e, 0x000000, 0x000000, 0x000000, 0x000000, 0x000000, 0x000000, 0x000000, 0x000000, 0x000000, 0x000000, 0x000000, 0x000000, 0x000000, 0x000000, 0x000000, 0x000000, 0x000000, 0x000000, 0x000000, 0x000000, 0x000000, 0x000000, 0x000000, 0x000000, 0xffc20e, 0xffc20e, 0x000000, 0x000000, 0x000000, 0x000000, 0x000000, 0xc78916, 0x000000, 0x000000, 0xc78916, 0x000000, 0x000000, 0x000000, 0x000000, 0x000000, 0xc78916, 0xffc20e, 0xffc20e, 0x000000, 0x000000, 0xffc20e, 0x000000, 0x000000, 0xffc20e, 0x000000, 0xc78916, 0x000000, 0x000000, 0x000000, 0x000000, 0x000000, 0x000000, 0x000000, 0x000000, 0x000000, 0x000000, 
  0x000000, 0xc78916, 0xffc20e, 0x000000, 0x000000, 0x000000, 0x000000, 0x000000, 0x000000, 0x000000, 0x000000, 0x000000, 0x000000, 0x000000, 0x000000, 0x000000, 0x000000, 0x000000, 0x000000, 0x000000, 0x000000, 0x000000, 0x000000, 0x000000, 0x000000, 0x000000, 0x000000, 0xffc20e, 0xffc20e, 0x000000, 0x000000, 0x000000, 0x000000, 0x000000, 0xc78916, 0x000000, 0x000000, 0xc78916, 0x000000, 0xffc20e, 0x000000, 0x000000, 0x000000, 0xc78916, 0x000000, 0xffc20e, 0x000000, 0x000000, 0xffc20e, 0xc78916, 0xffc20e, 0xffc20e, 0x000000, 0xc78916, 0xffc20e, 0xffc20e, 0xffc20e, 0x000000, 0x000000, 0x000000, 0x000000, 0x000000, 0x000000, 0x000000, 
  0x000000, 0x000000, 0xc78916, 0xffc20e, 0xffc20e, 0xffc20e, 0xffc20e, 0xffc20e, 0xffc20e, 0xffc20e, 0xffc20e, 0xffc20e, 0xffc20e, 0xffc20e, 0xffc20e, 0x000000, 0xffc20e, 0xffc20e, 0xffc20e, 0xffc20e, 0xffc20e, 0xffc20e, 0xffc20e, 0xffc20e, 0xffc20e, 0xffc20e, 0xffc20e, 0xffc20e, 0x000000, 0x000000, 0x000000, 0x000000, 0x000000, 0x000000, 0xffc20e, 0x000000, 0x000000, 0xc78916, 0x000000, 0x000000, 0x000000, 0x000000, 0xc78916, 0xffc20e, 0xffc20e, 0xffc20e, 0xffc20e, 0x000000, 0xffc20e, 0x000000, 0xc78916, 0x000000, 0x000000, 0x000000, 0x000000, 0x000000, 0xffc20e, 0x000000, 0x000000, 0x000000, 0x000000, 0x000000, 0x000000, 0x000000, 
  0x000000, 0x000000, 0x000000, 0xc78916, 0xc78916, 0xc78916, 0xc78916, 0xc78916, 0xc78916, 0xc78916, 0xc78916, 0xc78916, 0xc78916, 0xc78916, 0xc78916, 0x000000, 0xffc20e, 0xffc20e, 0xffc20e, 0xffc20e, 0xffc20e, 0xffc20e, 0xffc20e, 0xffc20e, 0xffc20e, 0xffc20e, 0xffc20e, 0x000000, 0x000000, 0x000000, 0x000000, 0x000000, 0x000000, 0x000000, 0xffc20e, 0x000000, 0x000000, 0xffc20e, 0xffc20e, 0xffc20e, 0xffc20e, 0x000000, 0xc78916, 0x000000, 0x000000, 0x000000, 0xffc20e, 0x000000, 0xffc20e, 0x000000, 0x000000, 0xc78916, 0x000000, 0xffc20e, 0xffc20e, 0xc78916, 0xc78916, 0x000000, 0x000000, 0x000000, 0x000000, 0x000000, 0x000000, 0x000000
};

void drawAnniversary(){
  for (int xval = 0; xval < 64; xval++){
    for (int yval = 0; yval < 16; yval++){
      int idx = 64 * yval + xval;
      int hex = ANNIVERSARY[idx];
      RGB color = colorConverter(hex);
      matrix.drawPixel(xval, yval, matrix.color565(color.r, color.g, color.b));
    }
  }
  matrix.show();
}

#define FUEL_BEE_HEIGHT 16
#define FUEL_BEE_WIDTH 64

// array size is 3072
static const uint32_t FUEL_BEE[] PROGMEM  = {
  0x000000, 0x000000, 0x000000, 0x000000, 0x000000, 0x000000, 0x000000, 0x000000, 0x000000, 0xe8b303, 0xe8b303, 0xe8b303, 0xe8b303, 0xe8b303, 0xe8b303, 0xe8b303, 0xe8b303, 0xe8b303, 0xe8b303, 0xe8b303, 0xe8b303, 0xe8b303, 0xe8b303, 0xe8b303, 0xe8b303, 0xe8b303, 0xe8b303, 0xe8b303, 0xe8b303, 0xe8b303, 0xe8b303, 0xe8b303, 0xe8b303, 0xe8b303, 0xe8b303, 0xe8b303, 0xe8b303, 0xe8b303, 0xe8b303, 0xe8b303, 0xe8b303, 0x000000, 0x000000, 0x000000, 0x000000, 0x000000, 0x000000, 0x000000, 0x000000, 0x000000, 0x000000, 0x000000, 0x000000, 0x000000, 0x000000, 0x000000, 0x000000, 0x000000, 0x000000, 0x000000, 0x000000, 0x000000, 0x000000, 0x000000, 
  0x000000, 0x000000, 0x000000, 0x000000, 0x000000, 0x000000, 0x000000, 0xe8b303, 0xe8b303, 0x000000, 0x000000, 0x000000, 0x000000, 0x000000, 0x000000, 0x000000, 0x000000, 0x000000, 0x000000, 0x000000, 0x000000, 0x000000, 0x000000, 0x000000, 0x000000, 0x000000, 0x000000, 0x000000, 0x000000, 0x000000, 0x000000, 0x000000, 0x000000, 0xe8b303, 0xe8b303, 0xe8b303, 0xe8b303, 0xe8b303, 0xe8b303, 0xe8b303, 0xe8b303, 0xe8b303, 0xe8b303, 0x000000, 0x000000, 0x000000, 0x000000, 0x000000, 0x000000, 0x000000, 0x000000, 0x000000, 0x000000, 0x000000, 0x000000, 0x000000, 0x000000, 0x000000, 0x000000, 0x000000, 0x000000, 0x000000, 0x000000, 0x000000, 
  0x000000, 0x000000, 0x000000, 0x000000, 0x000000, 0x000000, 0xe8b303, 0x000000, 0x000000, 0x000000, 0x000000, 0x000000, 0x000000, 0xe8b303, 0x000000, 0x000000, 0xe8b303, 0x000000, 0x000000, 0x000000, 0xe8b303, 0x000000, 0x000000, 0xe8b303, 0x000000, 0x000000, 0xe8b303, 0x000000, 0x000000, 0xe8b303, 0xe8b303, 0xe8b303, 0xe8b303, 0xe8b303, 0xe8b303, 0xe8b303, 0xe8b303, 0x000000, 0x000000, 0xe8b303, 0xe8b303, 0xe8b303, 0xe8b303, 0xe8b303, 0x000000, 0x000000, 0x000000, 0x000000, 0x000000, 0x000000, 0x000000, 0xe8b303, 0xe8b303, 0x000000, 0x000000, 0x000000, 0xe8b303, 0xe8b303, 0xe8b303, 0x000000, 0x000000, 0x000000, 0x000000, 0x000000, 
  0x000000, 0x000000, 0x000000, 0x000000, 0x000000, 0xe8b303, 0x000000, 0x000000, 0x000000, 0x000000, 0xe8b303, 0x000000, 0x000000, 0xe8b303, 0x000000, 0x000000, 0xe8b303, 0x000000, 0x000000, 0x000000, 0xe8b303, 0x000000, 0x000000, 0x000000, 0xe8b303, 0x000000, 0xe8b303, 0xe8b303, 0xe8b303, 0x000000, 0x000000, 0xe8b303, 0xe8b303, 0xe8b303, 0xe8b303, 0xe8b303, 0xe8b303, 0x000000, 0x000000, 0xe8b303, 0xe8b303, 0xe8b303, 0xe8b303, 0xe8b303, 0xe8b303, 0x000000, 0x000000, 0x000000, 0x000000, 0xe8b303, 0xe8b303, 0xe8b303, 0xe8b303, 0xe8b303, 0xe8b303, 0xe8b303, 0x000000, 0x000000, 0x000000, 0xe8b303, 0xe8b303, 0x000000, 0x000000, 0x000000, 
  0x000000, 0x000000, 0x000000, 0x000000, 0x000000, 0xe8b303, 0x000000, 0xe8b303, 0x000000, 0x000000, 0xe8b303, 0x000000, 0x000000, 0xe8b303, 0x000000, 0x000000, 0x000000, 0xe8b303, 0x000000, 0x000000, 0x000000, 0xe8b303, 0x000000, 0x000000, 0xe8b303, 0xe8b303, 0x000000, 0x000000, 0x000000, 0x000000, 0x000000, 0xe8b303, 0xe8b303, 0xe8b303, 0xe8b303, 0xe8b303, 0xe8b303, 0x000000, 0x000000, 0xe8b303, 0xe8b303, 0xe8b303, 0xe8b303, 0xe8b303, 0xe8b303, 0x000000, 0x000000, 0xe8b303, 0xe8b303, 0xe8b303, 0xe8b303, 0xe8b303, 0xe8b303, 0xe8b303, 0xe8b303, 0xe8b303, 0xe8b303, 0x000000, 0x000000, 0x000000, 0xe8b303, 0x000000, 0x000000, 0x000000, 
  0x000000, 0x000000, 0x000000, 0x000000, 0x000000, 0xe8b303, 0x000000, 0xe8b303, 0x000000, 0x000000, 0x000000, 0xe8b303, 0x000000, 0x000000, 0xe8b303, 0x000000, 0x000000, 0xe8b303, 0x000000, 0x000000, 0x000000, 0x000000, 0xe8b303, 0xe8b303, 0x000000, 0x000000, 0x000000, 0xe8b303, 0xe8b303, 0x000000, 0xe8b303, 0xe8b303, 0xe8b303, 0xe8b303, 0xe8b303, 0xe8b303, 0xe8b303, 0x000000, 0x000000, 0xe8b303, 0xe8b303, 0xe8b303, 0xe8b303, 0xe8b303, 0xe8b303, 0xe8b303, 0x000000, 0xe8b303, 0xe8b303, 0xe8b303, 0xe8b303, 0xe8b303, 0xe8b303, 0xe8b303, 0x000000, 0xffffff, 0xe8b303, 0xe8b303, 0x000000, 0x000000, 0x000000, 0x000000, 0x000000, 0x000000, 
  0x000000, 0x000000, 0x000000, 0x000000, 0x000000, 0xe8b303, 0x000000, 0x000000, 0xe8b303, 0x000000, 0x000000, 0xe8b303, 0x000000, 0x000000, 0xe8b303, 0x000000, 0x000000, 0x000000, 0xe8b303, 0x000000, 0x000000, 0xe8b303, 0xe8b303, 0x000000, 0x000000, 0xe8b303, 0x000000, 0xe8b303, 0xe8b303, 0x000000, 0xe8b303, 0xe8b303, 0xe8b303, 0xe8b303, 0xe8b303, 0xe8b303, 0xe8b303, 0x000000, 0x000000, 0xe8b303, 0xe8b303, 0xe8b303, 0xe8b303, 0xe8b303, 0xe8b303, 0xe8b303, 0x000000, 0xe8b303, 0xe8b303, 0xe8b303, 0xe8b303, 0xe8b303, 0xe8b303, 0xe8b303, 0x000000, 0x000000, 0xffffff, 0xe8b303, 0x000000, 0x000000, 0x000000, 0x000000, 0x000000, 0x000000, 
  0x000000, 0x000000, 0x000000, 0x000000, 0x000000, 0xe8b303, 0x000000, 0x000000, 0x000000, 0xe8b303, 0x000000, 0x000000, 0xe8b303, 0x000000, 0x000000, 0xe8b303, 0x000000, 0x000000, 0x000000, 0xe8b303, 0xe8b303, 0x000000, 0x000000, 0x000000, 0xe8b303, 0xe8b303, 0x000000, 0xe8b303, 0xe8b303, 0x000000, 0xe8b303, 0xe8b303, 0xe8b303, 0xe8b303, 0xe8b303, 0xe8b303, 0xe8b303, 0x000000, 0x000000, 0xe8b303, 0xe8b303, 0xe8b303, 0xe8b303, 0xe8b303, 0xe8b303, 0xe8b303, 0x000000, 0xe8b303, 0xe8b303, 0xe8b303, 0xe8b303, 0xe8b303, 0xe8b303, 0xe8b303, 0x000000, 0x000000, 0xffffff, 0xe8b303, 0x000000, 0x000000, 0x000000, 0x000000, 0x000000, 0x000000, 
  0x000000, 0x000000, 0x000000, 0x000000, 0x000000, 0xe8b303, 0x000000, 0x000000, 0x000000, 0xe8b303, 0x000000, 0x000000, 0x000000, 0xe8b303, 0x000000, 0x000000, 0xe8b303, 0xe8b303, 0xe8b303, 0x000000, 0x000000, 0x000000, 0xe8b303, 0x000000, 0xe8b303, 0xe8b303, 0x000000, 0xe8b303, 0xe8b303, 0x000000, 0xe8b303, 0xe8b303, 0xe8b303, 0xe8b303, 0xe8b303, 0xe8b303, 0xe8b303, 0x000000, 0x000000, 0xe8b303, 0xe8b303, 0xe8b303, 0xe8b303, 0xe8b303, 0xe8b303, 0xe8b303, 0x000000, 0xe8b303, 0xe8b303, 0xe8b303, 0xe8b303, 0xe8b303, 0xe8b303, 0xe8b303, 0xe8b303, 0x000000, 0x000000, 0xe8b303, 0x000000, 0x000000, 0x000000, 0x000000, 0x000000, 0x000000, 
  0x000000, 0x000000, 0x000000, 0x000000, 0x000000, 0x000000, 0xe8b303, 0x000000, 0x000000, 0x000000, 0xe8b303, 0xe8b303, 0x000000, 0x000000, 0xe8b303, 0xe8b303, 0x000000, 0x000000, 0x000000, 0x000000, 0x000000, 0xe8b303, 0xe8b303, 0x000000, 0xe8b303, 0xe8b303, 0x000000, 0xe8b303, 0xe8b303, 0x000000, 0xe8b303, 0xe8b303, 0xe8b303, 0xe8b303, 0xe8b303, 0xe8b303, 0xe8b303, 0xe8b303, 0xe8b303, 0xe8b303, 0xe8b303, 0xe8b303, 0xe8b303, 0xe8b303, 0xe8b303, 0xe8b303, 0x000000, 0xe8b303, 0xe8b303, 0xe8b303, 0xe8b303, 0xe8b303, 0xe8b303, 0xe8b303, 0xe8b303, 0xe8b303, 0x000000, 0xe8b303, 0x000000, 0x000000, 0x000000, 0x000000, 0x000000, 0x000000, 
  0x000000, 0x000000, 0x000000, 0x000000, 0x000000, 0x000000, 0xe8b303, 0x000000, 0x000000, 0x000000, 0x000000, 0x000000, 0xe8b303, 0xe8b303, 0x000000, 0x000000, 0x000000, 0x000000, 0xe8b303, 0xe8b303, 0x000000, 0xe8b303, 0xe8b303, 0x000000, 0xe8b303, 0xe8b303, 0x000000, 0xe8b303, 0xe8b303, 0x000000, 0xe8b303, 0xe8b303, 0xe8b303, 0xe8b303, 0xe8b303, 0xe8b303, 0xe8b303, 0xe8b303, 0xe8b303, 0xe8b303, 0xe8b303, 0xe8b303, 0xe8b303, 0xe8b303, 0xe8b303, 0xe8b303, 0x000000, 0xe8b303, 0xe8b303, 0xe8b303, 0xe8b303, 0xe8b303, 0xe8b303, 0xe8b303, 0xe8b303, 0xe8b303, 0xe8b303, 0xe8b303, 0x000000, 0x000000, 0x000000, 0x000000, 0x000000, 0x000000, 
  0x000000, 0x000000, 0x000000, 0x000000, 0x000000, 0x000000, 0x000000, 0xe8b303, 0xe8b303, 0xe8b303, 0xe8b303, 0xe8b303, 0x000000, 0x000000, 0x000000, 0xe8b303, 0xe8b303, 0x000000, 0xe8b303, 0xe8b303, 0x000000, 0xe8b303, 0xe8b303, 0x000000, 0xe8b303, 0xe8b303, 0x000000, 0xe8b303, 0xe8b303, 0x000000, 0x000000, 0xe8b303, 0xe8b303, 0xe8b303, 0xe8b303, 0xe8b303, 0xe8b303, 0x000000, 0x000000, 0xe8b303, 0xe8b303, 0xe8b303, 0xe8b303, 0xe8b303, 0xe8b303, 0x000000, 0x000000, 0xe8b303, 0xe8b303, 0xe8b303, 0xe8b303, 0xe8b303, 0xe8b303, 0xe8b303, 0xe8b303, 0xe8b303, 0xe8b303, 0xe8b303, 0x000000, 0x000000, 0x000000, 0x000000, 0x000000, 0x000000, 
  0x000000, 0x000000, 0x000000, 0x000000, 0x000000, 0x000000, 0x000000, 0x000000, 0x000000, 0x000000, 0x000000, 0x000000, 0x000000, 0xe8b303, 0x000000, 0xe8b303, 0xe8b303, 0x000000, 0xe8b303, 0xe8b303, 0x000000, 0xe8b303, 0xe8b303, 0x000000, 0xe8b303, 0xe8b303, 0x000000, 0xe8b303, 0xe8b303, 0xe8b303, 0x000000, 0xe8b303, 0xe8b303, 0xe8b303, 0xe8b303, 0xe8b303, 0xe8b303, 0x000000, 0x000000, 0xe8b303, 0xe8b303, 0xe8b303, 0xe8b303, 0xe8b303, 0xe8b303, 0x000000, 0xe8b303, 0xe8b303, 0xe8b303, 0xe8b303, 0xe8b303, 0xe8b303, 0xe8b303, 0xe8b303, 0xe8b303, 0xe8b303, 0xe8b303, 0xe8b303, 0x000000, 0x000000, 0x000000, 0x000000, 0x000000, 0x000000, 
  0x000000, 0x000000, 0x000000, 0x000000, 0x000000, 0x000000, 0x000000, 0x000000, 0x000000, 0x000000, 0x000000, 0x000000, 0xe8b303, 0xe8b303, 0xe8b303, 0x000000, 0xe8b303, 0xe8b303, 0x000000, 0xe8b303, 0xe8b303, 0x000000, 0xe8b303, 0xe8b303, 0x000000, 0xe8b303, 0xe8b303, 0x000000, 0xe8b303, 0xe8b303, 0x000000, 0x000000, 0xe8b303, 0xe8b303, 0xe8b303, 0xe8b303, 0xe8b303, 0xe8b303, 0xe8b303, 0xe8b303, 0xe8b303, 0xe8b303, 0xe8b303, 0xe8b303, 0x000000, 0x000000, 0x000000, 0xe8b303, 0xe8b303, 0xe8b303, 0xe8b303, 0xe8b303, 0xe8b303, 0xe8b303, 0xe8b303, 0xe8b303, 0xe8b303, 0x000000, 0x000000, 0x000000, 0x000000, 0x000000, 0x000000, 0x000000, 
  0x000000, 0x000000, 0x000000, 0x000000, 0x000000, 0x000000, 0x000000, 0x000000, 0x000000, 0x000000, 0xe8b303, 0xe8b303, 0x000000, 0xe8b303, 0xe8b303, 0x000000, 0xe8b303, 0xe8b303, 0x000000, 0xe8b303, 0xe8b303, 0x000000, 0xe8b303, 0xe8b303, 0x000000, 0xe8b303, 0xe8b303, 0x000000, 0xe8b303, 0xe8b303, 0xe8b303, 0x000000, 0x000000, 0xe8b303, 0xe8b303, 0xe8b303, 0xe8b303, 0xe8b303, 0xe8b303, 0xe8b303, 0xe8b303, 0xe8b303, 0xe8b303, 0x000000, 0x000000, 0x000000, 0x000000, 0x000000, 0x000000, 0xe8b303, 0xe8b303, 0xe8b303, 0xe8b303, 0xe8b303, 0xe8b303, 0x000000, 0x000000, 0x000000, 0x000000, 0x000000, 0x000000, 0x000000, 0x000000, 0x000000, 
  0x000000, 0x000000, 0x000000, 0x000000, 0x000000, 0x000000, 0x000000, 0x000000, 0x000000, 0x000000, 0x000000, 0x000000, 0xe8b303, 0x000000, 0xe8b303, 0xe8b303, 0x000000, 0xe8b303, 0xe8b303, 0x000000, 0xe8b303, 0xe8b303, 0x000000, 0xe8b303, 0xe8b303, 0x000000, 0xe8b303, 0xe8b303, 0x000000, 0xe8b303, 0xe8b303, 0xe8b303, 0x000000, 0x000000, 0x000000, 0xe8b303, 0xe8b303, 0xe8b303, 0xe8b303, 0xe8b303, 0xe8b303, 0x000000, 0x000000, 0x000000, 0x000000, 0x000000, 0x000000, 0x000000, 0x000000, 0x000000, 0x000000, 0xe8b303, 0xe8b303, 0x000000, 0x000000, 0x000000, 0x000000, 0x000000, 0x000000, 0x000000, 0x000000, 0x000000, 0x000000, 0x000000
};

void drawFuelBee(){
  for (int xval = 0; xval < 64; xval++){
    for (int yval = 0; yval < 16; yval++){
      int idx = 64 * yval + xval;
      int hex = FUEL_BEE[idx];
      RGB color = colorConverter(hex);
      matrix.drawPixel(xval, yval, matrix.color565(color.r, color.g, color.b));
    }
  }
  matrix.show();
}

#define CEMENT_TRUCK_HEIGHT 16
#define CEMENT_TRUCK_WIDTH 64

// array size is 3072
static const uint32_t CEMENT_TRUCK[] PROGMEM  = {
  0x000000, 0x000000, 0x000000, 0x000000, 0x000000, 0x000000, 0x000000, 0x000000, 0x000000, 0x000000, 0x000000, 0x000000, 0xbbb6b6, 0xbbb6b6, 0xbbb6b6, 0xbbb6b6, 0xbbb6b6, 0x000000, 0x000000, 0x000000, 0x000000, 0x000000, 0x000000, 0x000000, 0x000000, 0x000000, 0x000000, 0x000000, 0x000000, 0x000000, 0x000000, 0x000000, 0x000000, 0x000000, 0x000000, 0x000000, 0x000000, 0x000000, 0x000000, 0x000000, 0x000000, 0x000000, 0x000000, 0x000000, 0x000000, 0x000000, 0x000000, 0x000000, 0x000000, 0x000000, 0x000000, 0x000000, 0x000000, 0x000000, 0x000000, 0x000000, 0x000000, 0x000000, 0x000000, 0x000000, 0x000000, 0x000000, 0x000000, 0x000000, 
  0x000000, 0x000000, 0x000000, 0x000000, 0x000000, 0x000000, 0x000000, 0x000000, 0x000000, 0x000000, 0x000000, 0x807b7b, 0x807b7b, 0xbbb6b6, 0xbbb6b6, 0xbbb6b6, 0xbbb6b6, 0xbbb6b6, 0xbbb6b6, 0xbbb6b6, 0xbbb6b6, 0x000000, 0x000000, 0x000000, 0x000000, 0x000000, 0x000000, 0x000000, 0x000000, 0x000000, 0x000000, 0x000000, 0x000000, 0x000000, 0x000000, 0x000000, 0x000000, 0x000000, 0x000000, 0x000000, 0x000000, 0x000000, 0x000000, 0x000000, 0x000000, 0x000000, 0x000000, 0x000000, 0x000000, 0x000000, 0x000000, 0x000000, 0x000000, 0x000000, 0x000000, 0x000000, 0x000000, 0x000000, 0x000000, 0x000000, 0x000000, 0x000000, 0x000000, 0x000000, 
  0x000000, 0x000000, 0x000000, 0x000000, 0x000000, 0x000000, 0x000000, 0x000000, 0x000000, 0x000000, 0x000000, 0x807b7b, 0x807b7b, 0x807b7b, 0xbbb6b6, 0xbbb6b6, 0xbbb6b6, 0xbbb6b6, 0xbbb6b6, 0xbbb6b6, 0xbbb6b6, 0xbbb6b6, 0xbbb6b6, 0xbbb6b6, 0x000000, 0x000000, 0x000000, 0x000000, 0x000000, 0x000000, 0x000000, 0x000000, 0x000000, 0x000000, 0x000000, 0x000000, 0x000000, 0x000000, 0x000000, 0x000000, 0x000000, 0x000000, 0x000000, 0x000000, 0x000000, 0x000000, 0x000000, 0x000000, 0x000000, 0x000000, 0x000000, 0x000000, 0x000000, 0x000000, 0x000000, 0x000000, 0x000000, 0x000000, 0x000000, 0x000000, 0x000000, 0x000000, 0x000000, 0x000000, 
  0x000000, 0x000000, 0x000000, 0x000000, 0x000000, 0x000000, 0x000000, 0x000000, 0x000000, 0x000000, 0x000000, 0x807b7b, 0x807b7b, 0x807b7b, 0x807b7b, 0xbbb6b6, 0xbbb6b6, 0xbbb6b6, 0xbbb6b6, 0xbbb6b6, 0xbbb6b6, 0xbbb6b6, 0xbbb6b6, 0xbbb6b6, 0xbbb6b6, 0x000000, 0x000000, 0x000000, 0x000000, 0x000000, 0x000000, 0x000000, 0x000000, 0x000000, 0x000000, 0x000000, 0x000000, 0x000000, 0x000000, 0x000000, 0x000000, 0x000000, 0x000000, 0x000000, 0x000000, 0x000000, 0x000000, 0x000000, 0x000000, 0x000000, 0x000000, 0x000000, 0x000000, 0x000000, 0x000000, 0x000000, 0x000000, 0x000000, 0x000000, 0x000000, 0x000000, 0x000000, 0x000000, 0x000000, 
  0x000000, 0x000000, 0x000000, 0x000000, 0x000000, 0x000000, 0x000000, 0x000000, 0x000000, 0x000000, 0x000000, 0x000000, 0xbbb6b6, 0xbbb6b6, 0x807b7b, 0x807b7b, 0x807b7b, 0xbbb6b6, 0xbbb6b6, 0xbbb6b6, 0xbbb6b6, 0xbbb6b6, 0xbbb6b6, 0xbbb6b6, 0xbbb6b6, 0x000000, 0x000000, 0x000000, 0xcc2600, 0xcc2600, 0xff0000, 0xff0000, 0xff0000, 0xff0000, 0xff0000, 0x000000, 0x000000, 0x000000, 0x000000, 0x000000, 0x000000, 0x000000, 0x000000, 0x000000, 0x000000, 0x000000, 0x000000, 0x000000, 0x000000, 0x000000, 0x000000, 0x000000, 0x000000, 0x000000, 0x000000, 0x000000, 0x000000, 0x000000, 0x000000, 0x000000, 0x000000, 0x000000, 0x000000, 0x000000, 
  0x000000, 0x000000, 0x000000, 0x000000, 0x000000, 0x000000, 0x000000, 0x000000, 0x000000, 0x000000, 0x000000, 0x000000, 0xbbb6b6, 0xbbb6b6, 0x807b7b, 0x807b7b, 0x807b7b, 0x807b7b, 0x807b7b, 0xbbb6b6, 0xbbb6b6, 0xbbb6b6, 0xbbb6b6, 0xbbb6b6, 0xbbb6b6, 0x000000, 0x000000, 0x000000, 0x000000, 0xcc2600, 0xcc2600, 0xcc2600, 0xcc2600, 0xff0000, 0xff0000, 0xff0000, 0xff0000, 0xff0000, 0x000000, 0x000000, 0x000000, 0x000000, 0x000000, 0x000000, 0x000000, 0x000000, 0x000000, 0x000000, 0x000000, 0x000000, 0x000000, 0x000000, 0x000000, 0x000000, 0x000000, 0x000000, 0x000000, 0x000000, 0x000000, 0x000000, 0x000000, 0x000000, 0x000000, 0x000000, 
  0x000000, 0x000000, 0x000000, 0x000000, 0x000000, 0x000000, 0x000000, 0x000000, 0x000000, 0x000000, 0x000000, 0x000000, 0xbbb6b6, 0xbbb6b6, 0x807b7b, 0x807b7b, 0x807b7b, 0x807b7b, 0x807b7b, 0x807b7b, 0x807b7b, 0xbbb6b6, 0xbbb6b6, 0x807b7b, 0x807b7b, 0x000000, 0x000000, 0x000000, 0x000000, 0xcc2600, 0xcc2600, 0xcc2600, 0xcc2600, 0xcc2600, 0xbbb6b6, 0xbbb6b6, 0xffffff, 0xffffff, 0x000000, 0x000000, 0x000000, 0x000000, 0x000000, 0x000000, 0x000000, 0x000000, 0x000000, 0x000000, 0x000000, 0x000000, 0x000000, 0x000000, 0x000000, 0x000000, 0x000000, 0x000000, 0x000000, 0x000000, 0x000000, 0x000000, 0x000000, 0x000000, 0x000000, 0x000000, 
  0x000000, 0x000000, 0x000000, 0x000000, 0x000000, 0x000000, 0x000000, 0x000000, 0x000000, 0x000000, 0x000000, 0x000000, 0xbbb6b6, 0xbbb6b6, 0xbbb6b6, 0x807b7b, 0x807b7b, 0x807b7b, 0x807b7b, 0x807b7b, 0x807b7b, 0x807b7b, 0x807b7b, 0x807b7b, 0x807b7b, 0x000000, 0x000000, 0x000000, 0x000000, 0xcc2600, 0xcc2600, 0xcc2600, 0xcc2600, 0xcc2600, 0xbbb6b6, 0xbbb6b6, 0xbbb6b6, 0xbbb6b6, 0xffffff, 0x000000, 0x000000, 0x000000, 0x000000, 0x000000, 0x000000, 0x000000, 0x000000, 0x000000, 0x000000, 0x000000, 0x000000, 0x000000, 0x000000, 0x000000, 0x000000, 0x000000, 0x000000, 0x000000, 0x000000, 0x000000, 0x000000, 0x000000, 0x000000, 0x000000, 
  0x000000, 0x000000, 0x000000, 0x000000, 0x000000, 0x000000, 0x000000, 0x000000, 0x000000, 0x000000, 0x000000, 0x000000, 0x000000, 0xbbb6b6, 0xbbb6b6, 0x807b7b, 0x807b7b, 0x807b7b, 0x807b7b, 0xbbb6b6, 0xbbb6b6, 0x807b7b, 0x807b7b, 0x807b7b, 0x807b7b, 0x000000, 0x000000, 0x000000, 0x000000, 0xcc2600, 0xcc2600, 0xcc2600, 0xcc2600, 0xcc2600, 0xcc2600, 0xff0000, 0xff0000, 0xff0000, 0xff0000, 0xff0000, 0xff0000, 0xff0000, 0xff0000, 0x000000, 0x000000, 0x000000, 0x000000, 0x000000, 0x000000, 0x000000, 0x000000, 0x000000, 0x000000, 0x000000, 0x000000, 0x000000, 0x000000, 0x000000, 0x000000, 0x000000, 0x000000, 0x000000, 0x000000, 0x000000, 
  0x000000, 0x000000, 0x000000, 0x000000, 0x000000, 0x000000, 0x000000, 0x000000, 0x000000, 0x000000, 0x000000, 0x000000, 0x000000, 0xbbb6b6, 0xbbb6b6, 0x000000, 0x807b7b, 0x807b7b, 0x807b7b, 0xbbb6b6, 0xbbb6b6, 0x807b7b, 0x807b7b, 0xbbb6b6, 0x000000, 0x000000, 0x000000, 0x000000, 0x000000, 0xcc2600, 0xcc2600, 0xcc2600, 0xcc2600, 0xcc2600, 0xcc2600, 0xcc2600, 0xff0000, 0xff0000, 0xff0000, 0xff0000, 0xff0000, 0xff7e00, 0xffee00, 0x000000, 0x000000, 0x000000, 0x000000, 0x000000, 0x000000, 0x000000, 0x000000, 0x000000, 0x000000, 0x000000, 0x000000, 0x000000, 0x000000, 0x000000, 0x000000, 0x000000, 0x000000, 0x000000, 0x000000, 0x000000, 
  0x000000, 0x000000, 0x000000, 0x000000, 0x000000, 0x000000, 0x000000, 0x000000, 0x000000, 0x000000, 0x000000, 0x000000, 0x000000, 0xbbb6b6, 0xbbb6b6, 0x000000, 0x807b7b, 0x807b7b, 0xbbb6b6, 0xbbb6b6, 0xbbb6b6, 0x807b7b, 0xbbb6b6, 0x807b7b, 0x000000, 0x000000, 0x000000, 0x000000, 0x000000, 0xcc2600, 0xcc2600, 0xcc2600, 0xcc2600, 0xcc2600, 0xcc2600, 0xcc2600, 0xff0000, 0xff0000, 0xff0000, 0xff0000, 0xff0000, 0x807b7b, 0x807b7b, 0x000000, 0x000000, 0x000000, 0x000000, 0x000000, 0x000000, 0x000000, 0x000000, 0x000000, 0x000000, 0x000000, 0x000000, 0x000000, 0x000000, 0x000000, 0x000000, 0x000000, 0x000000, 0x000000, 0x000000, 0x000000, 
  0x000000, 0x000000, 0x000000, 0x000000, 0x000000, 0x000000, 0x000000, 0x000000, 0x000000, 0x000000, 0x000000, 0x000000, 0x000000, 0xbbb6b6, 0xbbb6b6, 0x000000, 0x000000, 0x807b7b, 0xbbb6b6, 0xbbb6b6, 0x807b7b, 0x807b7b, 0x000000, 0x807b7b, 0x000000, 0x000000, 0x000000, 0x000000, 0x000000, 0xcc2600, 0xcc2600, 0xff0000, 0xff0000, 0xff0000, 0xcc2600, 0xcc2600, 0xcc2600, 0xff0000, 0xff0000, 0xff0000, 0xff0000, 0xbbb6b6, 0xbbb6b6, 0x000000, 0x000000, 0x000000, 0x000000, 0x000000, 0x000000, 0x000000, 0x000000, 0x000000, 0x000000, 0x000000, 0x000000, 0x000000, 0x000000, 0x000000, 0x000000, 0x000000, 0x000000, 0x000000, 0x000000, 0x000000, 
  0x000000, 0x000000, 0x000000, 0x000000, 0x000000, 0xff7e00, 0xbbb6b6, 0xbbb6b6, 0xbbb6b6, 0xbbb6b6, 0xbbb6b6, 0xbbb6b6, 0xbbb6b6, 0xbbb6b6, 0xbbb6b6, 0xbbb6b6, 0xbbb6b6, 0xbbb6b6, 0xbbb6b6, 0xbbb6b6, 0xbbb6b6, 0xbbb6b6, 0xbbb6b6, 0x807b7b, 0xbbb6b6, 0xbbb6b6, 0xbbb6b6, 0xbbb6b6, 0x807b7b, 0xcc2600, 0xcc2600, 0xcc2600, 0xcc2600, 0xcc2600, 0xff0000, 0xcc2600, 0xcc2600, 0xcc2600, 0xcc2600, 0xff0000, 0xff0000, 0x807b7b, 0x807b7b, 0x000000, 0x000000, 0x000000, 0x000000, 0x000000, 0x000000, 0x000000, 0x000000, 0x000000, 0x000000, 0x000000, 0x000000, 0x000000, 0x000000, 0x000000, 0x000000, 0x000000, 0x000000, 0x000000, 0x000000, 0x000000, 
  0x000000, 0x000000, 0x000000, 0x000000, 0x000000, 0xbbb6b6, 0xbbb6b6, 0xbbb6b6, 0xbbb6b6, 0x807b7b, 0x807b7b, 0xbbb6b6, 0xbbb6b6, 0xbbb6b6, 0xbbb6b6, 0xbbb6b6, 0xbbb6b6, 0xbbb6b6, 0xbbb6b6, 0xbbb6b6, 0xbbb6b6, 0xbbb6b6, 0xbbb6b6, 0x807b7b, 0xbbb6b6, 0xbbb6b6, 0xbbb6b6, 0xbbb6b6, 0x807b7b, 0xcc2600, 0x000000, 0x807b7b, 0x807b7b, 0x000000, 0xff0000, 0xcc2600, 0xcc2600, 0xcc2600, 0xcc2600, 0xcc2600, 0xff0000, 0xff0000, 0xff0000, 0x000000, 0x000000, 0x000000, 0x000000, 0x000000, 0x000000, 0x000000, 0x000000, 0x000000, 0x000000, 0x000000, 0x000000, 0x000000, 0x000000, 0x000000, 0x000000, 0x000000, 0x000000, 0x000000, 0x000000, 0x000000, 
  0x000000, 0x000000, 0x000000, 0x000000, 0x000000, 0xff0000, 0x807b7b, 0x807b7b, 0x807b7b, 0xbbb6b6, 0xbbb6b6, 0x807b7b, 0x807b7b, 0x807b7b, 0x807b7b, 0x807b7b, 0x807b7b, 0x807b7b, 0x807b7b, 0x807b7b, 0x807b7b, 0x807b7b, 0x807b7b, 0x807b7b, 0x807b7b, 0x807b7b, 0x807b7b, 0x807b7b, 0x807b7b, 0x807b7b, 0x807b7b, 0xbbb6b6, 0xbbb6b6, 0x807b7b, 0x807b7b, 0x807b7b, 0x807b7b, 0x807b7b, 0x807b7b, 0x807b7b, 0x807b7b, 0x807b7b, 0x000000, 0x000000, 0x000000, 0x000000, 0x000000, 0x000000, 0x000000, 0x000000, 0x000000, 0x000000, 0x000000, 0x000000, 0x000000, 0x000000, 0x000000, 0x000000, 0x000000, 0x000000, 0x000000, 0x000000, 0x000000, 0x000000, 
  0x000000, 0x000000, 0x000000, 0x000000, 0x000000, 0x000000, 0x000000, 0x000000, 0x807b7b, 0xbbb6b6, 0xbbb6b6, 0x807b7b, 0x000000, 0x000000, 0x000000, 0x000000, 0x000000, 0x000000, 0x000000, 0x000000, 0x000000, 0x000000, 0x000000, 0x807b7b, 0x000000, 0x000000, 0x000000, 0x000000, 0x000000, 0x000000, 0x807b7b, 0xbbb6b6, 0xbbb6b6, 0x807b7b, 0x000000, 0x000000, 0x000000, 0x000000, 0x000000, 0x000000, 0x000000, 0x000000, 0x000000, 0x000000, 0x000000, 0x000000, 0x000000, 0x000000, 0x000000, 0x000000, 0x000000, 0x000000, 0x000000, 0x000000, 0x000000, 0x000000, 0x000000, 0x000000, 0x000000, 0x000000, 0x000000, 0x000000, 0x000000, 0x000000
};

void drawCementTruck(){
  for (int xval = 0; xval < 64; xval++){
    for (int yval = 0; yval < 16; yval++){
      int idx = 64 * yval + xval;
      int hex = CEMENT_TRUCK[idx];
      RGB color = colorConverter(hex);
      matrix.drawPixel(xval, yval, matrix.color565(color.r, color.g, color.b));
    }
  }
  matrix.show();
}


#define STEAMBOAT_HEIGHT 16
#define STEAMBOAT_WIDTH 64

// array size is 3072
static const uint32_t STEAMBOAT[] PROGMEM  = {
  0x000000, 0x000000, 0x000000, 0x000000, 0x000000, 0x000000, 0x000000, 0x000000, 0x000000, 0x000000, 0x000000, 0x000000, 0x000000, 0x000000, 0x000000, 0x000000, 0x000000, 0x000000, 0x000000, 0x000000, 0x000000, 0x000000, 0x000000, 0x000000, 0x000000, 0x000000, 0x000000, 0x000000, 0x000000, 0x000000, 0x000000, 0x000000, 0x000000, 0x000000, 0x000000, 0x000000, 0x000000, 0x000000, 0x000000, 0x000000, 0x000000, 0x000000, 0x000000, 0x000000, 0x000000, 0x000000, 0x000000, 0x000000, 0x000000, 0x000000, 0x000000, 0x000000, 0x000000, 0x000000, 0x000000, 0x000000, 0x000000, 0x000000, 0x000000, 0x000000, 0x000000, 0x000000, 0x000000, 0x000000, 
  0x000000, 0x000000, 0x000000, 0x000000, 0x000000, 0x000000, 0x000000, 0x000000, 0x000000, 0x000000, 0x000000, 0x000000, 0x000000, 0x000000, 0x000000, 0xbbb6b6, 0x000000, 0x000000, 0x000000, 0x000000, 0x000000, 0x000000, 0x000000, 0x000000, 0x000000, 0x000000, 0x000000, 0x000000, 0x000000, 0x000000, 0x000000, 0x000000, 0x000000, 0x000000, 0x000000, 0x000000, 0x000000, 0x000000, 0x000000, 0x000000, 0x000000, 0x000000, 0x000000, 0x000000, 0x000000, 0x000000, 0x000000, 0x000000, 0x000000, 0x000000, 0x000000, 0x000000, 0x000000, 0x000000, 0x000000, 0x000000, 0x000000, 0x000000, 0x000000, 0x000000, 0x000000, 0x000000, 0x000000, 0x000000, 
  0x000000, 0x000000, 0x000000, 0x000000, 0x000000, 0x000000, 0x000000, 0x000000, 0x000000, 0x000000, 0x000000, 0x000000, 0x000000, 0x000000, 0x000000, 0xbbb6b6, 0x000000, 0x000000, 0x000000, 0x000000, 0x000000, 0x000000, 0x000000, 0x000000, 0x000000, 0x000000, 0x000000, 0x000000, 0x000000, 0x000000, 0x000000, 0x000000, 0x000000, 0x000000, 0x000000, 0x000000, 0x000000, 0x000000, 0x000000, 0x000000, 0x000000, 0x000000, 0x000000, 0x000000, 0x000000, 0x000000, 0x000000, 0x000000, 0x000000, 0x000000, 0x000000, 0x000000, 0x000000, 0x000000, 0x000000, 0x000000, 0x000000, 0x000000, 0x000000, 0x000000, 0x000000, 0x000000, 0x000000, 0x000000, 
  0x000000, 0x000000, 0x000000, 0x000000, 0x000000, 0x000000, 0x000000, 0x000000, 0x000000, 0x000000, 0x000000, 0x000000, 0x000000, 0xbbb6b6, 0xbbb6b6, 0xbbb6b6, 0xbbb6b6, 0xffffff, 0xffffff, 0x000000, 0x000000, 0x000000, 0x000000, 0x000000, 0x000000, 0x000000, 0x000000, 0x000000, 0x000000, 0x000000, 0x000000, 0x000000, 0x000000, 0x000000, 0x000000, 0x000000, 0x000000, 0x000000, 0x000000, 0x000000, 0x000000, 0x000000, 0x000000, 0x000000, 0x000000, 0x000000, 0x000000, 0x000000, 0x000000, 0x000000, 0x000000, 0x000000, 0x000000, 0x000000, 0x000000, 0x000000, 0x000000, 0x000000, 0x000000, 0x000000, 0x000000, 0x000000, 0x000000, 0x000000, 
  0x000000, 0x000000, 0x000000, 0x000000, 0x000000, 0x000000, 0x000000, 0x000000, 0x000000, 0x000000, 0x000000, 0x000000, 0x000000, 0xbbb6b6, 0xbbb6b6, 0xbbb6b6, 0xffffff, 0xffffff, 0x000000, 0x000000, 0x000000, 0x000000, 0x000000, 0x000000, 0x000000, 0x000000, 0x000000, 0x000000, 0xbbb6b6, 0x000000, 0x000000, 0x000000, 0x000000, 0x000000, 0x000000, 0x000000, 0xbbb6b6, 0x000000, 0x000000, 0x000000, 0x000000, 0x000000, 0x000000, 0x000000, 0x000000, 0x000000, 0x000000, 0x000000, 0x000000, 0x000000, 0x000000, 0x000000, 0x000000, 0x000000, 0x000000, 0x000000, 0x000000, 0x000000, 0x000000, 0x000000, 0x000000, 0x000000, 0x000000, 0x000000, 
  0x000000, 0x000000, 0x000000, 0x000000, 0x000000, 0x000000, 0x000000, 0x000000, 0x000000, 0x000000, 0x000000, 0x000000, 0x000000, 0xbbb6b6, 0xbbb6b6, 0xbbb6b6, 0xffffff, 0xffffff, 0x000000, 0x000000, 0x000000, 0x000000, 0x000000, 0x000000, 0xbbb6b6, 0xbbb6b6, 0xbbb6b6, 0xffffff, 0x000000, 0x807b7b, 0x000000, 0x000000, 0x000000, 0x000000, 0x000000, 0x807b7b, 0x000000, 0xffffff, 0xbbb6b6, 0xbbb6b6, 0x000000, 0x000000, 0x000000, 0x000000, 0x000000, 0x000000, 0x000000, 0x000000, 0x000000, 0x000000, 0x000000, 0x000000, 0x000000, 0x000000, 0x000000, 0x000000, 0x000000, 0x000000, 0x000000, 0x000000, 0x000000, 0x000000, 0x000000, 0x000000, 
  0x000000, 0x000000, 0x000000, 0x000000, 0x000000, 0x000000, 0x000000, 0x000000, 0x000000, 0x000000, 0x000000, 0x000000, 0x000000, 0xbbb6b6, 0xbbb6b6, 0xbbb6b6, 0xffffff, 0xffffff, 0xffffff, 0x000000, 0x000000, 0x000000, 0x000000, 0xbbb6b6, 0xbbb6b6, 0x000000, 0x000000, 0xffffff, 0x000000, 0x807b7b, 0x000000, 0x000000, 0x000000, 0x000000, 0x000000, 0x807b7b, 0x000000, 0xffffff, 0x000000, 0x000000, 0xbbb6b6, 0x000000, 0x000000, 0x000000, 0x000000, 0x000000, 0x000000, 0x000000, 0xffffff, 0x000000, 0x000000, 0x000000, 0x000000, 0x000000, 0x000000, 0x000000, 0x000000, 0x000000, 0x000000, 0x000000, 0x000000, 0x000000, 0x000000, 0x000000, 
  0x000000, 0x000000, 0x000000, 0x000000, 0x000000, 0x000000, 0x000000, 0x000000, 0x000000, 0x000000, 0x000000, 0x000000, 0x000000, 0xbbb6b6, 0xbbb6b6, 0xffffff, 0xffffff, 0xffffff, 0xffffff, 0x000000, 0x000000, 0x000000, 0x000000, 0xbbb6b6, 0x000000, 0xffffff, 0x000000, 0x000000, 0x000000, 0x000000, 0x807b7b, 0x807b7b, 0x807b7b, 0x807b7b, 0x807b7b, 0x000000, 0x000000, 0x000000, 0x000000, 0xffffff, 0x000000, 0xbbb6b6, 0x000000, 0x000000, 0x000000, 0x000000, 0x000000, 0x000000, 0x000000, 0x000000, 0x000000, 0xffffff, 0x000000, 0x000000, 0x000000, 0x000000, 0x000000, 0x000000, 0x000000, 0x000000, 0x000000, 0x000000, 0x000000, 0x000000, 
  0x000000, 0x000000, 0x000000, 0x000000, 0x000000, 0x000000, 0x000000, 0x000000, 0x000000, 0x000000, 0x000000, 0xbbb6b6, 0xbbb6b6, 0xbbb6b6, 0xbbb6b6, 0xffffff, 0xffffff, 0xbbb6b6, 0xbbb6b6, 0xbbb6b6, 0xbbb6b6, 0xbbb6b6, 0xbbb6b6, 0xbbb6b6, 0x000000, 0xffffff, 0x000000, 0x000000, 0x000000, 0x000000, 0x000000, 0x000000, 0x000000, 0x000000, 0x000000, 0x000000, 0x000000, 0x000000, 0x000000, 0xffffff, 0xbbb6b6, 0xbbb6b6, 0xbbb6b6, 0xbbb6b6, 0xbbb6b6, 0xbbb6b6, 0xbbb6b6, 0xbbb6b6, 0xbbb6b6, 0xbbb6b6, 0x000000, 0x000000, 0x000000, 0x000000, 0x000000, 0x000000, 0x000000, 0x000000, 0x000000, 0x000000, 0x000000, 0x000000, 0x000000, 0x000000, 
  0x000000, 0x000000, 0x000000, 0x000000, 0x000000, 0x000000, 0x000000, 0x000000, 0x000000, 0x000000, 0x807b7b, 0x807b7b, 0x807b7b, 0x807b7b, 0x807b7b, 0x807b7b, 0x807b7b, 0x807b7b, 0x807b7b, 0x807b7b, 0x807b7b, 0x807b7b, 0x807b7b, 0xbbb6b6, 0xbbb6b6, 0xbbb6b6, 0xffffff, 0xffffff, 0xffffff, 0xffffff, 0xffffff, 0xffffff, 0xffffff, 0xffffff, 0xffffff, 0xffffff, 0xffffff, 0xffffff, 0xffffff, 0xbbb6b6, 0x807b7b, 0x807b7b, 0x807b7b, 0x807b7b, 0x807b7b, 0x807b7b, 0x807b7b, 0x807b7b, 0x807b7b, 0x807b7b, 0x807b7b, 0x807b7b, 0x000000, 0x000000, 0x000000, 0x000000, 0x000000, 0x000000, 0x000000, 0x000000, 0x000000, 0x000000, 0x000000, 0x000000, 
  0x000000, 0x000000, 0x000000, 0x000000, 0x000000, 0x000000, 0x000000, 0x000000, 0x000000, 0x000000, 0x000000, 0xff0000, 0xff0000, 0xff0000, 0xff0000, 0xff0000, 0xff0000, 0xff0000, 0xff0000, 0xff0000, 0xff0000, 0x807b7b, 0x807b7b, 0x807b7b, 0x807b7b, 0x807b7b, 0x807b7b, 0x807b7b, 0x807b7b, 0x807b7b, 0x807b7b, 0x807b7b, 0x807b7b, 0x807b7b, 0x807b7b, 0x807b7b, 0x807b7b, 0x807b7b, 0x807b7b, 0x807b7b, 0x807b7b, 0x807b7b, 0xff0000, 0xff0000, 0xff0000, 0xff0000, 0xff0000, 0xffffff, 0xff0000, 0xffffff, 0xff0000, 0x000000, 0x000000, 0xffffff, 0x000000, 0x000000, 0x000000, 0x000000, 0x000000, 0x000000, 0x000000, 0x000000, 0x000000, 0x000000, 
  0x000000, 0x000000, 0x000000, 0x000000, 0x000000, 0x000000, 0x000000, 0x000000, 0x000000, 0x000000, 0x000000, 0xcc2600, 0xff0000, 0xff0000, 0xff0000, 0xff0000, 0xff0000, 0xff0000, 0xff0000, 0xff0000, 0xff0000, 0xff0000, 0xff0000, 0xff0000, 0xff0000, 0xff0000, 0xff0000, 0xff0000, 0xffee00, 0xffee00, 0xff0000, 0xff0000, 0xff0000, 0xff0000, 0xff0000, 0xff0000, 0xff0000, 0xff0000, 0xff0000, 0xff0000, 0xff0000, 0xff0000, 0xff0000, 0xff0000, 0xff0000, 0xff0000, 0x2500ff, 0xff0000, 0xcc2600, 0xcc2600, 0xffffff, 0x2500ff, 0x000000, 0x000000, 0x000000, 0x000000, 0x000000, 0x000000, 0x000000, 0x000000, 0x000000, 0x000000, 0x000000, 0x000000, 
  0x000000, 0x000000, 0x000000, 0x000000, 0x000000, 0x000000, 0x000000, 0x000000, 0x000000, 0x000000, 0x000000, 0xcc2600, 0xcc2600, 0xcc2600, 0xff0000, 0xff0000, 0xff0000, 0xff0000, 0xcc2600, 0xcc2600, 0xff0000, 0xff0000, 0xff0000, 0xff0000, 0xff0000, 0xff0000, 0xff0000, 0xceae02, 0xffee00, 0xffee00, 0xffee00, 0xff0000, 0xff0000, 0xff0000, 0xff0000, 0xff0000, 0xff0000, 0xff0000, 0xff0000, 0xff0000, 0xcc2600, 0xcc2600, 0xcc2600, 0xff0000, 0xff0000, 0xcc2600, 0xcc2600, 0xcc2600, 0xcc2600, 0x2500ff, 0x2500ff, 0x2500ff, 0xffffff, 0xffffff, 0x000000, 0x000000, 0x000000, 0x000000, 0x000000, 0x000000, 0x000000, 0x000000, 0x000000, 0x000000, 
  0x000000, 0x000000, 0x000000, 0x000000, 0x000000, 0x000000, 0x000000, 0x000000, 0x000000, 0x000000, 0x000000, 0xcc2600, 0xcc2600, 0xcc2600, 0xcc2600, 0xcc2600, 0xff0000, 0xcc2600, 0xcc2600, 0xcc2600, 0xcc2600, 0xcc2600, 0xff0000, 0xff0000, 0xcc2600, 0xcc2600, 0xff0000, 0xceae02, 0xceae02, 0xffee00, 0xffee00, 0xcc2600, 0xcc2600, 0xff0000, 0xff0000, 0xff0000, 0xcc2600, 0x2500ff, 0x2500ff, 0x2500ff, 0x2500ff, 0xcc2600, 0xcc2600, 0xcc2600, 0xcc2600, 0xcc2600, 0xcc2600, 0x2500ff, 0x2500ff, 0x2500ff, 0x2500ff, 0x2500ff, 0x2500ff, 0x2500ff, 0x000000, 0x000000, 0x000000, 0x000000, 0x000000, 0x000000, 0x000000, 0x000000, 0x000000, 0x000000, 
  0x000000, 0x000000, 0x000000, 0x000000, 0x000000, 0x000000, 0x000000, 0x000000, 0x000000, 0x2500ff, 0x2500ff, 0x2500ff, 0x2500ff, 0x2500ff, 0x2500ff, 0x2500ff, 0x2500ff, 0x2500ff, 0x2500ff, 0x2500ff, 0x2500ff, 0x2500ff, 0x2500ff, 0x2500ff, 0x2500ff, 0x2500ff, 0x2500ff, 0x2500ff, 0xceae02, 0xceae02, 0xcc2600, 0x2500ff, 0x2500ff, 0x2500ff, 0x2500ff, 0x2500ff, 0xffffff, 0xffffff, 0x2500ff, 0xffffff, 0xffffff, 0x2500ff, 0x2500ff, 0x2500ff, 0x2500ff, 0x2500ff, 0xffffff, 0x2500ff, 0x2500ff, 0xffffff, 0x2500ff, 0xffffff, 0xffffff, 0x2500ff, 0x2500ff, 0x000000, 0x000000, 0x000000, 0x000000, 0x000000, 0x000000, 0x000000, 0x000000, 0x000000, 
  0x000000, 0x000000, 0x000000, 0x000000, 0x000000, 0x000000, 0x2500ff, 0x2500ff, 0x2500ff, 0x2500ff, 0x2500ff, 0x2500ff, 0x2500ff, 0x2500ff, 0x2500ff, 0x2500ff, 0x2500ff, 0x2500ff, 0x2500ff, 0x2500ff, 0x2500ff, 0x2500ff, 0x2500ff, 0x2500ff, 0x2500ff, 0x2500ff, 0x2500ff, 0x2500ff, 0x2500ff, 0x2500ff, 0x2500ff, 0x2500ff, 0x2500ff, 0xffffff, 0xffffff, 0x2500ff, 0x2500ff, 0x2500ff, 0x2500ff, 0x2500ff, 0x2500ff, 0xffffff, 0xffffff, 0xffffff, 0x2500ff, 0x2500ff, 0x2500ff, 0x2500ff, 0x2500ff, 0x2500ff, 0x2500ff, 0x2500ff, 0x2500ff, 0x2500ff, 0xffffff, 0x2500ff, 0x2500ff, 0x2500ff, 0x000000, 0x000000, 0x000000, 0x000000, 0x000000, 0x000000
};

void drawSteamboat(){
  for (int xval = 0; xval < 64; xval++){
    for (int yval = 0; yval < 16; yval++){
      int idx = 64 * yval + xval;
      int hex = STEAMBOAT[idx];
      RGB color = colorConverter(hex);
      matrix.drawPixel(xval, yval, matrix.color565(color.r, color.g, color.b));
    }
  }
  matrix.show();
}

#define DRILL_HEIGHT 16
#define DRILL_WIDTH 64

// array size is 3072
static const uint32_t DRILL[] PROGMEM  = {
  0x000000, 0x000000, 0x000000, 0x000000, 0x000000, 0x000000, 0x000000, 0x000000, 0x000000, 0x000000, 0x000000, 0x000000, 0x000000, 0x000000, 0x000000, 0x000000, 0x000000, 0x000000, 0x000000, 0x000000, 0x000000, 0x000000, 0x000000, 0x000000, 0x000000, 0x000000, 0x000000, 0x000000, 0x000000, 0x000000, 0x000000, 0x000000, 0x000000, 0x000000, 0x000000, 0x000000, 0x000000, 0x000000, 0x000000, 0x000000, 0x000000, 0x000000, 0x000000, 0x000000, 0x000000, 0x000000, 0x000000, 0x000000, 0x000000, 0x000000, 0x000000, 0x000000, 0x000000, 0x000000, 0x000000, 0x000000, 0x000000, 0x000000, 0x000000, 0x000000, 0x000000, 0x000000, 0x000000, 0x000000, 
  0x000000, 0x000000, 0x000000, 0x000000, 0x000000, 0x000000, 0x000000, 0x000000, 0x000000, 0x000000, 0x000000, 0x000000, 0x000000, 0x000000, 0x000000, 0x000000, 0x000000, 0x000000, 0x000000, 0x000000, 0x000000, 0x000000, 0x000000, 0x000000, 0x000000, 0x000000, 0x000000, 0x000000, 0x000000, 0x000000, 0x000000, 0x000000, 0x000000, 0x000000, 0x000000, 0x000000, 0x000000, 0x000000, 0x000000, 0x000000, 0xff7e00, 0xff7e00, 0xff7e00, 0xff7e00, 0xff7e00, 0x000000, 0x000000, 0x000000, 0x000000, 0x000000, 0x000000, 0x000000, 0x000000, 0x000000, 0x000000, 0x000000, 0x000000, 0x000000, 0x000000, 0x000000, 0x000000, 0x000000, 0x000000, 0x000000, 
  0x000000, 0x000000, 0x000000, 0x000000, 0x000000, 0x000000, 0x000000, 0x000000, 0x000000, 0x000000, 0x000000, 0x000000, 0x000000, 0x000000, 0x000000, 0x000000, 0x000000, 0x000000, 0x000000, 0x000000, 0x000000, 0x000000, 0x000000, 0x000000, 0x000000, 0x000000, 0x000000, 0x000000, 0x000000, 0x000000, 0x000000, 0x000000, 0x000000, 0x000000, 0x000000, 0x000000, 0xbbb6b6, 0xbbb6b6, 0xbbb6b6, 0xff7e00, 0xff7e00, 0xff7e00, 0xff7e00, 0xff7e00, 0xff7e00, 0xff7e00, 0xbbb6b6, 0xbbb6b6, 0xbbb6b6, 0x000000, 0x000000, 0x000000, 0x000000, 0x000000, 0x000000, 0x000000, 0x000000, 0x000000, 0x000000, 0x000000, 0x000000, 0x000000, 0x000000, 0x000000, 
  0x000000, 0x000000, 0x000000, 0x000000, 0xcc2600, 0xff0000, 0xff0000, 0xff0000, 0xcc2600, 0xff0000, 0xff0000, 0xff0000, 0xcc2600, 0xff0000, 0xff0000, 0xff0000, 0xcc2600, 0x000000, 0x000000, 0x000000, 0x000000, 0x000000, 0x000000, 0x000000, 0x000000, 0x000000, 0x000000, 0x000000, 0x000000, 0x000000, 0x000000, 0x000000, 0x000000, 0x000000, 0x000000, 0x000000, 0x000000, 0x000000, 0x807b7b, 0xff7e00, 0xff7e00, 0xff7e00, 0xffee00, 0xffee00, 0xff7e00, 0xff7e00, 0x000000, 0x000000, 0x000000, 0x000000, 0x000000, 0x000000, 0x000000, 0x000000, 0x000000, 0x000000, 0x000000, 0x000000, 0x000000, 0x000000, 0x000000, 0x000000, 0x000000, 0x000000, 
  0x000000, 0x000000, 0x000000, 0xcc2600, 0xff0000, 0xff0000, 0xff0000, 0xcc2600, 0xff0000, 0xff0000, 0xff0000, 0xcc2600, 0xff0000, 0xff0000, 0xff0000, 0xcc2600, 0xff0000, 0xcc2600, 0x000000, 0x000000, 0x000000, 0x000000, 0x000000, 0x000000, 0x000000, 0x000000, 0x000000, 0x000000, 0x000000, 0x000000, 0x000000, 0x000000, 0x000000, 0x000000, 0x000000, 0x000000, 0x000000, 0x000000, 0x807b7b, 0x807b7b, 0xff7e00, 0xff7e00, 0xff7e00, 0xff7e00, 0xff7e00, 0xff7e00, 0x000000, 0x000000, 0x000000, 0x000000, 0x000000, 0x000000, 0x000000, 0x000000, 0x000000, 0x000000, 0x000000, 0x000000, 0x000000, 0x000000, 0x000000, 0x000000, 0x000000, 0x000000, 
  0x000000, 0x000000, 0x000000, 0xcc2600, 0xff0000, 0xff0000, 0xff0000, 0xff0000, 0xffee00, 0xffee00, 0xffee00, 0xff0000, 0xff0000, 0xff0000, 0xff0000, 0xcc2600, 0xff0000, 0xcc2600, 0x000000, 0x000000, 0x000000, 0x000000, 0x000000, 0x000000, 0x000000, 0x000000, 0x000000, 0x000000, 0x000000, 0x000000, 0x000000, 0x000000, 0x000000, 0x000000, 0x000000, 0x000000, 0x000000, 0x000000, 0x807b7b, 0x807b7b, 0xff7e00, 0xff7e00, 0x000000, 0x000000, 0xff7e00, 0x807b7b, 0x000000, 0x000000, 0x000000, 0x000000, 0x000000, 0x000000, 0x000000, 0x000000, 0x000000, 0x000000, 0x000000, 0x000000, 0x000000, 0x000000, 0x000000, 0x000000, 0x000000, 0x000000, 
  0x000000, 0x000000, 0xcc2600, 0xff0000, 0xff0000, 0xff0000, 0xff0000, 0xceae02, 0xffee00, 0xffee00, 0xffee00, 0xffee00, 0xff0000, 0xff0000, 0xcc2600, 0xff0000, 0xff0000, 0xff0000, 0xcc2600, 0x000000, 0x000000, 0x000000, 0x000000, 0x000000, 0x000000, 0x000000, 0x000000, 0x000000, 0x000000, 0x000000, 0x000000, 0x000000, 0x000000, 0x000000, 0x000000, 0x000000, 0x000000, 0x000000, 0xbbb6b6, 0x807b7b, 0x807b7b, 0xff7e00, 0xff7e00, 0xff7e00, 0xff7e00, 0x807b7b, 0x000000, 0x000000, 0x000000, 0x000000, 0x000000, 0x000000, 0x000000, 0x000000, 0x000000, 0x000000, 0x000000, 0x000000, 0x000000, 0x000000, 0x000000, 0x000000, 0x000000, 0x000000, 
  0x000000, 0x000000, 0xcc2600, 0xff0000, 0xff0000, 0xff0000, 0xff0000, 0xceae02, 0xffee00, 0xffee00, 0xffee00, 0xffee00, 0xff0000, 0xff0000, 0xcc2600, 0xff0000, 0xff0000, 0xff0000, 0xcc2600, 0x000000, 0x000000, 0x000000, 0x000000, 0x000000, 0x000000, 0x000000, 0x000000, 0x000000, 0x000000, 0x000000, 0x000000, 0x000000, 0x000000, 0x000000, 0x000000, 0x000000, 0x000000, 0xbbb6b6, 0x000000, 0x807b7b, 0x807b7b, 0xff7e00, 0x000000, 0x000000, 0xff7e00, 0x000000, 0x000000, 0x000000, 0x000000, 0x000000, 0x000000, 0x000000, 0x000000, 0x000000, 0x000000, 0x000000, 0x000000, 0x000000, 0x000000, 0x000000, 0x000000, 0x000000, 0x000000, 0x000000, 
  0x000000, 0x000000, 0xcc2600, 0xff0000, 0xff0000, 0xff0000, 0xff0000, 0xceae02, 0xceae02, 0xffee00, 0xffee00, 0xffee00, 0xff0000, 0xff0000, 0xcc2600, 0xff0000, 0xbbb6b6, 0xbbb6b6, 0xcc2600, 0x000000, 0x000000, 0x000000, 0x000000, 0x000000, 0x000000, 0x000000, 0x000000, 0x000000, 0x000000, 0x000000, 0x000000, 0x000000, 0x000000, 0x000000, 0x000000, 0x000000, 0xbbb6b6, 0x000000, 0x000000, 0x000000, 0x807b7b, 0x807b7b, 0xff7e00, 0xff7e00, 0x807b7b, 0x000000, 0x000000, 0x807b7b, 0x000000, 0x000000, 0x000000, 0x000000, 0x000000, 0x000000, 0x000000, 0x000000, 0x000000, 0x000000, 0x000000, 0x000000, 0x000000, 0x000000, 0x000000, 0x000000, 
  0x000000, 0x000000, 0x000000, 0xcc2600, 0xff0000, 0xff0000, 0xff0000, 0xff0000, 0xceae02, 0xceae02, 0xceae02, 0xff0000, 0xff0000, 0xff0000, 0xff0000, 0xcc2600, 0xceae02, 0xcc2600, 0xbbb6b6, 0xbbb6b6, 0x000000, 0x000000, 0x000000, 0x000000, 0x000000, 0x000000, 0x000000, 0x000000, 0x000000, 0x000000, 0x000000, 0x000000, 0x000000, 0x000000, 0xbbb6b6, 0xbbb6b6, 0x000000, 0x807b7b, 0x000000, 0x000000, 0x000000, 0x807b7b, 0xbbb6b6, 0x807b7b, 0x000000, 0x000000, 0x000000, 0x000000, 0x000000, 0x000000, 0x000000, 0x000000, 0x000000, 0x000000, 0x000000, 0x000000, 0x000000, 0x000000, 0x000000, 0x000000, 0x000000, 0x000000, 0x000000, 0x000000, 
  0x000000, 0x000000, 0x000000, 0xcc2600, 0xff0000, 0xff0000, 0xff0000, 0xcc2600, 0xff0000, 0xff0000, 0xff0000, 0xcc2600, 0xff0000, 0xff0000, 0xff0000, 0xcc2600, 0xffee00, 0xcc2600, 0x000000, 0x000000, 0xbbb6b6, 0xbbb6b6, 0x000000, 0x000000, 0x000000, 0x000000, 0x000000, 0x000000, 0x000000, 0x000000, 0x000000, 0x000000, 0xbbb6b6, 0xbbb6b6, 0x000000, 0x000000, 0x000000, 0x000000, 0x000000, 0xbbb6b6, 0x000000, 0x000000, 0xbbb6b6, 0x807b7b, 0x000000, 0x000000, 0xbbb6b6, 0x000000, 0x000000, 0x000000, 0x000000, 0x000000, 0x000000, 0x000000, 0x000000, 0x000000, 0x000000, 0x000000, 0x000000, 0x000000, 0x000000, 0x000000, 0x000000, 0x000000, 
  0x000000, 0x000000, 0x000000, 0x000000, 0xcc2600, 0xff0000, 0xff0000, 0xff0000, 0xcc2600, 0xff0000, 0xff0000, 0xff0000, 0xcc2600, 0xff0000, 0xff0000, 0xff0000, 0xcc2600, 0x000000, 0x000000, 0x000000, 0x000000, 0x000000, 0xbbb6b6, 0xbbb6b6, 0x000000, 0x000000, 0x000000, 0x000000, 0x000000, 0x000000, 0xbbb6b6, 0xbbb6b6, 0x000000, 0x000000, 0x000000, 0x000000, 0xbbb6b6, 0xbbb6b6, 0x000000, 0x000000, 0xbbb6b6, 0x000000, 0xbbb6b6, 0x807b7b, 0x000000, 0xbbb6b6, 0x000000, 0x000000, 0xbbb6b6, 0xbbb6b6, 0x807b7b, 0x807b7b, 0x000000, 0x000000, 0x000000, 0x000000, 0x000000, 0xbbb6b6, 0xbbb6b6, 0x807b7b, 0x000000, 0x000000, 0x000000, 0x000000, 
  0x000000, 0x000000, 0x000000, 0x000000, 0x000000, 0x000000, 0x000000, 0x000000, 0x000000, 0x000000, 0x000000, 0x000000, 0x000000, 0x000000, 0x000000, 0x000000, 0x000000, 0x000000, 0x000000, 0x000000, 0x000000, 0x000000, 0x000000, 0x000000, 0xbbb6b6, 0xbbb6b6, 0xbbb6b6, 0xbbb6b6, 0xbbb6b6, 0xbbb6b6, 0x000000, 0x000000, 0x000000, 0x000000, 0x000000, 0xbbb6b6, 0xbbb6b6, 0xbbb6b6, 0xbbb6b6, 0xbbb6b6, 0x000000, 0x000000, 0xbbb6b6, 0x807b7b, 0x000000, 0x000000, 0x000000, 0xbbb6b6, 0xbbb6b6, 0xbbb6b6, 0x807b7b, 0x807b7b, 0x807b7b, 0x807b7b, 0x000000, 0x000000, 0xbbb6b6, 0xbbb6b6, 0x807b7b, 0x807b7b, 0x807b7b, 0x000000, 0x000000, 0x000000, 
  0x000000, 0x000000, 0x000000, 0x000000, 0x000000, 0x000000, 0x000000, 0x000000, 0x000000, 0x000000, 0x000000, 0x000000, 0x000000, 0x000000, 0x000000, 0x000000, 0x000000, 0x000000, 0x000000, 0x000000, 0x000000, 0x000000, 0x000000, 0x000000, 0x000000, 0x000000, 0x000000, 0x000000, 0x000000, 0x000000, 0x000000, 0x000000, 0x000000, 0x000000, 0x807b7b, 0x807b7b, 0x807b7b, 0xbbb6b6, 0xffee00, 0xbbb6b6, 0x000000, 0xffee00, 0xbbb6b6, 0x807b7b, 0xffee00, 0x000000, 0xbbb6b6, 0xffee00, 0xbbb6b6, 0x807b7b, 0x807b7b, 0x807b7b, 0x807b7b, 0x807b7b, 0x000000, 0xbbb6b6, 0xbbb6b6, 0x807b7b, 0x807b7b, 0x807b7b, 0x807b7b, 0x807b7b, 0x000000, 0x000000, 
  0x000000, 0x000000, 0x000000, 0x000000, 0x000000, 0x000000, 0x000000, 0x000000, 0x000000, 0x000000, 0x000000, 0x000000, 0x000000, 0x000000, 0x000000, 0x000000, 0x000000, 0x000000, 0x000000, 0x000000, 0x000000, 0x000000, 0x000000, 0x000000, 0x000000, 0x000000, 0x000000, 0x000000, 0x000000, 0x000000, 0x000000, 0x000000, 0x000000, 0x000000, 0x807b7b, 0x807b7b, 0x807b7b, 0x807b7b, 0xbbb6b6, 0xffee00, 0xbbb6b6, 0x000000, 0xbbb6b6, 0x807b7b, 0x000000, 0xbbb6b6, 0xffee00, 0xbbb6b6, 0x807b7b, 0x807b7b, 0x807b7b, 0x807b7b, 0x807b7b, 0x807b7b, 0xbbb6b6, 0xbbb6b6, 0x807b7b, 0x807b7b, 0x807b7b, 0x807b7b, 0x807b7b, 0x807b7b, 0x000000, 0x000000, 
  0x000000, 0x000000, 0x000000, 0x000000, 0x000000, 0x000000, 0x000000, 0x000000, 0x000000, 0x000000, 0x000000, 0x000000, 0x000000, 0x000000, 0x000000, 0x000000, 0x000000, 0x000000, 0x000000, 0x000000, 0x000000, 0x000000, 0x000000, 0x000000, 0x000000, 0x000000, 0x000000, 0x000000, 0x000000, 0x000000, 0x000000, 0x000000, 0x000000, 0x807b7b, 0x807b7b, 0x807b7b, 0x807b7b, 0x807b7b, 0x807b7b, 0xbbb6b6, 0xbbb6b6, 0xffee00, 0x807b7b, 0x807b7b, 0xffee00, 0xbbb6b6, 0xbbb6b6, 0x807b7b, 0x807b7b, 0x807b7b, 0x807b7b, 0x807b7b, 0x807b7b, 0x807b7b, 0xbbb6b6, 0xbbb6b6, 0x807b7b, 0x807b7b, 0x807b7b, 0x807b7b, 0x807b7b, 0x807b7b, 0x000000, 0x000000
};

void drawDrill(){
  for (int xval = 0; xval < 64; xval++){
    for (int yval = 0; yval < 16; yval++){
      int idx = 64 * yval + xval;
      int hex = DRILL[idx];
      RGB color = colorConverter(hex);
      matrix.drawPixel(xval, yval, matrix.color565(color.r, color.g, color.b));
    }
  }
  matrix.show();
}

#define 957_FUEL_HEIGHT 16
#define 957_FUEL_WIDTH 64

// array size is 3072
static const uint32_t FUEL_957[] PROGMEM  = {
  0x000000, 0x000000, 0x000000, 0x000000, 0x000000, 0x000000, 0x000000, 0x000000, 0x000000, 0x000000, 0x000000, 0x000000, 0x000000, 0x000000, 0x000000, 0x000000, 0x000000, 0x000000, 0x000000, 0x000000, 0x000000, 0x000000, 0x000000, 0x000000, 0x000000, 0x000000, 0x000000, 0x000000, 0x000000, 0x000000, 0x000000, 0x000000, 0x000000, 0x000000, 0x000000, 0x000000, 0x000000, 0x000000, 0x000000, 0x000000, 0x000000, 0x000000, 0x000000, 0x000000, 0x000000, 0x000000, 0x000000, 0x000000, 0x000000, 0x000000, 0x000000, 0x000000, 0x000000, 0x000000, 0x000000, 0x000000, 0x000000, 0x000000, 0x000000, 0x000000, 0x000000, 0x000000, 0x000000, 0x000000, 
  0x000000, 0x000000, 0x000000, 0x000000, 0x000000, 0x000000, 0x000000, 0x000000, 0x000000, 0x000000, 0x000000, 0x000000, 0x000000, 0x000000, 0x000000, 0x000000, 0x000000, 0x000000, 0x000000, 0x000000, 0x000000, 0x000000, 0x000000, 0x000000, 0x000000, 0x000000, 0x000000, 0x000000, 0x000000, 0x000000, 0x000000, 0x000000, 0x000000, 0x000000, 0x000000, 0x000000, 0x000000, 0x000000, 0x000000, 0x000000, 0x000000, 0x000000, 0x000000, 0x000000, 0x000000, 0x000000, 0x000000, 0x000000, 0x000000, 0x000000, 0x000000, 0x000000, 0x000000, 0x000000, 0x000000, 0x000000, 0x000000, 0x000000, 0x000000, 0x000000, 0x000000, 0x000000, 0x000000, 0x000000, 
  0x000000, 0x000000, 0x000000, 0x000000, 0x000000, 0x000000, 0x000000, 0x000000, 0x000000, 0x000000, 0x000000, 0x000000, 0x000000, 0x000000, 0x000000, 0x000000, 0x000000, 0x000000, 0x000000, 0x000000, 0x000000, 0x000000, 0x000000, 0x000000, 0x000000, 0x000000, 0x000000, 0x000000, 0x000000, 0x000000, 0x000000, 0x000000, 0x000000, 0x000000, 0x000000, 0x000000, 0x000000, 0x000000, 0x000000, 0x000000, 0x000000, 0x000000, 0x000000, 0x000000, 0x000000, 0x000000, 0x000000, 0x000000, 0x000000, 0x000000, 0x000000, 0x000000, 0x000000, 0x000000, 0x000000, 0x000000, 0x000000, 0x000000, 0x000000, 0x000000, 0x000000, 0x000000, 0x000000, 0x000000, 
  0x000000, 0x000000, 0x000000, 0x000000, 0x000000, 0x000000, 0x000000, 0x000000, 0x000000, 0x000000, 0x000000, 0x000000, 0x000000, 0x000000, 0x000000, 0x000000, 0x000000, 0x000000, 0x000000, 0x000000, 0x000000, 0x000000, 0x000000, 0x000000, 0x000000, 0x000000, 0x000000, 0x000000, 0x000000, 0x000000, 0x000000, 0x000000, 0x000000, 0x000000, 0x000000, 0x000000, 0x000000, 0xffee00, 0xffee00, 0xceae02, 0xceae02, 0xffee00, 0xffee00, 0xffee00, 0xffee00, 0xffee00, 0xffee00, 0x000000, 0x000000, 0x000000, 0x000000, 0x000000, 0x000000, 0x000000, 0x000000, 0x000000, 0x000000, 0x000000, 0x000000, 0x000000, 0x000000, 0x000000, 0x000000, 0x000000, 
  0x000000, 0x000000, 0x000000, 0x000000, 0x000000, 0x000000, 0x000000, 0x000000, 0x000000, 0x000000, 0x000000, 0x000000, 0x000000, 0x000000, 0x000000, 0x000000, 0x000000, 0x000000, 0x000000, 0x000000, 0x000000, 0x000000, 0x000000, 0x000000, 0x000000, 0x000000, 0x000000, 0xffee00, 0xffee00, 0xffee00, 0xffee00, 0xffee00, 0xffee00, 0xffee00, 0xffee00, 0xffee00, 0xffee00, 0xffee00, 0xceae02, 0xffee00, 0xffee00, 0xffee00, 0xffee00, 0xffffff, 0xffffff, 0xffffff, 0xffee00, 0xffee00, 0x000000, 0x000000, 0x000000, 0x000000, 0x000000, 0x000000, 0x000000, 0x000000, 0x000000, 0x000000, 0x000000, 0x000000, 0x000000, 0x000000, 0x000000, 0x000000, 
  0x000000, 0x000000, 0x000000, 0x000000, 0x000000, 0x000000, 0x000000, 0x000000, 0x000000, 0x000000, 0x000000, 0x000000, 0x000000, 0x000000, 0x000000, 0x000000, 0x000000, 0x000000, 0x000000, 0xceae02, 0xceae02, 0xceae02, 0xceae02, 0xceae02, 0xceae02, 0xceae02, 0xffee00, 0xffee00, 0xffee00, 0xffee00, 0xffee00, 0xffee00, 0xffee00, 0xffee00, 0xffee00, 0xffee00, 0xffee00, 0xffee00, 0xffee00, 0xffee00, 0xffee00, 0xffee00, 0xffee00, 0xffee00, 0xffee00, 0xffee00, 0xffffff, 0xffee00, 0xffee00, 0x000000, 0x000000, 0x000000, 0x000000, 0x000000, 0x000000, 0x000000, 0x000000, 0x000000, 0x000000, 0x000000, 0x000000, 0x000000, 0x000000, 0x000000, 
  0x000000, 0x000000, 0x000000, 0x000000, 0x000000, 0x000000, 0x000000, 0x000000, 0x000000, 0x000000, 0xceae02, 0xceae02, 0xceae02, 0xceae02, 0xceae02, 0xceae02, 0xceae02, 0xceae02, 0xceae02, 0xceae02, 0xceae02, 0xffee00, 0xffee00, 0xffee00, 0xffee00, 0xffee00, 0xffee00, 0xffee00, 0xffee00, 0xffee00, 0xffee00, 0xffee00, 0xffee00, 0xffee00, 0xffee00, 0x000000, 0x000000, 0x000000, 0xffee00, 0x000000, 0x000000, 0x000000, 0xffee00, 0x000000, 0x000000, 0x000000, 0xffee00, 0xffee00, 0xffee00, 0x000000, 0x000000, 0x000000, 0x000000, 0x000000, 0x000000, 0x000000, 0x000000, 0x000000, 0x000000, 0x000000, 0x000000, 0x000000, 0x000000, 0x000000, 
  0x000000, 0x000000, 0x000000, 0x000000, 0x000000, 0x000000, 0xceae02, 0xceae02, 0xceae02, 0xceae02, 0xceae02, 0xceae02, 0xffee00, 0xffee00, 0xffee00, 0xffee00, 0xffee00, 0xffee00, 0xffee00, 0xffee00, 0xffee00, 0xffee00, 0xffee00, 0xffee00, 0xffee00, 0xffee00, 0xffee00, 0xffee00, 0xffee00, 0xffee00, 0xffee00, 0xffee00, 0xffee00, 0xffee00, 0xffee00, 0x000000, 0xffee00, 0x000000, 0xffee00, 0x000000, 0xffee00, 0xffee00, 0xffee00, 0xffee00, 0xffee00, 0x000000, 0xffee00, 0xffee00, 0xffee00, 0x000000, 0x000000, 0x000000, 0x000000, 0x000000, 0x000000, 0x000000, 0x000000, 0x000000, 0x000000, 0x000000, 0x000000, 0x000000, 0x000000, 0x000000, 
  0xceae02, 0xceae02, 0xceae02, 0xceae02, 0xceae02, 0xceae02, 0xceae02, 0xceae02, 0xceae02, 0xceae02, 0xffee00, 0xffee00, 0xffee00, 0xffee00, 0xffee00, 0xffee00, 0xffee00, 0xffee00, 0xffee00, 0xffee00, 0xffee00, 0xffee00, 0xffee00, 0xffee00, 0xffee00, 0xffee00, 0xffee00, 0xffee00, 0xffee00, 0xffee00, 0xffee00, 0xffee00, 0xffee00, 0xffee00, 0xffee00, 0x000000, 0x000000, 0x000000, 0xffee00, 0x000000, 0x000000, 0x000000, 0xffee00, 0xffee00, 0x000000, 0x000000, 0xffee00, 0xffee00, 0xffee00, 0x000000, 0x000000, 0x000000, 0x000000, 0x000000, 0x000000, 0x000000, 0x000000, 0x000000, 0x000000, 0x000000, 0x000000, 0x000000, 0x000000, 0x000000, 
  0x000000, 0x000000, 0x000000, 0x000000, 0x000000, 0x000000, 0xceae02, 0xceae02, 0xceae02, 0xceae02, 0xceae02, 0xceae02, 0xceae02, 0xceae02, 0xceae02, 0xceae02, 0xceae02, 0xceae02, 0xceae02, 0xffee00, 0xffee00, 0xffee00, 0xffee00, 0xffee00, 0xffee00, 0xffee00, 0xffee00, 0xffee00, 0xffee00, 0xffee00, 0xffee00, 0xffee00, 0xffee00, 0xffee00, 0xffee00, 0xffee00, 0xffee00, 0x000000, 0xffee00, 0xffee00, 0xffee00, 0x000000, 0xffee00, 0xffee00, 0x000000, 0xffee00, 0xffee00, 0xffee00, 0xffee00, 0x000000, 0x000000, 0x000000, 0x000000, 0x000000, 0x000000, 0x000000, 0x000000, 0x000000, 0x000000, 0x000000, 0x000000, 0x000000, 0x000000, 0x000000, 
  0x000000, 0x000000, 0x000000, 0x000000, 0x000000, 0x000000, 0x000000, 0x000000, 0x000000, 0x000000, 0x000000, 0x000000, 0xceae02, 0xceae02, 0xceae02, 0xceae02, 0xceae02, 0xceae02, 0xceae02, 0xceae02, 0xceae02, 0xceae02, 0xceae02, 0xceae02, 0xceae02, 0xceae02, 0xceae02, 0xceae02, 0xffee00, 0xffee00, 0xffee00, 0xffee00, 0xffee00, 0xffee00, 0xffee00, 0xffee00, 0xffee00, 0x000000, 0xffee00, 0xffee00, 0x000000, 0x000000, 0xffee00, 0xffee00, 0x000000, 0xffee00, 0xffee00, 0xffee00, 0xffee00, 0x000000, 0x000000, 0x000000, 0x000000, 0x000000, 0x000000, 0x000000, 0x000000, 0x000000, 0x000000, 0x000000, 0x000000, 0x000000, 0x000000, 0x000000, 
  0x000000, 0x000000, 0x000000, 0x000000, 0x000000, 0x000000, 0x000000, 0x000000, 0x000000, 0x000000, 0x000000, 0x000000, 0x000000, 0x000000, 0x000000, 0x000000, 0x000000, 0x000000, 0x000000, 0x000000, 0x000000, 0x000000, 0x000000, 0x000000, 0xceae02, 0xceae02, 0xceae02, 0xceae02, 0xceae02, 0xceae02, 0xceae02, 0xceae02, 0xceae02, 0xceae02, 0xceae02, 0xceae02, 0xceae02, 0xffee00, 0xffee00, 0xffee00, 0xffee00, 0xffee00, 0xffee00, 0xffee00, 0xffee00, 0xffee00, 0xffee00, 0xffee00, 0x000000, 0x000000, 0x000000, 0x000000, 0x000000, 0x000000, 0x000000, 0x000000, 0x000000, 0x000000, 0x000000, 0x000000, 0x000000, 0x000000, 0x000000, 0x000000, 
  0x000000, 0x000000, 0x000000, 0x000000, 0x000000, 0x000000, 0x000000, 0x000000, 0x000000, 0x000000, 0x000000, 0x000000, 0x000000, 0x000000, 0x000000, 0x000000, 0x000000, 0x000000, 0x000000, 0x000000, 0x000000, 0x000000, 0x000000, 0x000000, 0x000000, 0x000000, 0x000000, 0x000000, 0x000000, 0x000000, 0x000000, 0x000000, 0x000000, 0x000000, 0xceae02, 0xceae02, 0xceae02, 0xceae02, 0xceae02, 0xceae02, 0xceae02, 0xceae02, 0xceae02, 0xceae02, 0xceae02, 0xceae02, 0xceae02, 0x000000, 0x000000, 0x000000, 0x000000, 0x000000, 0x000000, 0x000000, 0x000000, 0x000000, 0x000000, 0x000000, 0x000000, 0x000000, 0x000000, 0x000000, 0x000000, 0x000000, 
  0x000000, 0x000000, 0x000000, 0x000000, 0x000000, 0x000000, 0x000000, 0x000000, 0x000000, 0x000000, 0x000000, 0x000000, 0x000000, 0x000000, 0x000000, 0x000000, 0x000000, 0x000000, 0x000000, 0x000000, 0x000000, 0x000000, 0x000000, 0x000000, 0x000000, 0x000000, 0x000000, 0x000000, 0x000000, 0x000000, 0x000000, 0x000000, 0x000000, 0x000000, 0x000000, 0x000000, 0x000000, 0x000000, 0x000000, 0x000000, 0x000000, 0x000000, 0x000000, 0x000000, 0x000000, 0x000000, 0x000000, 0x000000, 0x000000, 0x000000, 0x000000, 0x000000, 0x000000, 0x000000, 0x000000, 0x000000, 0x000000, 0x000000, 0x000000, 0x000000, 0x000000, 0x000000, 0x000000, 0x000000, 
  0x000000, 0x000000, 0x000000, 0x000000, 0x000000, 0x000000, 0x000000, 0x000000, 0x000000, 0x000000, 0x000000, 0x000000, 0x000000, 0x000000, 0x000000, 0x000000, 0x000000, 0x000000, 0x000000, 0x000000, 0x000000, 0x000000, 0x000000, 0x000000, 0x000000, 0x000000, 0x000000, 0x000000, 0x000000, 0x000000, 0x000000, 0x000000, 0x000000, 0x000000, 0x000000, 0x000000, 0x000000, 0x000000, 0x000000, 0x000000, 0x000000, 0x000000, 0x000000, 0x000000, 0x000000, 0x000000, 0x000000, 0x000000, 0x000000, 0x000000, 0x000000, 0x000000, 0x000000, 0x000000, 0x000000, 0x000000, 0x000000, 0x000000, 0x000000, 0x000000, 0x000000, 0x000000, 0x000000, 0x000000, 
  0x000000, 0x000000, 0x000000, 0x000000, 0x000000, 0x000000, 0x000000, 0x000000, 0x000000, 0x000000, 0x000000, 0x000000, 0x000000, 0x000000, 0x000000, 0x000000, 0x000000, 0x000000, 0x000000, 0x000000, 0x000000, 0x000000, 0x000000, 0x000000, 0x000000, 0x000000, 0x000000, 0x000000, 0x000000, 0x000000, 0x000000, 0x000000, 0x000000, 0x000000, 0x000000, 0x000000, 0x000000, 0x000000, 0x000000, 0x000000, 0x000000, 0x000000, 0x000000, 0x000000, 0x000000, 0x000000, 0x000000, 0x000000, 0x000000, 0x000000, 0x000000, 0x000000, 0x000000, 0x000000, 0x000000, 0x000000, 0x000000, 0x000000, 0x000000, 0x000000, 0x000000, 0x000000, 0x000000, 0x000000
};

void drawFuel957(){
  for (int xval = 0; xval < 64; xval++){
    for (int yval = 0; yval < 16; yval++){
      int idx = 64 * yval + xval;
      int hex = FUEL_957[idx];
      RGB color = colorConverter(hex);
      matrix.drawPixel(xval, yval, matrix.color565(color.r, color.g, color.b));
    }
  }
  matrix.show();
}

#define FUEL_HEIGHT 16
#define FUEL_WIDTH 64

// array size is 3072
static const uint32_t FUEL[] PROGMEM  = {
  0x000000, 0x000000, 0x000000, 0x000000, 0x000000, 0x000000, 0x000000, 0x000000, 0x000000, 0x000000, 0x000000, 0x000000, 0x000000, 0x000000, 0x000000, 0x000000, 0x000000, 0x000000, 0x000000, 0x000000, 0x000000, 0x000000, 0x000000, 0x000000, 0x000000, 0x000000, 0x000000, 0x000000, 0x000000, 0x000000, 0x000000, 0x000000, 0x000000, 0x000000, 0x000000, 0x000000, 0x000000, 0x000000, 0x000000, 0x000000, 0x000000, 0x000000, 0x000000, 0x000000, 0x000000, 0x000000, 0x000000, 0x000000, 0x000000, 0x000000, 0x000000, 0x000000, 0x000000, 0x000000, 0x000000, 0x000000, 0x000000, 0x000000, 0x000000, 0x000000, 0x000000, 0x000000, 0x000000, 0x000000, 
  0x000000, 0x000000, 0x000000, 0x000000, 0x000000, 0x000000, 0x000000, 0x000000, 0x000000, 0x000000, 0x000000, 0x000000, 0x000000, 0x000000, 0x000000, 0x000000, 0x000000, 0x000000, 0x000000, 0x000000, 0x000000, 0x000000, 0x000000, 0x000000, 0x000000, 0x000000, 0x000000, 0x000000, 0x000000, 0x000000, 0x000000, 0x000000, 0x000000, 0x000000, 0x000000, 0x000000, 0x000000, 0x000000, 0x000000, 0x000000, 0x000000, 0x000000, 0x000000, 0x000000, 0x000000, 0x000000, 0x000000, 0x000000, 0x000000, 0x000000, 0x000000, 0x000000, 0x000000, 0x000000, 0x000000, 0x000000, 0x000000, 0x000000, 0x000000, 0x000000, 0x000000, 0x000000, 0x000000, 0x000000, 
  0x000000, 0x000000, 0x000000, 0x000000, 0x000000, 0x000000, 0x000000, 0x000000, 0x000000, 0x000000, 0x000000, 0x000000, 0x000000, 0x000000, 0x000000, 0x000000, 0x000000, 0x000000, 0x000000, 0x000000, 0x000000, 0x000000, 0x000000, 0x000000, 0x000000, 0x000000, 0x000000, 0x000000, 0x000000, 0x000000, 0x000000, 0x000000, 0x000000, 0x000000, 0x000000, 0x000000, 0x000000, 0x000000, 0x000000, 0x000000, 0x000000, 0x000000, 0x000000, 0x000000, 0x000000, 0x000000, 0x000000, 0x000000, 0x000000, 0x000000, 0x000000, 0x000000, 0x000000, 0x000000, 0x000000, 0x000000, 0x000000, 0x000000, 0x000000, 0x000000, 0x000000, 0x000000, 0x000000, 0x000000, 
  0x000000, 0x000000, 0x000000, 0x000000, 0x000000, 0x000000, 0x000000, 0x000000, 0x000000, 0x000000, 0x000000, 0x000000, 0x000000, 0x000000, 0x000000, 0x000000, 0x000000, 0x000000, 0x000000, 0x000000, 0x000000, 0x000000, 0x000000, 0x000000, 0x000000, 0x000000, 0x000000, 0x000000, 0x000000, 0x000000, 0x000000, 0x000000, 0x000000, 0x000000, 0x000000, 0x000000, 0x000000, 0x000000, 0x000000, 0x000000, 0x000000, 0x000000, 0x000000, 0x000000, 0x000000, 0x000000, 0x000000, 0x000000, 0x000000, 0x000000, 0x000000, 0x000000, 0x000000, 0x000000, 0x000000, 0x000000, 0x000000, 0x000000, 0x000000, 0x000000, 0x000000, 0x000000, 0x000000, 0x000000, 
  0x000000, 0x000000, 0x000000, 0x000000, 0x000000, 0x000000, 0x000000, 0x000000, 0x000000, 0x000000, 0x000000, 0x000000, 0x000000, 0x000000, 0x000000, 0x000000, 0x000000, 0x000000, 0x000000, 0x000000, 0x000000, 0x000000, 0x000000, 0x000000, 0x000000, 0x000000, 0x000000, 0x000000, 0x000000, 0x000000, 0x000000, 0x000000, 0x000000, 0x000000, 0x000000, 0x000000, 0x000000, 0x000000, 0x000000, 0x000000, 0x000000, 0x000000, 0x000000, 0x000000, 0x000000, 0x000000, 0x000000, 0x000000, 0x000000, 0x000000, 0x000000, 0x000000, 0x000000, 0x000000, 0x000000, 0x000000, 0x000000, 0x000000, 0x000000, 0x000000, 0x000000, 0x000000, 0x000000, 0x000000, 
  0x000000, 0x000000, 0x000000, 0x000000, 0x000000, 0x000000, 0x000000, 0x000000, 0x000000, 0x000000, 0x000000, 0x000000, 0x000000, 0x000000, 0x000000, 0x000000, 0x000000, 0x000000, 0x000000, 0x000000, 0x000000, 0x000000, 0x000000, 0x000000, 0x000000, 0x000000, 0x000000, 0x000000, 0x000000, 0x000000, 0x000000, 0x000000, 0x000000, 0x000000, 0x000000, 0x000000, 0x000000, 0x000000, 0x000000, 0x000000, 0x000000, 0x000000, 0x000000, 0x000000, 0x000000, 0x000000, 0x000000, 0x000000, 0x000000, 0x000000, 0x000000, 0x000000, 0x000000, 0x000000, 0x000000, 0x000000, 0x000000, 0x000000, 0x000000, 0x000000, 0x000000, 0x000000, 0x000000, 0x000000, 
  0x000000, 0x000000, 0x000000, 0x000000, 0x000000, 0x000000, 0x000000, 0x000000, 0x000000, 0x000000, 0x000000, 0x000000, 0x000000, 0x000000, 0x000000, 0x000000, 0x000000, 0x000000, 0x000000, 0x000000, 0x000000, 0xffee00, 0xffee00, 0xffee00, 0xffee00, 0x000000, 0x000000, 0x000000, 0x000000, 0x000000, 0xffee00, 0xffee00, 0xffee00, 0xffee00, 0x000000, 0x000000, 0x000000, 0x000000, 0x000000, 0xffee00, 0xffee00, 0xffee00, 0xffee00, 0x000000, 0x000000, 0x000000, 0x000000, 0x000000, 0x000000, 0x000000, 0x000000, 0x000000, 0x000000, 0x000000, 0x000000, 0x000000, 0x000000, 0x000000, 0x000000, 0x000000, 0x000000, 0x000000, 0x000000, 0x000000, 
  0x000000, 0x000000, 0x000000, 0x000000, 0x000000, 0x000000, 0x000000, 0x000000, 0x000000, 0x000000, 0x000000, 0x000000, 0x000000, 0x000000, 0x000000, 0x000000, 0x000000, 0x000000, 0x000000, 0x000000, 0xffee00, 0xffee00, 0xffee00, 0xffffff, 0xffee00, 0xffee00, 0x000000, 0x000000, 0x000000, 0xffee00, 0xffee00, 0xffee00, 0xffffff, 0xffee00, 0xffee00, 0x000000, 0x000000, 0x000000, 0xffee00, 0xffee00, 0xffee00, 0xffffff, 0xffee00, 0xffee00, 0x000000, 0x000000, 0x000000, 0x000000, 0x000000, 0x000000, 0x000000, 0x000000, 0x000000, 0x000000, 0x000000, 0x000000, 0x000000, 0x000000, 0x000000, 0x000000, 0x000000, 0x000000, 0x000000, 0x000000, 
  0x000000, 0x000000, 0x000000, 0x000000, 0x000000, 0x000000, 0x000000, 0x000000, 0x000000, 0x000000, 0x000000, 0x000000, 0x000000, 0x000000, 0x000000, 0x000000, 0x000000, 0x000000, 0x000000, 0x000000, 0xceae02, 0xffee00, 0xffee00, 0xffee00, 0xffffff, 0xffee00, 0x000000, 0x000000, 0x000000, 0xceae02, 0xffee00, 0xffee00, 0xffee00, 0xffffff, 0xffee00, 0x000000, 0x000000, 0x000000, 0xceae02, 0xffee00, 0xffee00, 0xffee00, 0xffffff, 0xffee00, 0x000000, 0x000000, 0x000000, 0x000000, 0x000000, 0x000000, 0x000000, 0x000000, 0x000000, 0x000000, 0x000000, 0x000000, 0x000000, 0x000000, 0x000000, 0x000000, 0x000000, 0x000000, 0x000000, 0x000000, 
  0x000000, 0x000000, 0x000000, 0x000000, 0x000000, 0x000000, 0x000000, 0x000000, 0x000000, 0x000000, 0x000000, 0x000000, 0x000000, 0x000000, 0x000000, 0x000000, 0x000000, 0x000000, 0x000000, 0x000000, 0xceae02, 0xffee00, 0xffee00, 0xffee00, 0xffee00, 0xffee00, 0x000000, 0x000000, 0x000000, 0xceae02, 0xffee00, 0xffee00, 0xffee00, 0xffee00, 0xffee00, 0x000000, 0x000000, 0x000000, 0xceae02, 0xffee00, 0xffee00, 0xffee00, 0xffee00, 0xffee00, 0x000000, 0x000000, 0x000000, 0x000000, 0x000000, 0x000000, 0x000000, 0x000000, 0x000000, 0x000000, 0x000000, 0x000000, 0x000000, 0x000000, 0x000000, 0x000000, 0x000000, 0x000000, 0x000000, 0x000000, 
  0x000000, 0x000000, 0x000000, 0x000000, 0x000000, 0x000000, 0x000000, 0x000000, 0x000000, 0x000000, 0x000000, 0x000000, 0x000000, 0x000000, 0x000000, 0x000000, 0x000000, 0x000000, 0x000000, 0x000000, 0xceae02, 0xceae02, 0xffee00, 0xffee00, 0xffee00, 0xffee00, 0x000000, 0x000000, 0x000000, 0xceae02, 0xceae02, 0xffee00, 0xffee00, 0xffee00, 0xffee00, 0x000000, 0x000000, 0x000000, 0xceae02, 0xceae02, 0xffee00, 0xffee00, 0xffee00, 0xffee00, 0x000000, 0x000000, 0x000000, 0x000000, 0x000000, 0x000000, 0x000000, 0x000000, 0x000000, 0x000000, 0x000000, 0x000000, 0x000000, 0x000000, 0x000000, 0x000000, 0x000000, 0x000000, 0x000000, 0x000000, 
  0x000000, 0x000000, 0x000000, 0x000000, 0x000000, 0x000000, 0x000000, 0x000000, 0x000000, 0x000000, 0x000000, 0x000000, 0x000000, 0x000000, 0x000000, 0x000000, 0x000000, 0x000000, 0x000000, 0x000000, 0x000000, 0xceae02, 0xceae02, 0xceae02, 0xffee00, 0x000000, 0x000000, 0x000000, 0x000000, 0x000000, 0xceae02, 0xceae02, 0xceae02, 0xffee00, 0x000000, 0x000000, 0x000000, 0x000000, 0x000000, 0xceae02, 0xceae02, 0xceae02, 0xffee00, 0x000000, 0x000000, 0x000000, 0x000000, 0x000000, 0x000000, 0x000000, 0x000000, 0x000000, 0x000000, 0x000000, 0x000000, 0x000000, 0x000000, 0x000000, 0x000000, 0x000000, 0x000000, 0x000000, 0x000000, 0x000000, 
  0x000000, 0x000000, 0x000000, 0x000000, 0x000000, 0x000000, 0x000000, 0x000000, 0x000000, 0x000000, 0x000000, 0x000000, 0x000000, 0x000000, 0x000000, 0x000000, 0x000000, 0x000000, 0x000000, 0x000000, 0x000000, 0x000000, 0x000000, 0x000000, 0x000000, 0x000000, 0x000000, 0x000000, 0x000000, 0x000000, 0x000000, 0x000000, 0x000000, 0x000000, 0x000000, 0x000000, 0x000000, 0x000000, 0x000000, 0x000000, 0x000000, 0x000000, 0x000000, 0x000000, 0x000000, 0x000000, 0x000000, 0x000000, 0x000000, 0x000000, 0x000000, 0x000000, 0x000000, 0x000000, 0x000000, 0x000000, 0x000000, 0x000000, 0x000000, 0x000000, 0x000000, 0x000000, 0x000000, 0x000000, 
  0x000000, 0x000000, 0x000000, 0x000000, 0x000000, 0x000000, 0x000000, 0x000000, 0x000000, 0x000000, 0x000000, 0x000000, 0x000000, 0x000000, 0x000000, 0x000000, 0x000000, 0x000000, 0x000000, 0x000000, 0x000000, 0x000000, 0x000000, 0x000000, 0x000000, 0x000000, 0x000000, 0x000000, 0x000000, 0x000000, 0x000000, 0x000000, 0x000000, 0x000000, 0x000000, 0x000000, 0x000000, 0x000000, 0x000000, 0x000000, 0x000000, 0x000000, 0x000000, 0x000000, 0x000000, 0x000000, 0x000000, 0x000000, 0x000000, 0x000000, 0x000000, 0x000000, 0x000000, 0x000000, 0x000000, 0x000000, 0x000000, 0x000000, 0x000000, 0x000000, 0x000000, 0x000000, 0x000000, 0x000000, 
  0x000000, 0x000000, 0x000000, 0x000000, 0x000000, 0x000000, 0x000000, 0x000000, 0x000000, 0x000000, 0x000000, 0x000000, 0x000000, 0x000000, 0x000000, 0x000000, 0x000000, 0x000000, 0x000000, 0x000000, 0x000000, 0x000000, 0x000000, 0x000000, 0x000000, 0x000000, 0x000000, 0x000000, 0x000000, 0x000000, 0x000000, 0x000000, 0x000000, 0x000000, 0x000000, 0x000000, 0x000000, 0x000000, 0x000000, 0x000000, 0x000000, 0x000000, 0x000000, 0x000000, 0x000000, 0x000000, 0x000000, 0x000000, 0x000000, 0x000000, 0x000000, 0x000000, 0x000000, 0x000000, 0x000000, 0x000000, 0x000000, 0x000000, 0x000000, 0x000000, 0x000000, 0x000000, 0x000000, 0x000000, 
  0x000000, 0x000000, 0x000000, 0x000000, 0x000000, 0x000000, 0x000000, 0x000000, 0x000000, 0x000000, 0x000000, 0x000000, 0x000000, 0x000000, 0x000000, 0x000000, 0x000000, 0x000000, 0x000000, 0x000000, 0x000000, 0x000000, 0x000000, 0x000000, 0x000000, 0x000000, 0x000000, 0x000000, 0x000000, 0x000000, 0x000000, 0x000000, 0x000000, 0x000000, 0x000000, 0x000000, 0x000000, 0x000000, 0x000000, 0x000000, 0x000000, 0x000000, 0x000000, 0x000000, 0x000000, 0x000000, 0x000000, 0x000000, 0x000000, 0x000000, 0x000000, 0x000000, 0x000000, 0x000000, 0x000000, 0x000000, 0x000000, 0x000000, 0x000000, 0x000000, 0x000000, 0x000000, 0x000000, 0x000000
};

void drawFuel(){
  for (int xval = 0; xval < 64; xval++){
    for (int yval = 0; yval < 16; yval++){
      int idx = 64 * yval + xval;
      int hex = FUEL[idx];
      RGB color = colorConverter(hex);
      matrix.drawPixel(xval, yval, matrix.color565(color.r, color.g, color.b));
    }
  }
  matrix.show();
}

#define CRANE_HEIGHT 16
#define CRANE_WIDTH 64

// array size is 3072
static const uint32_t CRANE[] PROGMEM  = {
  0x000000, 0x000000, 0x000000, 0x000000, 0x000000, 0xff0000, 0xbbb6b6, 0xbbb6b6, 0xbbb6b6, 0x000000, 0x000000, 0x000000, 0x000000, 0x000000, 0x000000, 0x000000, 0x000000, 0x000000, 0x000000, 0x000000, 0x000000, 0x000000, 0x000000, 0x000000, 0x000000, 0x000000, 0x000000, 0x000000, 0x000000, 0x000000, 0x000000, 0x000000, 0x000000, 0x000000, 0x000000, 0x000000, 0x000000, 0x000000, 0x000000, 0x000000, 0x000000, 0x000000, 0x000000, 0x000000, 0x000000, 0x000000, 0x000000, 0x000000, 0x000000, 0x000000, 0x000000, 0x000000, 0x000000, 0x000000, 0x000000, 0x000000, 0x000000, 0x000000, 0x000000, 0x000000, 0x000000, 0x000000, 0x000000, 0x000000, 
  0x000000, 0x000000, 0x000000, 0x000000, 0x000000, 0xff0000, 0x000000, 0x000000, 0xbbb6b6, 0xbbb6b6, 0xbbb6b6, 0xff0000, 0x000000, 0x000000, 0x000000, 0x000000, 0x000000, 0x000000, 0x000000, 0x000000, 0x000000, 0x000000, 0x000000, 0x000000, 0x000000, 0x000000, 0x000000, 0x000000, 0x000000, 0x000000, 0x000000, 0x000000, 0x000000, 0x000000, 0x000000, 0x000000, 0x000000, 0x000000, 0x000000, 0x000000, 0x000000, 0x000000, 0x000000, 0x000000, 0x000000, 0x000000, 0x000000, 0x000000, 0x000000, 0x000000, 0x000000, 0x000000, 0x000000, 0x000000, 0x000000, 0x000000, 0x000000, 0x000000, 0x000000, 0x000000, 0x000000, 0x000000, 0x000000, 0x000000, 
  0x000000, 0x000000, 0x000000, 0x000000, 0xcc2600, 0xff0000, 0x000000, 0x000000, 0x000000, 0x000000, 0x000000, 0xff0000, 0xcc2600, 0xff0000, 0xff0000, 0xff0000, 0xff0000, 0xff0000, 0xff0000, 0xff0000, 0xff0000, 0xff0000, 0xff0000, 0xff0000, 0xff0000, 0xff0000, 0xff0000, 0xff0000, 0xff0000, 0xff0000, 0xff0000, 0xff0000, 0xff0000, 0xff0000, 0xff0000, 0xff0000, 0xff0000, 0x000000, 0x000000, 0x000000, 0x000000, 0x000000, 0x000000, 0x000000, 0x000000, 0x000000, 0x000000, 0x000000, 0x000000, 0x000000, 0x000000, 0x000000, 0xff7e00, 0x000000, 0x000000, 0x000000, 0x000000, 0x000000, 0x000000, 0x000000, 0x000000, 0x000000, 0x000000, 0x000000, 
  0x000000, 0x000000, 0x000000, 0xcc2600, 0xcc2600, 0xff0000, 0xff0000, 0xff0000, 0xff0000, 0xff0000, 0xff0000, 0xff0000, 0x000000, 0xcc2600, 0x000000, 0x000000, 0x000000, 0xff0000, 0x000000, 0xcc2600, 0x000000, 0x000000, 0x000000, 0xff0000, 0x000000, 0xff0000, 0x000000, 0x000000, 0x000000, 0xff0000, 0x000000, 0xcc2600, 0x000000, 0x000000, 0x000000, 0xff0000, 0x000000, 0xcc2600, 0xff0000, 0xff0000, 0xff0000, 0x000000, 0x000000, 0x000000, 0x000000, 0x000000, 0x000000, 0x000000, 0xff7e00, 0x000000, 0x000000, 0x000000, 0xff7e00, 0x000000, 0x000000, 0x000000, 0x000000, 0x000000, 0x000000, 0x000000, 0x000000, 0x000000, 0x000000, 0x000000, 
  0x000000, 0x000000, 0x000000, 0xbbb6b6, 0xbbb6b6, 0xbbb6b6, 0xcc2600, 0xcc2600, 0xff0000, 0xff0000, 0xff0000, 0xff0000, 0x000000, 0x000000, 0xcc2600, 0x000000, 0xcc2600, 0x000000, 0x000000, 0x000000, 0xcc2600, 0x000000, 0xcc2600, 0x000000, 0x000000, 0x000000, 0xcc2600, 0x000000, 0xcc2600, 0x000000, 0x000000, 0x000000, 0xcc2600, 0x000000, 0xff0000, 0x000000, 0x000000, 0x000000, 0xcc2600, 0xbbb6b6, 0xff0000, 0x000000, 0x000000, 0x000000, 0x000000, 0x000000, 0x000000, 0x000000, 0xff7e00, 0x000000, 0xff7e00, 0x000000, 0xff7e00, 0x000000, 0x000000, 0x000000, 0xff7e00, 0x000000, 0x000000, 0x000000, 0x000000, 0x000000, 0x000000, 0x000000, 
  0x000000, 0x000000, 0x000000, 0xbbb6b6, 0xbbb6b6, 0xbbb6b6, 0xcc2600, 0x000000, 0xcc2600, 0xff0000, 0x000000, 0xff0000, 0xcc2600, 0xcc2600, 0xcc2600, 0xcc2600, 0xcc2600, 0xcc2600, 0xcc2600, 0xcc2600, 0xcc2600, 0xcc2600, 0xcc2600, 0xcc2600, 0xff0000, 0xff0000, 0xff0000, 0xff0000, 0xff0000, 0xff0000, 0xff0000, 0xff0000, 0xff0000, 0xff0000, 0xff0000, 0xff0000, 0xff0000, 0xcc2600, 0xcc2600, 0xcc2600, 0xbbb6b6, 0x000000, 0x000000, 0x000000, 0x000000, 0x000000, 0x000000, 0xff7e00, 0xff7e00, 0xff7e00, 0xff7e00, 0xff7e00, 0xff7e00, 0xff7e00, 0x000000, 0xff7e00, 0xff7e00, 0x000000, 0x000000, 0x000000, 0x000000, 0x000000, 0x000000, 0x000000, 
  0x000000, 0x000000, 0x000000, 0x000000, 0x000000, 0x000000, 0x000000, 0x000000, 0xcc2600, 0x000000, 0xff0000, 0xff0000, 0xbbb6b6, 0xbbb6b6, 0xbbb6b6, 0x000000, 0x000000, 0x000000, 0x000000, 0x000000, 0x000000, 0x000000, 0x000000, 0x000000, 0x000000, 0x000000, 0x000000, 0x000000, 0x000000, 0x000000, 0x000000, 0x000000, 0x000000, 0x000000, 0x000000, 0x000000, 0x000000, 0x000000, 0x000000, 0x000000, 0xbbb6b6, 0x000000, 0x000000, 0x000000, 0x000000, 0x000000, 0x000000, 0x000000, 0xff7e00, 0x000000, 0xff7e00, 0x000000, 0x000000, 0x000000, 0x000000, 0x000000, 0x807b7b, 0x807b7b, 0x000000, 0x000000, 0x000000, 0x000000, 0x000000, 0x000000, 
  0x000000, 0x000000, 0x000000, 0x000000, 0x000000, 0x000000, 0x000000, 0x000000, 0xcc2600, 0xff0000, 0x000000, 0xff0000, 0xbbb6b6, 0xffffff, 0xffffff, 0x000000, 0x000000, 0x000000, 0x000000, 0x000000, 0x000000, 0x000000, 0x000000, 0x000000, 0x000000, 0x000000, 0x000000, 0x000000, 0x000000, 0x000000, 0x000000, 0x000000, 0x000000, 0x000000, 0x000000, 0x000000, 0x000000, 0x000000, 0x000000, 0x000000, 0xbbb6b6, 0x000000, 0x000000, 0x000000, 0x000000, 0x000000, 0x000000, 0xff7e00, 0xff7e00, 0xff7e00, 0xff7e00, 0xff7e00, 0xff7e00, 0xff7e00, 0x000000, 0xff7e00, 0x807b7b, 0x807b7b, 0x000000, 0x000000, 0x000000, 0x000000, 0x000000, 0x000000, 
  0x000000, 0x000000, 0x000000, 0x000000, 0x000000, 0x000000, 0x000000, 0x000000, 0xcc2600, 0x000000, 0xff0000, 0xff0000, 0xbbb6b6, 0xbbb6b6, 0xbbb6b6, 0x000000, 0x000000, 0x000000, 0x000000, 0x000000, 0x000000, 0x000000, 0x000000, 0x000000, 0x000000, 0x000000, 0x000000, 0x000000, 0x000000, 0x000000, 0x000000, 0x000000, 0x000000, 0x000000, 0x000000, 0x000000, 0x000000, 0x000000, 0x000000, 0x000000, 0xbbb6b6, 0x000000, 0x000000, 0x000000, 0x000000, 0x000000, 0x000000, 0x000000, 0xff7e00, 0x000000, 0x000000, 0x000000, 0xff7e00, 0x000000, 0x000000, 0x000000, 0x807b7b, 0x807b7b, 0x000000, 0x000000, 0x000000, 0x000000, 0x000000, 0x000000, 
  0x000000, 0x000000, 0x000000, 0x000000, 0x000000, 0x000000, 0x000000, 0x000000, 0xcc2600, 0xff0000, 0x000000, 0xff0000, 0x000000, 0x000000, 0x000000, 0x000000, 0x000000, 0x000000, 0x000000, 0x000000, 0x000000, 0x000000, 0x000000, 0x000000, 0x000000, 0x000000, 0x000000, 0x000000, 0x000000, 0x000000, 0x000000, 0x000000, 0x000000, 0x000000, 0x000000, 0x000000, 0x000000, 0x000000, 0x000000, 0xbbb6b6, 0x000000, 0xbbb6b6, 0x000000, 0x000000, 0x000000, 0x000000, 0x000000, 0x000000, 0xff7e00, 0x000000, 0x000000, 0xff7e00, 0xff7e00, 0x000000, 0xff7e00, 0x000000, 0x807b7b, 0x807b7b, 0x000000, 0x000000, 0x000000, 0x000000, 0x000000, 0x000000, 
  0x000000, 0x000000, 0x000000, 0x000000, 0x000000, 0x000000, 0x000000, 0x000000, 0xcc2600, 0x000000, 0xff0000, 0xff0000, 0x000000, 0x000000, 0x000000, 0x000000, 0x000000, 0x000000, 0x000000, 0x000000, 0x000000, 0x000000, 0x000000, 0x000000, 0x000000, 0x000000, 0x000000, 0x000000, 0x000000, 0x000000, 0x000000, 0x000000, 0x000000, 0x000000, 0x000000, 0x000000, 0x000000, 0x000000, 0x000000, 0xbbb6b6, 0x000000, 0xbbb6b6, 0x000000, 0x000000, 0x000000, 0x000000, 0x000000, 0x000000, 0xff7e00, 0x000000, 0xff7e00, 0x000000, 0xff7e00, 0x000000, 0xff7e00, 0x000000, 0x807b7b, 0x807b7b, 0x000000, 0x000000, 0x000000, 0x000000, 0x000000, 0x000000, 
  0x000000, 0x000000, 0x000000, 0x000000, 0x000000, 0x000000, 0x000000, 0x000000, 0xcc2600, 0xff0000, 0x000000, 0xff0000, 0x000000, 0x000000, 0x000000, 0x000000, 0x000000, 0x000000, 0x000000, 0x000000, 0x000000, 0x000000, 0x000000, 0x000000, 0x000000, 0x000000, 0x000000, 0x000000, 0x000000, 0x000000, 0x000000, 0x000000, 0x000000, 0x000000, 0x000000, 0x000000, 0x000000, 0x000000, 0xbbb6b6, 0x807b7b, 0x807b7b, 0x000000, 0xbbb6b6, 0x000000, 0x000000, 0x000000, 0x000000, 0xff7e00, 0xff7e00, 0x000000, 0xff7e00, 0x807b7b, 0x807b7b, 0x807b7b, 0x807b7b, 0x807b7b, 0x807b7b, 0x807b7b, 0x000000, 0x000000, 0x000000, 0x000000, 0x000000, 0x000000, 
  0x000000, 0x000000, 0x000000, 0x000000, 0x000000, 0x000000, 0x000000, 0x000000, 0xcc2600, 0x000000, 0xff0000, 0xff0000, 0x000000, 0x000000, 0x000000, 0x000000, 0x000000, 0x000000, 0x000000, 0x000000, 0x000000, 0x000000, 0x000000, 0x000000, 0x000000, 0x000000, 0x000000, 0x000000, 0x000000, 0x000000, 0x000000, 0x000000, 0x000000, 0x000000, 0x000000, 0x000000, 0x000000, 0x807b7b, 0xbbb6b6, 0x807b7b, 0x807b7b, 0x807b7b, 0xbbb6b6, 0x807b7b, 0x000000, 0x000000, 0x000000, 0x000000, 0xff7e00, 0x000000, 0xff7e00, 0x807b7b, 0x000000, 0x807b7b, 0x000000, 0x807b7b, 0x000000, 0x807b7b, 0x000000, 0x000000, 0x000000, 0x000000, 0x000000, 0x000000, 
  0x000000, 0x000000, 0x000000, 0x000000, 0x000000, 0x000000, 0x000000, 0x000000, 0xcc2600, 0xff0000, 0x000000, 0xff0000, 0x000000, 0x000000, 0x000000, 0x000000, 0x000000, 0x000000, 0x000000, 0x000000, 0x000000, 0x000000, 0x000000, 0x000000, 0x000000, 0x000000, 0x000000, 0x000000, 0x000000, 0x000000, 0x000000, 0x000000, 0x000000, 0x000000, 0x000000, 0x000000, 0x000000, 0x9c6a16, 0x9c6a16, 0x725017, 0x9c6a16, 0x725017, 0x725017, 0x9c6a16, 0x000000, 0x000000, 0x000000, 0x807b7b, 0x807b7b, 0x807b7b, 0x807b7b, 0x807b7b, 0x807b7b, 0x807b7b, 0x807b7b, 0x807b7b, 0x807b7b, 0x807b7b, 0x000000, 0x000000, 0x000000, 0x000000, 0x000000, 0x000000, 
  0x000000, 0x000000, 0x000000, 0x000000, 0x000000, 0x000000, 0x000000, 0x000000, 0xcc2600, 0x000000, 0xff0000, 0xff0000, 0x000000, 0x000000, 0x000000, 0x000000, 0x000000, 0x000000, 0x000000, 0x000000, 0x000000, 0x000000, 0x000000, 0x000000, 0x000000, 0x000000, 0x000000, 0x000000, 0x000000, 0x000000, 0x000000, 0x000000, 0x000000, 0x000000, 0x000000, 0x000000, 0x000000, 0x000000, 0x000000, 0x000000, 0x000000, 0x000000, 0x000000, 0x000000, 0x000000, 0x000000, 0x000000, 0x807b7b, 0x000000, 0x807b7b, 0x000000, 0x807b7b, 0x000000, 0x807b7b, 0x000000, 0x807b7b, 0x000000, 0x807b7b, 0x000000, 0x000000, 0x000000, 0x000000, 0x000000, 0x000000, 
  0x000000, 0x000000, 0x000000, 0x000000, 0x000000, 0x000000, 0x000000, 0x000000, 0xcc2600, 0xcc2600, 0x000000, 0xff0000, 0x000000, 0x000000, 0x000000, 0x000000, 0x000000, 0x000000, 0x000000, 0x000000, 0x000000, 0x000000, 0x000000, 0x000000, 0x000000, 0x000000, 0x000000, 0x000000, 0x000000, 0x000000, 0x000000, 0x000000, 0x000000, 0x000000, 0x000000, 0x000000, 0x000000, 0x000000, 0x000000, 0x000000, 0x000000, 0x000000, 0x000000, 0x000000, 0x000000, 0x000000, 0x000000, 0x807b7b, 0x807b7b, 0x807b7b, 0x807b7b, 0x807b7b, 0x807b7b, 0x807b7b, 0x807b7b, 0x807b7b, 0x807b7b, 0x807b7b, 0x000000, 0x000000, 0x000000, 0x000000, 0x000000, 0x000000
};

void drawCrane(){
  for (int xval = 0; xval < 64; xval++){
    for (int yval = 0; yval < 16; yval++){
      int idx = 64 * yval + xval;
      int hex = CRANE[idx];
      RGB color = colorConverter(hex);
      matrix.drawPixel(xval, yval, matrix.color565(color.r, color.g, color.b));
    }
  }
  matrix.show();
}

// array size is 3072
static const uint32_t JELLY[] PROGMEM  = {
  0x000000, 0x000000, 0x000000, 0x000000, 0xb4b4b4, 0xb4b4b4, 0xb4b4b4, 0x000000, 0x000000, 0x000000, 0x000000, 0x000000, 0x000000, 0x000000, 0x000000, 0x000000, 0x000000, 0x000000, 0x000000, 0x000000, 0x000000, 0x000000, 0x000000, 0x000000, 0x000000, 0x000000, 0x000000, 0x000000, 0x000000, 0x000000, 0x000000, 0x000000, 0x000000, 0x000000, 0x000000, 0x000000, 0x000000, 0x000000, 0x000000, 0x000000, 0x000000, 0x000000, 0x000000, 0x000000, 0x000000, 0x000000, 0x000000, 0x000000, 0x000000, 0x000000, 0x000000, 0x000000, 0x000000, 0x000000, 0x000000, 0x000000, 0x000000, 0x000000, 0x000000, 0x000000, 0x000000, 0x000000, 0x000000, 0x000000, 
  0x000000, 0x000000, 0x000000, 0x464646, 0x000000, 0x000000, 0x000000, 0x464646, 0x464646, 0xb4b4b4, 0xb4b4b4, 0x000000, 0x000000, 0x000000, 0x000000, 0x000000, 0x000000, 0x000000, 0x000000, 0x000000, 0x000000, 0x000000, 0x000000, 0x000000, 0x000000, 0x000000, 0x000000, 0x000000, 0x000000, 0x000000, 0x000000, 0x000000, 0x1c1c1c, 0x000000, 0x00b7ef, 0xb4b4b4, 0xffc20e, 0x000000, 0x000000, 0x000000, 0x000000, 0x000000, 0x000000, 0x000000, 0x000000, 0x000000, 0x000000, 0x000000, 0x000000, 0x000000, 0x000000, 0x00b7ef, 0x00b7ef, 0x00b7ef, 0x00b7ef, 0x00b7ef, 0x000000, 0x000000, 0x000000, 0x000000, 0x000000, 0x000000, 0x000000, 0x000000, 
  0x000000, 0x000000, 0x464646, 0x000000, 0x000000, 0x000000, 0x464646, 0x464646, 0x000000, 0x000000, 0x000000, 0xb4b4b4, 0x000000, 0x000000, 0x000000, 0x000000, 0x000000, 0x000000, 0x000000, 0x000000, 0x000000, 0x000000, 0x000000, 0x000000, 0x000000, 0x000000, 0x000000, 0x000000, 0x000000, 0x000000, 0x000000, 0x1c1c1c, 0xffc20e, 0x1c1c1c, 0x00b7ef, 0x1c1c1c, 0xb4b4b4, 0x1c1c1c, 0x00b7ef, 0x000000, 0x000000, 0x000000, 0x000000, 0x000000, 0x000000, 0x000000, 0x000000, 0x000000, 0x000000, 0x000000, 0x000000, 0x000000, 0x000000, 0x000000, 0x000000, 0x00b7ef, 0x00b7ef, 0x00b7ef, 0x000000, 0x000000, 0x000000, 0x000000, 0x000000, 0x000000, 
  0x000000, 0x000000, 0x464646, 0xb4b4b4, 0x000000, 0x000000, 0x1c1c1c, 0x000000, 0x000000, 0x000000, 0x000000, 0x000000, 0xb4b4b4, 0x000000, 0x000000, 0x000000, 0x000000, 0x1c1c1c, 0x1c1c1c, 0x1c1c1c, 0x1c1c1c, 0x1c1c1c, 0x1c1c1c, 0x1c1c1c, 0x1c1c1c, 0x1c1c1c, 0x1c1c1c, 0x1c1c1c, 0x1c1c1c, 0x1c1c1c, 0x1c1c1c, 0x1c1c1c, 0x1c1c1c, 0x00b7ef, 0x1c1c1c, 0x1c1c1c, 0x00b7ef, 0xf5e49c, 0x1c1c1c, 0xb4b4b4, 0x000000, 0x000000, 0x000000, 0x000000, 0x000000, 0x000000, 0x000000, 0x000000, 0x000000, 0x000000, 0x000000, 0x00b7ef, 0x00b7ef, 0x00b7ef, 0x00b7ef, 0x00b7ef, 0x00b7ef, 0x00b7ef, 0x000000, 0x000000, 0x000000, 0x000000, 0x000000, 0x000000, 
  0x000000, 0x000000, 0x464646, 0xb4b4b4, 0xb4b4b4, 0x1c1c1c, 0x1c1c1c, 0x1c1c1c, 0x000000, 0x000000, 0x000000, 0xb4b4b4, 0xb4b4b4, 0x000000, 0x000000, 0x000000, 0x000000, 0x000000, 0x000000, 0x000000, 0x000000, 0x000000, 0x000000, 0x000000, 0x000000, 0x000000, 0x000000, 0x000000, 0x000000, 0x000000, 0x000000, 0x000000, 0x1c1c1c, 0xb4b4b4, 0xffc20e, 0x1c1c1c, 0x1c1c1c, 0x1c1c1c, 0x1c1c1c, 0xffc20e, 0x000000, 0x000000, 0x000000, 0x000000, 0x000000, 0x000000, 0x000000, 0x000000, 0x000000, 0x000000, 0x000000, 0x000000, 0x000000, 0x000000, 0x000000, 0x00b7ef, 0x00b7ef, 0x00b7ef, 0x000000, 0x000000, 0x000000, 0x000000, 0x000000, 0x000000, 
  0x000000, 0x000000, 0x464646, 0xb4b4b4, 0xb4b4b4, 0x1c1c1c, 0x1c1c1c, 0x1c1c1c, 0x464646, 0xb4b4b4, 0xb4b4b4, 0xb4b4b4, 0xb4b4b4, 0x000000, 0x000000, 0x000000, 0x000000, 0x000000, 0x000000, 0x000000, 0x000000, 0x000000, 0x000000, 0x000000, 0x000000, 0x000000, 0x000000, 0x000000, 0x000000, 0x000000, 0x000000, 0x000000, 0x1c1c1c, 0x1c1c1c, 0xb4b4b4, 0x1c1c1c, 0xffc20e, 0x1c1c1c, 0xb4b4b4, 0x1c1c1c, 0x00b7ef, 0x000000, 0x000000, 0x000000, 0x000000, 0x000000, 0x000000, 0x000000, 0x000000, 0x000000, 0x000000, 0x00b7ef, 0x00b7ef, 0x00b7ef, 0x00b7ef, 0x00b7ef, 0x000000, 0x000000, 0x000000, 0x000000, 0x000000, 0x000000, 0x000000, 0x000000, 
  0x000000, 0x000000, 0x464646, 0x464646, 0xb4b4b4, 0x1c1c1c, 0x1c1c1c, 0x1c1c1c, 0x464646, 0x464646, 0xb4b4b4, 0xb4b4b4, 0xb4b4b4, 0x000000, 0x000000, 0x000000, 0x000000, 0x1c1c1c, 0x1c1c1c, 0x1c1c1c, 0x1c1c1c, 0x1c1c1c, 0x1c1c1c, 0x1c1c1c, 0x1c1c1c, 0x1c1c1c, 0x1c1c1c, 0x1c1c1c, 0x1c1c1c, 0x1c1c1c, 0x1c1c1c, 0x1c1c1c, 0xb4b4b4, 0x1c1c1c, 0x1c1c1c, 0x00b7ef, 0x1c1c1c, 0x1c1c1c, 0xffc20e, 0x1c1c1c, 0x1c1c1c, 0x000000, 0x000000, 0x000000, 0x000000, 0x000000, 0x000000, 0x000000, 0x000000, 0x000000, 0x000000, 0x000000, 0x000000, 0x000000, 0x000000, 0x000000, 0x000000, 0x000000, 0x000000, 0x000000, 0x000000, 0x000000, 0x000000, 0x000000, 
  0x000000, 0x000000, 0x1c1c1c, 0x464646, 0xb4b4b4, 0x1c1c1c, 0x1c1c1c, 0x1c1c1c, 0x1c1c1c, 0x464646, 0x464646, 0xb4b4b4, 0xb4b4b4, 0x000000, 0x000000, 0x000000, 0x000000, 0x000000, 0x000000, 0x000000, 0x000000, 0x000000, 0x000000, 0x000000, 0x000000, 0x000000, 0x000000, 0x000000, 0x000000, 0x000000, 0x000000, 0x1c1c1c, 0x1c1c1c, 0xffc20e, 0x1c1c1c, 0x1c1c1c, 0x1c1c1c, 0x1c1c1c, 0x00b7ef, 0xb4b4b4, 0x1c1c1c, 0x000000, 0x000000, 0x000000, 0x000000, 0x000000, 0x000000, 0x000000, 0x000000, 0x000000, 0x000000, 0x000000, 0x000000, 0x000000, 0x000000, 0x000000, 0x000000, 0x000000, 0x000000, 0x000000, 0x000000, 0x000000, 0x000000, 0x000000, 
  0x000000, 0x000000, 0x1c1c1c, 0x464646, 0xb4b4b4, 0x1c1c1c, 0x1c1c1c, 0x1c1c1c, 0x1c1c1c, 0x464646, 0x464646, 0xb4b4b4, 0xb4b4b4, 0x000000, 0x000000, 0x000000, 0x000000, 0x000000, 0x000000, 0x000000, 0x000000, 0x000000, 0x000000, 0x000000, 0x000000, 0x000000, 0x000000, 0x000000, 0x000000, 0x000000, 0x000000, 0x1c1c1c, 0x1c1c1c, 0x00b7ef, 0x1c1c1c, 0xffc20e, 0xb4b4b4, 0x1c1c1c, 0x1c1c1c, 0x1c1c1c, 0xffc20e, 0x000000, 0x000000, 0x000000, 0x000000, 0x000000, 0x000000, 0x000000, 0x000000, 0x000000, 0x000000, 0x000000, 0x000000, 0x000000, 0x000000, 0x000000, 0x000000, 0x000000, 0x000000, 0xb4b4b4, 0xb4b4b4, 0x464646, 0x000000, 0x000000, 
  0x000000, 0x000000, 0x1c1c1c, 0x1c1c1c, 0x464646, 0x1c1c1c, 0x1c1c1c, 0x1c1c1c, 0x1c1c1c, 0x1c1c1c, 0x464646, 0x464646, 0xb4b4b4, 0x000000, 0x000000, 0x000000, 0x000000, 0x1c1c1c, 0x1c1c1c, 0x1c1c1c, 0x1c1c1c, 0x1c1c1c, 0x1c1c1c, 0x1c1c1c, 0x1c1c1c, 0x1c1c1c, 0x1c1c1c, 0x1c1c1c, 0x1c1c1c, 0x1c1c1c, 0x1c1c1c, 0x1c1c1c, 0x1c1c1c, 0xb4b4b4, 0x1c1c1c, 0x1c1c1c, 0x1c1c1c, 0xffc20e, 0x1c1c1c, 0x1c1c1c, 0xb4b4b4, 0x000000, 0x000000, 0x000000, 0x000000, 0x000000, 0x000000, 0x000000, 0x000000, 0x000000, 0x000000, 0x000000, 0x000000, 0x000000, 0x000000, 0x000000, 0x000000, 0x000000, 0xb4b4b4, 0x000000, 0x000000, 0x000000, 0x1c1c1c, 0x000000, 
  0x000000, 0x000000, 0x1c1c1c, 0x1c1c1c, 0xffc20e, 0xffc20e, 0xffc20e, 0xffc20e, 0xffc20e, 0x1c1c1c, 0x464646, 0x464646, 0xb4b4b4, 0x000000, 0x000000, 0x000000, 0x000000, 0x000000, 0x000000, 0x000000, 0x000000, 0x000000, 0x000000, 0x000000, 0x000000, 0x000000, 0x000000, 0x000000, 0x000000, 0x000000, 0x000000, 0x000000, 0xffc20e, 0x1c1c1c, 0x00b7ef, 0x1c1c1c, 0x1c1c1c, 0xb4b4b4, 0x1c1c1c, 0x00b7ef, 0x000000, 0x000000, 0x000000, 0x000000, 0x000000, 0x000000, 0x000000, 0x000000, 0x000000, 0x000000, 0x000000, 0x000000, 0x000000, 0x000000, 0x000000, 0x000000, 0x000000, 0xb4b4b4, 0x000000, 0x000000, 0x000000, 0x000000, 0x000000, 0x1c1c1c, 
  0x000000, 0x000000, 0x1c1c1c, 0x1c1c1c, 0x1c1c1c, 0x1c1c1c, 0x1c1c1c, 0x1c1c1c, 0xffc20e, 0xffc20e, 0xffc20e, 0x464646, 0xb4b4b4, 0x000000, 0x000000, 0x000000, 0x000000, 0x000000, 0x000000, 0x000000, 0x000000, 0x000000, 0x000000, 0x000000, 0x000000, 0x000000, 0x000000, 0x000000, 0x000000, 0x000000, 0x000000, 0x1c1c1c, 0x1c1c1c, 0x1c1c1c, 0x1c1c1c, 0xb4b4b4, 0x1c1c1c, 0x1c1c1c, 0xffc20e, 0x1c1c1c, 0x000000, 0x000000, 0x000000, 0x000000, 0x000000, 0xa8e61d, 0xa8e61d, 0xa8e61d, 0x22b14c, 0x22b14c, 0x000000, 0x000000, 0x000000, 0x000000, 0x000000, 0x000000, 0x000000, 0xb4b4b4, 0xb4b4b4, 0x000000, 0x000000, 0x000000, 0x1c1c1c, 0x1c1c1c, 
  0x000000, 0x000000, 0x1c1c1c, 0x1c1c1c, 0xffc20e, 0xffc20e, 0xffc20e, 0xffc20e, 0xffc20e, 0xffc20e, 0xffc20e, 0x464646, 0x464646, 0x000000, 0x000000, 0x000000, 0x000000, 0x1c1c1c, 0x1c1c1c, 0x1c1c1c, 0x1c1c1c, 0x1c1c1c, 0x1c1c1c, 0x1c1c1c, 0x1c1c1c, 0x1c1c1c, 0x1c1c1c, 0x1c1c1c, 0x1c1c1c, 0x1c1c1c, 0x1c1c1c, 0x1c1c1c, 0x00b7ef, 0x1c1c1c, 0xffc20e, 0x1c1c1c, 0x1c1c1c, 0x00b7ef, 0xb4b4b4, 0x000000, 0x000000, 0x000000, 0x000000, 0x000000, 0xa8e61d, 0xa8e61d, 0xa8e61d, 0x22b14c, 0x22b14c, 0x154522, 0x154522, 0x000000, 0x000000, 0x000000, 0x000000, 0x000000, 0x000000, 0xb4b4b4, 0xb4b4b4, 0x464646, 0x1c1c1c, 0x1c1c1c, 0x1c1c1c, 0x1c1c1c, 
  0x000000, 0x000000, 0x1c1c1c, 0x1c1c1c, 0x1c1c1c, 0x1c1c1c, 0x1c1c1c, 0x1c1c1c, 0xffc20e, 0xffc20e, 0xffc20e, 0x1c1c1c, 0x464646, 0x000000, 0x000000, 0x000000, 0x000000, 0x000000, 0x000000, 0x000000, 0x000000, 0x000000, 0x000000, 0x000000, 0x000000, 0x000000, 0x000000, 0x000000, 0x000000, 0x000000, 0x000000, 0x000000, 0xb4b4b4, 0x000000, 0x1c1c1c, 0x00b7ef, 0xffc20e, 0x000000, 0x000000, 0x000000, 0x000000, 0x000000, 0x000000, 0xa8e61d, 0xa8e61d, 0x22b14c, 0x22b14c, 0x22b14c, 0x154522, 0x154522, 0x154522, 0x154522, 0x000000, 0x000000, 0x000000, 0x000000, 0x000000, 0xb4b4b4, 0x464646, 0x464646, 0x1c1c1c, 0x1c1c1c, 0x1c1c1c, 0x1c1c1c, 
  0x000000, 0x000000, 0x1c1c1c, 0x1c1c1c, 0xffc20e, 0xffc20e, 0xffc20e, 0xffc20e, 0xffc20e, 0x1c1c1c, 0x1c1c1c, 0x1c1c1c, 0x464646, 0x000000, 0x000000, 0x000000, 0x000000, 0x000000, 0x000000, 0x000000, 0x000000, 0x000000, 0x000000, 0x000000, 0x000000, 0x000000, 0x000000, 0x000000, 0x000000, 0x000000, 0x000000, 0x000000, 0x000000, 0x000000, 0x000000, 0x000000, 0x000000, 0x000000, 0x000000, 0x000000, 0x000000, 0x000000, 0xa8e61d, 0xa8e61d, 0x22b14c, 0x22b14c, 0x154522, 0x154522, 0x154522, 0x154522, 0x154522, 0x154522, 0x154522, 0x000000, 0x000000, 0x000000, 0x000000, 0xb4b4b4, 0x464646, 0x1c1c1c, 0x1c1c1c, 0x1c1c1c, 0x1c1c1c, 0x1c1c1c, 
  0x000000, 0x000000, 0x1c1c1c, 0x1c1c1c, 0x1c1c1c, 0x1c1c1c, 0x1c1c1c, 0x1c1c1c, 0x1c1c1c, 0x1c1c1c, 0x1c1c1c, 0x1c1c1c, 0x1c1c1c, 0x000000, 0x000000, 0x000000, 0x000000, 0x000000, 0x000000, 0x000000, 0x000000, 0x000000, 0x000000, 0x000000, 0x000000, 0x000000, 0x000000, 0x000000, 0x000000, 0x000000, 0x000000, 0x000000, 0x000000, 0x000000, 0x000000, 0x000000, 0x000000, 0x000000, 0x000000, 0x000000, 0x000000, 0x000000, 0xa8e61d, 0xa8e61d, 0x22b14c, 0x22b14c, 0x154522, 0x154522, 0x154522, 0x154522, 0x154522, 0x154522, 0x154522, 0x000000, 0x000000, 0x000000, 0x000000, 0x464646, 0x464646, 0x1c1c1c, 0x1c1c1c, 0x1c1c1c, 0x1c1c1c, 0x1c1c1c
};

void drawJelly(){
  for (int xval = 0; xval < 64; xval++){
    for (int yval = 0; yval < 16; yval++){
      int idx = 64 * yval + xval;
      int hex = JELLY[idx];
      RGB color = colorConverter(hex);
      matrix.drawPixel(xval, yval, matrix.color565(color.r, color.g, color.b));
    }
  }
  matrix.show();
}

// array size is 3072
static const uint32_t DEEP_SEA[] PROGMEM  = {
  0x021c24, 0x021c24, 0x021c24, 0x021c24, 0x021c24, 0x021c24, 0x021c24, 0x021c24, 0xb82800, 0xb82800, 0xb82800, 0xb82800, 0xb82800, 0xb82800, 0xb82800, 0xb82800, 0xb82800, 0x021c24, 0x021c24, 0x021c24, 0x021c24, 0x021c24, 0x021c24, 0x021c24, 0x021c24, 0x021c24, 0xa62403, 0xa62403, 0xa62403, 0xa62403, 0xa62403, 0xa62403, 0xa62403, 0xa62403, 0x021c24, 0x021c24, 0x021c24, 0x021c24, 0xa62403, 0xa62403, 0xa62403, 0x021c24, 0x021c24, 0x021c24, 0x021c24, 0x021c24, 0x021c24, 0x021c24, 0x021c24, 0x021c24, 0x021c24, 0x021c24, 0x021c24, 0x02333d, 0x02333d, 0x02333d, 0x021c24, 0x021c24, 0x02333d, 0x02333d, 0x02333d, 0x02333d, 0x021c24, 0x021c24, 
  0x021c24, 0x021c24, 0x021c24, 0x021c24, 0x021c24, 0xb82800, 0xb82800, 0xb82800, 0xb82800, 0xa62403, 0xa62403, 0xa62403, 0xa62403, 0xa62403, 0xa62403, 0xa62403, 0xb82800, 0xb82800, 0x021c24, 0x021c24, 0x021c24, 0x021c24, 0xa62403, 0xa62403, 0xa62403, 0xa62403, 0xa62403, 0x021c24, 0x021c24, 0x021c24, 0x021c24, 0x021c24, 0x021c24, 0xa62403, 0xa62403, 0xa62403, 0xa62403, 0xa62403, 0xa62403, 0xf23c0f, 0xf23c0f, 0xf23c0f, 0x021c24, 0xf23c0f, 0xf23c0f, 0xf23c0f, 0x021c24, 0xf23c0f, 0xf23c0f, 0xf23c0f, 0x021c24, 0x021c24, 0x021c24, 0x02333d, 0x01232b, 0x01232b, 0x02333d, 0x02333d, 0x02333d, 0x01232b, 0x01232b, 0x02333d, 0x02333d, 0x021c24, 
  0x021c24, 0x021c24, 0x021c24, 0xb82800, 0xb82800, 0xb82800, 0xa62403, 0xa62403, 0xa62403, 0x635a58, 0x635a58, 0x635a58, 0xa62403, 0xa62403, 0xa62403, 0xa62403, 0xa62403, 0xb82800, 0xa62403, 0xa62403, 0xa62403, 0xa62403, 0x021c24, 0x021c24, 0x021c24, 0x021c24, 0x021c24, 0x781f06, 0xa39c0a, 0xa39c0a, 0xa39c0a, 0xa39c0a, 0xa39c0a, 0x781f06, 0x781f06, 0x021c24, 0x021c24, 0x021c24, 0x021c24, 0xf23c0f, 0x021c24, 0xf23c0f, 0x021c24, 0xf23c0f, 0x021c24, 0x021c24, 0x021c24, 0x021c24, 0x021c24, 0xf23c0f, 0x021c24, 0x021c24, 0x021c24, 0x02333d, 0x02333d, 0x01232b, 0x01232b, 0x01232b, 0x02333d, 0x02333d, 0x01232b, 0x01232b, 0x02333d, 0x021c24, 
  0x021c24, 0xb82800, 0xb82800, 0xb82800, 0xa62403, 0xa62403, 0xa62403, 0xa62403, 0xa62403, 0x635a58, 0x000000, 0x635a58, 0xa62403, 0xa62403, 0xa62403, 0xa62403, 0xb82800, 0xb82800, 0x781f06, 0x781f06, 0x781f06, 0xa62403, 0xa62403, 0xa62403, 0xa62403, 0x781f06, 0x781f06, 0xa39c0a, 0xa39c0a, 0xc2b30c, 0xc2b30c, 0x4f4c00, 0xa39c0a, 0xa39c0a, 0x781f06, 0x781f06, 0x781f06, 0x781f06, 0x781f06, 0xf23c0f, 0xf23c0f, 0xf23c0f, 0x781f06, 0xf23c0f, 0xf23c0f, 0xf23c0f, 0x781f06, 0x781f06, 0xf23c0f, 0xf23c0f, 0xf23c0f, 0x021c24, 0x021c24, 0x021c24, 0x02333d, 0x01232b, 0x01232b, 0x01232b, 0x02333d, 0x02333d, 0x01232b, 0x01232b, 0x02333d, 0x02333d, 
  0x021c24, 0x021c24, 0x021c24, 0xb82800, 0xb82800, 0xb82800, 0xa62403, 0xa62403, 0xa62403, 0x635a58, 0x635a58, 0x635a58, 0xa62403, 0xa62403, 0xa62403, 0xa62403, 0xb82800, 0xa62403, 0xa62403, 0xa62403, 0xa62403, 0xa62403, 0x781f06, 0x781f06, 0xa62403, 0xa62403, 0xa39c0a, 0xc2b30c, 0xc2b30c, 0x4f4c00, 0x4f4c00, 0x4f4c00, 0xc2b30c, 0xa39c0a, 0xa39c0a, 0xa62403, 0xa62403, 0x021c24, 0x021c24, 0x021c24, 0x021c24, 0xf23c0f, 0x021c24, 0x021c24, 0x021c24, 0xf23c0f, 0x021c24, 0x021c24, 0x021c24, 0xf23c0f, 0x021c24, 0x021c24, 0x021c24, 0x021c24, 0x02333d, 0x02333d, 0x01232b, 0x01232b, 0x01232b, 0x02333d, 0x02333d, 0x02333d, 0x01232b, 0x02333d, 
  0x021c24, 0x021c24, 0x021c24, 0x021c24, 0x021c24, 0xb82800, 0xb82800, 0xb82800, 0xb82800, 0xa62403, 0xa62403, 0xa62403, 0xa62403, 0xa62403, 0xb82800, 0xb82800, 0xb82800, 0xa62403, 0xa62403, 0xa62403, 0x01222b, 0x01222b, 0x01222b, 0x01222b, 0x01222b, 0x01222b, 0xa39c0a, 0xc2b30c, 0xc2b30c, 0x4f4c00, 0xc2b30c, 0xc2b30c, 0xc2b30c, 0xc2b30c, 0xc2b30c, 0xa39c0a, 0xa62403, 0xa62403, 0xa62403, 0xa62403, 0x021c24, 0xf23c0f, 0x021c24, 0xf23c0f, 0xf23c0f, 0xf23c0f, 0x021c24, 0x021c24, 0x021c24, 0xf23c0f, 0x021c24, 0x021c24, 0x021c24, 0x021c24, 0x021c24, 0x02333d, 0x01232b, 0x01232b, 0x01232b, 0x02333d, 0x02333d, 0x01232b, 0x01232b, 0x02333d, 
  0x021c24, 0x021c24, 0x021c24, 0x021c24, 0x021c24, 0x021c24, 0x021c24, 0x021c24, 0xb82800, 0xb82800, 0xb82800, 0xb82800, 0xb82800, 0xb82800, 0xb82800, 0x021c24, 0x021c24, 0x021c24, 0xa62403, 0xa62403, 0xa62403, 0x021c24, 0xa62403, 0xa62403, 0xa89b03, 0xa89b03, 0xa39c0a, 0xa39c0a, 0xc2b30c, 0xc2b30c, 0xc2b30c, 0xc2b30c, 0xc2b30c, 0xc2b30c, 0xc2b30c, 0xa39c0a, 0x021c24, 0x021c24, 0x021c24, 0xa62403, 0xa62403, 0xa62403, 0xa62403, 0xa62403, 0xa62403, 0x021c24, 0x021c24, 0x021c24, 0x021c24, 0x021c24, 0x021c24, 0x021c24, 0x021c24, 0x021c24, 0x021c24, 0x02333d, 0x02333d, 0x01232b, 0x01232b, 0x02333d, 0x02333d, 0x02333d, 0x01232b, 0x02333d, 
  0x021c24, 0x021c24, 0x021c24, 0x021c24, 0x021c24, 0x000000, 0x000000, 0x000000, 0x000000, 0x000000, 0x000000, 0x000000, 0x000000, 0x000000, 0x000000, 0x021c24, 0x021c24, 0x021c24, 0x021c24, 0x021c24, 0xa62403, 0xa62403, 0xa62403, 0x02222b, 0xa89b03, 0xa89b03, 0x000000, 0xa39c0a, 0xa39c0a, 0xa39c0a, 0xc2b30c, 0xc2b30c, 0xc2b30c, 0xc2b30c, 0xc2b30c, 0xa39c0a, 0x000000, 0x000000, 0x000000, 0x000000, 0x000000, 0x021c24, 0xa62403, 0xa62403, 0x021c24, 0x021c24, 0x021c24, 0x021c24, 0x021c24, 0x000000, 0x000000, 0x021c24, 0x021c24, 0x021c24, 0x021c24, 0x021c24, 0x02333d, 0x01232b, 0x011b21, 0x02333d, 0x022e3b, 0x02333d, 0x01232b, 0x02333d, 
  0x021c24, 0x021c24, 0x021c24, 0x021c24, 0x000000, 0x000000, 0xfaf32d, 0xfaf32d, 0xfaf32d, 0xfaf32d, 0x000000, 0x000000, 0xfaf32d, 0x000000, 0x021c24, 0x021c24, 0x021c24, 0x021c24, 0x021c24, 0x000000, 0xfaf32d, 0x000000, 0x02222b, 0xa89b03, 0xa89b03, 0xbfb006, 0x000000, 0xfaf32d, 0xfaf32d, 0xa39c0a, 0xa39c0a, 0xa39c0a, 0xc2b30c, 0xc2b30c, 0xa39c0a, 0xa39c0a, 0xfaf32d, 0xfaf32d, 0xfaf32d, 0xfaf32d, 0x000000, 0x000000, 0xfaf32d, 0xfaf32d, 0x000000, 0x021c24, 0x021c24, 0x000000, 0xfaf32d, 0xfaf32d, 0x000000, 0x021c24, 0x021c24, 0x021c24, 0x021c24, 0x021c24, 0x02333d, 0x01232b, 0x011b21, 0x02333d, 0x022e3b, 0x02333d, 0x01232b, 0x02333d, 
  0x021c24, 0x021c24, 0x021c24, 0x021c24, 0x000000, 0xfaf32d, 0x000000, 0x000000, 0x000000, 0x000000, 0x000000, 0x000000, 0xfaf32d, 0x000000, 0x021c24, 0x021c24, 0x021c24, 0x021c24, 0x021c24, 0x000000, 0xfaf32d, 0x000000, 0x01222b, 0xa89b03, 0x01222b, 0xbfb006, 0xfaf32d, 0x000000, 0x000000, 0xfaf32d, 0x000000, 0xa39c0a, 0xa39c0a, 0xa39c0a, 0xa62403, 0xa62403, 0xfaf32d, 0x000000, 0x000000, 0xfaf32d, 0x000000, 0x000000, 0xfaf32d, 0x000000, 0xfaf32d, 0x000000, 0x000000, 0xfaf32d, 0x000000, 0xfaf32d, 0x000000, 0x021c24, 0x021c24, 0x021c24, 0x021c24, 0x021c24, 0x02333d, 0x011b21, 0x011b21, 0x02333d, 0x022e3b, 0x02333d, 0x362b03, 0x02333d, 
  0x021c24, 0x021c24, 0x021c24, 0x021c24, 0x000000, 0xfaf32d, 0x000000, 0x021c24, 0x021c24, 0x021c24, 0x021c24, 0x000000, 0xfaf32d, 0x000000, 0x021c24, 0x021c24, 0x021c24, 0x021c24, 0x021c24, 0x000000, 0xfaf32d, 0x000000, 0xa39c0a, 0x01222b, 0xbfb006, 0xbfb006, 0xfaf32d, 0x000000, 0x000000, 0xfaf32d, 0x000000, 0x01222b, 0x827e05, 0x01222b, 0x01222b, 0x000000, 0xfaf32d, 0x000000, 0x000000, 0xfaf32d, 0x000000, 0x000000, 0xfaf32d, 0x000000, 0xfaf32d, 0x000000, 0x000000, 0xfaf32d, 0x000000, 0xfaf32d, 0x000000, 0x021c24, 0x021c24, 0x021c24, 0x021c24, 0x021c24, 0x02333d, 0x362b03, 0x011b21, 0x02333d, 0x022e3b, 0x022e3b, 0x362b03, 0x362b03, 
  0x021c24, 0x021c24, 0x021c24, 0x021c24, 0x000000, 0xfaf32d, 0x000000, 0x000000, 0x000000, 0x000000, 0x021c24, 0x000000, 0xfaf32d, 0x000000, 0x021c24, 0x000000, 0x000000, 0x000000, 0x021c24, 0x000000, 0xfaf32d, 0x000000, 0xa39c0a, 0x01222b, 0xbfb006, 0x000000, 0xfaf32d, 0xfaf32d, 0xfaf32d, 0xfaf32d, 0x000000, 0x827e05, 0x827e05, 0x01222b, 0x01222b, 0x000000, 0xfaf32d, 0xfaf32d, 0xfaf32d, 0xfaf32d, 0x000000, 0x000000, 0xfaf32d, 0x000000, 0x000000, 0xfaf32d, 0xfaf32d, 0x000000, 0x000000, 0xfaf32d, 0x000000, 0x021c24, 0x021c24, 0x021c24, 0x021c24, 0x021c24, 0x021c24, 0x362b03, 0x362b03, 0x362b03, 0x022e3b, 0x022e3b, 0x362b03, 0x423504, 
  0x021c24, 0x021c24, 0x021c24, 0x021c24, 0x000000, 0x000000, 0xfaf32d, 0xfaf32d, 0xfaf32d, 0x000000, 0x000000, 0x000000, 0xfaf32d, 0x000000, 0x000000, 0x000000, 0xfaf32d, 0x000000, 0x000000, 0x000000, 0xfaf32d, 0x000000, 0xa39c0a, 0xbfb006, 0xbfb006, 0x000000, 0xfaf32d, 0x000000, 0x000000, 0xfaf32d, 0x000000, 0x827e05, 0x01222b, 0x01222b, 0x01222b, 0x000000, 0xfaf32d, 0xfaf32d, 0x000000, 0x000000, 0x000000, 0x000000, 0xfaf32d, 0x000000, 0x021c24, 0x000000, 0x000000, 0x021c24, 0x000000, 0xfaf32d, 0x000000, 0x021c24, 0x021c24, 0x021c24, 0x021c24, 0x021c24, 0x021c24, 0x362b03, 0x423504, 0x362b03, 0x362b03, 0x362b03, 0x423504, 0x423504, 
  0x021c24, 0x021c24, 0x021c24, 0x021c24, 0x021c24, 0x000000, 0x000000, 0x000000, 0x000000, 0xfaf32d, 0x000000, 0x000000, 0xfaf32d, 0x000000, 0x000000, 0xfaf32d, 0xfaf32d, 0xfaf32d, 0x000000, 0x000000, 0xfaf32d, 0x000000, 0xa39c0a, 0xbfb006, 0x000000, 0xfaf32d, 0xfaf32d, 0x000000, 0x000000, 0xfaf32d, 0x000000, 0x827e05, 0x01222b, 0x02222b, 0x01222b, 0x000000, 0xfaf32d, 0x000000, 0xfaf32d, 0x000000, 0x000000, 0x000000, 0xfaf32d, 0x000000, 0x021c24, 0x021c24, 0x021c24, 0x021c24, 0x000000, 0xfaf32d, 0x000000, 0x021c24, 0x021c24, 0x021c24, 0x021c24, 0x021c24, 0x021c24, 0x362b03, 0x423504, 0x423504, 0x423504, 0x362b03, 0x423504, 0x362b03, 
  0x021c24, 0x021c24, 0x021c24, 0x021c24, 0x000000, 0x000000, 0x000000, 0x000000, 0x000000, 0xfaf32d, 0x000000, 0x000000, 0xfaf32d, 0x000000, 0x000000, 0xfaf32d, 0x021c24, 0xfaf32d, 0x000000, 0x000000, 0xfaf32d, 0x000000, 0xbfb006, 0xbfb006, 0x000000, 0xfaf32d, 0x000000, 0x000000, 0x000000, 0xfaf32d, 0xfaf32d, 0x827e05, 0x01222b, 0x02222b, 0x021c24, 0x000000, 0xfaf32d, 0x000000, 0x000000, 0xfaf32d, 0x000000, 0x000000, 0xfaf32d, 0x000000, 0x021c24, 0x021c24, 0x021c24, 0x021c24, 0x000000, 0xfaf32d, 0x000000, 0x021c24, 0x021c24, 0x021c24, 0x021c24, 0x021c24, 0x362b03, 0x423504, 0x423504, 0x423504, 0x423504, 0x423504, 0x423504, 0x362b03, 
  0x021c24, 0x021c24, 0x021c24, 0x021c24, 0x000000, 0xfaf32d, 0xfaf32d, 0xfaf32d, 0x000000, 0x000000, 0x000000, 0x000000, 0x000000, 0xfaf32d, 0xfaf32d, 0xfaf32d, 0x021c24, 0xfaf32d, 0xfaf32d, 0xfaf32d, 0x000000, 0x000000, 0xbfb006, 0x01222b, 0x000000, 0xfaf32d, 0x000000, 0x000000, 0x000000, 0x827e05, 0xfaf32d, 0x827e05, 0x01222b, 0x02222b, 0x021c24, 0x000000, 0xfaf32d, 0x000000, 0x021c24, 0x000000, 0xfaf32d, 0x000000, 0xfaf32d, 0x000000, 0x021c24, 0x021c24, 0x021c24, 0x021c24, 0x000000, 0xfaf32d, 0x000000, 0x021c24, 0x021c24, 0x021c24, 0x021c24, 0x362b03, 0x423504, 0x423504, 0x423504, 0x423504, 0x362b03, 0x423504, 0x423504, 0x362b03
};

void drawDeepSea(){
  for (int xval = 0; xval < 64; xval++){
    for (int yval = 0; yval < 16; yval++){
      int idx = 64 * yval + xval;
      int hex = DEEP_SEA[idx];
      RGB color = colorConverter(hex);
      matrix.drawPixel(xval, yval, matrix.color565(color.r, color.g, color.b));
    }
  }
  matrix.show();
}

// array size is 3072
static const uint32_t SHALLOW_SEA[] PROGMEM  = {
  0x0040ff, 0x0040ff, 0x0040ff, 0x0040ff, 0x0040ff, 0x0040ff, 0x0040ff, 0x0040ff, 0x0040ff, 0x0040ff, 0x0040ff, 0x0040ff, 0x0040ff, 0x0040ff, 0x0040ff, 0x0040ff, 0x0040ff, 0x0040ff, 0x0040ff, 0x0040ff, 0x0040ff, 0x0040ff, 0x0040ff, 0x0040ff, 0x0040ff, 0x0040ff, 0x0040ff, 0x0040ff, 0x0040ff, 0x0040ff, 0x0040ff, 0x0040ff, 0x0040ff, 0x0040ff, 0x0040ff, 0x0040ff, 0x0040ff, 0x0040ff, 0x0040ff, 0x0040ff, 0x0040ff, 0x0040ff, 0x0040ff, 0x0040ff, 0x0040ff, 0x0040ff, 0x0040ff, 0x0b09ad, 0x0b09ad, 0x0b09ad, 0x0b09ad, 0x8f7e8f, 0x8f7e8f, 0x8f7e8f, 0x8f7e8f, 0x8f7e8f, 0x8a798a, 0x8a798a, 0x807180, 0x807180, 0x040082, 0x040082, 0x040082, 0x040082, 
  0x0040ff, 0x0040ff, 0x0040ff, 0x0040ff, 0x0040ff, 0x0040ff, 0x0040ff, 0x0040ff, 0x0040ff, 0x0040ff, 0x0040ff, 0x0040ff, 0x0040ff, 0x0040ff, 0x0040ff, 0x0040ff, 0x0040ff, 0x0040ff, 0x0040ff, 0x0040ff, 0x0040ff, 0x0040ff, 0x0040ff, 0x0040ff, 0x0040ff, 0x0b09ad, 0x0b09ad, 0x0b09ad, 0x0b09ad, 0x0b09ad, 0x0b09ad, 0x0b09ad, 0x0b09ad, 0x0b09ad, 0x0b09ad, 0x0b09ad, 0x0b09ad, 0x0b09ad, 0x0b09ad, 0x0b09ad, 0x0b09ad, 0x0b09ad, 0x0b09ad, 0x0b09ad, 0x0b09ad, 0x0b09ad, 0x0b09ad, 0x0b09ad, 0x040082, 0xa89ea8, 0xa89ea8, 0xa89ea8, 0x040082, 0x040082, 0x040082, 0x040082, 0x040082, 0x8a798a, 0x8a798a, 0x8a798a, 0x756a75, 0x756a75, 0x756a75, 0x040082, 
  0x0b09ad, 0x0b09ad, 0x0b09ad, 0x0b09ad, 0x0b09ad, 0x0b09ad, 0x0b09ad, 0x0b09ad, 0x0b09ad, 0x0b09ad, 0x0b09ad, 0x0b09ad, 0x0b09ad, 0x0b09ad, 0x0b09ad, 0x0b09ad, 0x0b09ad, 0x0b09ad, 0x0b09ad, 0x0b09ad, 0x0b09ad, 0x0b09ad, 0x0b09ad, 0x0b09ad, 0x0b09ad, 0x0b09ad, 0x040082, 0x040082, 0x040082, 0x040082, 0x040082, 0x040082, 0x040082, 0x040082, 0x040082, 0x040082, 0x040082, 0x040082, 0x040082, 0x040082, 0x040082, 0x040082, 0x040082, 0x040082, 0x040082, 0x040082, 0x040082, 0x040082, 0xa89ea8, 0xa89ea8, 0x040082, 0x040082, 0x040082, 0x040082, 0x040082, 0x040082, 0x040082, 0x040082, 0x040082, 0x040082, 0x040082, 0x040082, 0x756a75, 0x756a75, 
  0x040082, 0x040082, 0x040082, 0x040082, 0x040082, 0x040082, 0x040082, 0x040082, 0x040082, 0x040082, 0x040082, 0x040082, 0x040082, 0x040082, 0x040082, 0x040082, 0x040082, 0x040082, 0x040082, 0x040082, 0x040082, 0x040082, 0x040082, 0x040082, 0x040082, 0x040082, 0x040082, 0x040082, 0x040082, 0x040082, 0x040082, 0x040082, 0x040082, 0x040082, 0x040082, 0x040082, 0x040082, 0x040082, 0x040082, 0x040082, 0x040082, 0x040082, 0x040082, 0x040082, 0x040082, 0x040082, 0x040082, 0xa89ea8, 0xa89ea8, 0x040082, 0x040082, 0x040082, 0x040082, 0x040082, 0x040082, 0x040082, 0x040082, 0x040082, 0x040082, 0x040082, 0x040082, 0x040082, 0x040082, 0x635763, 
  0x040082, 0x040082, 0x040082, 0x040082, 0xffffff, 0xffffff, 0xffffff, 0x040082, 0x040082, 0x040082, 0x040082, 0xffffff, 0x040082, 0x040082, 0x040082, 0x040082, 0x040082, 0xffffff, 0x040082, 0x040082, 0x040082, 0x040082, 0x040082, 0x040082, 0xffffff, 0x040082, 0x040082, 0x040082, 0x040082, 0x040082, 0x040082, 0xffffff, 0xffffff, 0xffffff, 0x040082, 0x040082, 0x040082, 0x040082, 0xffffff, 0xffffff, 0x040082, 0x040082, 0x040082, 0xffffff, 0xffffff, 0x040082, 0xa89ea8, 0xa89ea8, 0x040082, 0xffffff, 0xffffff, 0xffffff, 0x040082, 0xffffff, 0xffffff, 0xffffff, 0x040082, 0xffffff, 0xffffff, 0xffffff, 0x040082, 0x040082, 0x040082, 0x635763, 
  0x040082, 0x040082, 0x040082, 0xffffff, 0x040082, 0x040082, 0x040082, 0x040082, 0x040082, 0x040082, 0x040082, 0xffffff, 0x040082, 0x040082, 0x040082, 0x040082, 0x040082, 0xffffff, 0x040082, 0x040082, 0x040082, 0x040082, 0x040082, 0xffffff, 0x040082, 0xffffff, 0x040082, 0x040082, 0x040082, 0x040082, 0x040082, 0xffffff, 0x040082, 0x040082, 0xffffff, 0x040082, 0x040082, 0x040082, 0xffffff, 0x040082, 0xffffff, 0x040082, 0xffffff, 0x040082, 0xffffff, 0x040082, 0xa89ea8, 0x040082, 0x040082, 0xffffff, 0x040082, 0xffffff, 0x040082, 0xffffff, 0x040082, 0x040082, 0x040082, 0x040082, 0x040082, 0xffffff, 0x040082, 0x040082, 0x040082, 0x635763, 
  0x040082, 0x040082, 0x0f8005, 0xffffff, 0x040082, 0x040082, 0x040082, 0x040082, 0x040082, 0x040082, 0x040082, 0xffffff, 0x040082, 0x040082, 0x040082, 0x040082, 0x040082, 0xffffff, 0x040082, 0x040082, 0x040082, 0x040082, 0x040082, 0xffffff, 0x040082, 0xffffff, 0x040082, 0x040082, 0x040082, 0x040082, 0x040082, 0xffffff, 0x040082, 0x040082, 0xffffff, 0x040082, 0x040082, 0x040082, 0xffffff, 0x040082, 0xffffff, 0x040082, 0xffffff, 0x040082, 0xffffff, 0x040082, 0xa89ea8, 0x040082, 0x040082, 0xffffff, 0x040082, 0xffffff, 0x040082, 0xffffff, 0x040082, 0x040082, 0x040082, 0x040082, 0x040082, 0xffffff, 0x040082, 0x040082, 0x040082, 0x635763, 
  0x040082, 0x0f8005, 0x14b005, 0x0f8005, 0xffffff, 0xffffff, 0xffffff, 0x040082, 0x040082, 0x040082, 0x040082, 0xffffff, 0x040082, 0x040082, 0xffffff, 0x040082, 0x040082, 0xffffff, 0x040082, 0x040082, 0x040082, 0x040082, 0xffffff, 0x040082, 0x040082, 0x040082, 0xffffff, 0x040082, 0x040082, 0x040082, 0x040082, 0xffffff, 0xffffff, 0xffffff, 0x040082, 0x040082, 0x040082, 0x040082, 0xffffff, 0x040082, 0x040082, 0xffffff, 0x040082, 0x040082, 0xffffff, 0x040082, 0x8f7e8f, 0x040082, 0x040082, 0xffffff, 0xffffff, 0xffffff, 0x040082, 0xffffff, 0xffffff, 0xffffff, 0x040082, 0x040082, 0xffffff, 0xffffff, 0x040082, 0x040082, 0x040082, 0x635763, 
  0x040082, 0x0f8005, 0x14b005, 0x14b005, 0x0f8005, 0x040082, 0xffffff, 0x040082, 0x040082, 0x040082, 0x040082, 0xffffff, 0x040082, 0xffffff, 0x040082, 0xffffff, 0x040082, 0xffffff, 0x040082, 0x040082, 0x040082, 0x040082, 0xffffff, 0xffffff, 0xffffff, 0xffffff, 0xffffff, 0x040082, 0x040082, 0x040082, 0x040082, 0xffffff, 0x040082, 0xffffff, 0x040082, 0x040082, 0x040082, 0x040082, 0xffffff, 0x040082, 0x040082, 0x040082, 0x040082, 0x040082, 0xffffff, 0x040082, 0x8f7e8f, 0x8f7e8f, 0x040082, 0x040082, 0x040082, 0xffffff, 0x040082, 0x040082, 0x040082, 0xffffff, 0x040082, 0x040082, 0xffffff, 0x040082, 0x040082, 0x040082, 0x040082, 0x635763, 
  0x0f8005, 0x0f8005, 0x14b005, 0x14b005, 0x0f8005, 0x040082, 0xffffff, 0x040082, 0x040082, 0x040082, 0x040082, 0xffffff, 0x040082, 0xffffff, 0x040082, 0xffffff, 0x040082, 0xffffff, 0x040082, 0x040082, 0x040082, 0x040082, 0xffffff, 0x040082, 0x040082, 0x040082, 0xffffff, 0x040082, 0x040082, 0x040082, 0x040082, 0xffffff, 0x040082, 0x040082, 0xffffff, 0x040082, 0x040082, 0x040082, 0xffffff, 0x040082, 0x040082, 0x040082, 0x040082, 0x040082, 0xffffff, 0x040082, 0x040082, 0x8f7e8f, 0x040082, 0x040082, 0x040082, 0xffffff, 0x040082, 0x040082, 0x040082, 0xffffff, 0x040082, 0x040082, 0xffffff, 0x040082, 0x040082, 0x040082, 0x040082, 0x635763, 
  0x0f8005, 0x14b005, 0x14b005, 0xffffff, 0xffffff, 0xffffff, 0x040082, 0x040082, 0x040082, 0x040082, 0x040082, 0xffffff, 0xffffff, 0x040082, 0x040082, 0x040082, 0xffffff, 0xffffff, 0x040082, 0x040082, 0x040082, 0x040082, 0xffffff, 0x040082, 0x040082, 0x040082, 0xffffff, 0x040082, 0x040082, 0x040082, 0x040082, 0xffffff, 0x040082, 0x040082, 0xffffff, 0x040082, 0x040082, 0x040082, 0xffffff, 0x040082, 0xff5100, 0x040082, 0x040082, 0x040082, 0xffffff, 0x040082, 0x040082, 0x8a798a, 0x8a798a, 0x040082, 0x040082, 0xffffff, 0x040082, 0xffffff, 0xffffff, 0xffffff, 0x040082, 0x040082, 0xffffff, 0x040082, 0x040082, 0x040082, 0x040082, 0x635763, 
  0x0f8005, 0x14b005, 0x0f8005, 0x0f8005, 0x040082, 0x040082, 0x040082, 0x040082, 0x040082, 0x040082, 0xffa200, 0xffa200, 0x040082, 0x040082, 0x040082, 0x040082, 0x040082, 0x040082, 0x040082, 0x040082, 0x040082, 0x040082, 0x040082, 0x040082, 0x040082, 0x040082, 0x040082, 0x040082, 0x040082, 0x040082, 0x040082, 0x040082, 0x040082, 0x040082, 0x040082, 0x040082, 0x040082, 0x040082, 0x040082, 0xff5100, 0xff5100, 0x040082, 0x040082, 0x040082, 0x040082, 0x040082, 0x040082, 0x040082, 0x8a798a, 0x040082, 0x040082, 0x040082, 0x040082, 0x040082, 0x040082, 0x040082, 0x040082, 0x040082, 0x040082, 0x040082, 0x040082, 0x113a8c, 0x635763, 0x635763, 
  0x0f8005, 0x14b005, 0x0f8005, 0x040082, 0xffa200, 0xffffff, 0x040082, 0x040082, 0xffa200, 0xffa200, 0xffa200, 0xffffff, 0xffa200, 0xffffff, 0xffa200, 0x040082, 0x040082, 0x040082, 0x040082, 0x040082, 0x040082, 0x040082, 0x040082, 0x040082, 0x040082, 0x040082, 0x040082, 0x040082, 0xff00f7, 0xff00f7, 0xff00f7, 0xff00f7, 0xff00f7, 0x040082, 0x040082, 0x040082, 0xff5100, 0x040082, 0x040082, 0xff5100, 0x040082, 0xff5100, 0xff5100, 0x040082, 0x040082, 0x040082, 0x040082, 0x040082, 0x8a798a, 0x807180, 0x040082, 0x040082, 0x040082, 0x040082, 0x040082, 0x040082, 0x040082, 0x040082, 0x040082, 0x040082, 0x040082, 0x635763, 0x040082, 0x040082, 
  0x040082, 0x14b005, 0x0f8005, 0x040082, 0x040082, 0x040082, 0xffa200, 0xffa200, 0xffa200, 0xffffff, 0xffa200, 0xffffff, 0xffa200, 0xffffff, 0x000000, 0xffa200, 0x040082, 0x040082, 0x040082, 0x040082, 0x040082, 0x040082, 0x040082, 0x040082, 0x040082, 0x040082, 0xf7ff08, 0xf7ff08, 0xf7ff08, 0x870485, 0xb004ad, 0xb004ad, 0xff00f7, 0x040082, 0x040082, 0x040082, 0xff5100, 0xff5100, 0x040082, 0xff5100, 0x040082, 0xff5100, 0x040082, 0x040082, 0x040082, 0x040082, 0x040082, 0x040082, 0x040082, 0x807180, 0x635763, 0x635763, 0x635763, 0x635763, 0x635763, 0x635763, 0x635763, 0x635763, 0x635763, 0x635763, 0x635763, 0x635763, 0x040082, 0x040082, 
  0x040082, 0x14b005, 0x040082, 0x040082, 0xffa200, 0xffffff, 0x040082, 0x040082, 0xffa200, 0xffffff, 0xffa200, 0xffffff, 0xffa200, 0xffffff, 0xffffff, 0xffa200, 0xffa200, 0x040082, 0x040082, 0x040082, 0x040082, 0x040082, 0x040082, 0x040082, 0x040082, 0xf7ff08, 0xa8ab0c, 0xa8ab0c, 0xa8ab0c, 0xf7ff08, 0x870485, 0xb004ad, 0xff00f7, 0x040082, 0x040082, 0x040082, 0x040082, 0xff5100, 0xff5100, 0xff5100, 0xff5100, 0xff5100, 0x040082, 0x040082, 0x040082, 0x040082, 0x040082, 0x040082, 0x040082, 0x040082, 0x040082, 0x040082, 0x040082, 0x040082, 0x040082, 0x040082, 0x040082, 0x040082, 0x635763, 0x635763, 0x040082, 0x040082, 0x040082, 0x040082, 
  0x040082, 0x14b005, 0x040082, 0x040082, 0x040082, 0x040082, 0x040082, 0x040082, 0x040082, 0x040082, 0x040082, 0x040082, 0xffa200, 0x040082, 0x040082, 0x040082, 0x040082, 0x040082, 0x040082, 0x040082, 0x040082, 0x040082, 0x040082, 0x040082, 0xf7ff08, 0xa8ab0c, 0xa8ab0c, 0xa8ab0c, 0xa8ab0c, 0xa8ab0c, 0xf7ff08, 0x870485, 0x870485, 0xff00f7, 0x040082, 0x040082, 0x040082, 0x040082, 0xff5100, 0xff5100, 0x040082, 0x040082, 0x040082, 0x040082, 0x040082, 0x040082, 0x040082, 0x040082, 0x040082, 0x040082, 0x040082, 0x040082, 0x040082, 0x040082, 0x040082, 0x040082, 0x040082, 0x040082, 0x040082, 0x040082, 0x040082, 0x040082, 0x040082, 0x040082
};

void drawShallowSea(){
  for (int xval = 0; xval < 64; xval++){
    for (int yval = 0; yval < 16; yval++){
      int idx = 64 * yval + xval;
      int hex = SHALLOW_SEA[idx];
      RGB color = colorConverter(hex);
      matrix.drawPixel(xval, yval, matrix.color565(color.r, color.g, color.b));
    }
  }
  matrix.show();
}

// array size is 3072. Shows a black 957 with rainbow coloring around it
static const uint32_t PRIDE_957[] PROGMEM  = {
  0xed1c24, 0xff7e00, 0xffc20e, 0x22b14c, 0x4d6df3, 0x6f3198, 0xed1c24, 0xff7e00, 0xffc20e, 0x22b14c, 0x4d6df3, 0x6f3198, 0xed1c24, 0xff7e00, 0xffc20e, 0x22b14c, 0x4d6df3, 0x6f3198, 0xed1c24, 0xff7e00, 0xffc20e, 0x22b14c, 0x4d6df3, 0x6f3198, 0xed1c24, 0xff7e00, 0xffc20e, 0x22b14c, 0x4d6df3, 0x6f3198, 0xed1c24, 0xff7e00, 0xffc20e, 0x22b14c, 0x4d6df3, 0x6f3198, 0xed1c24, 0xff7e00, 0xffc20e, 0x22b14c, 0x4d6df3, 0x6f3198, 0xed1c24, 0xff7e00, 0xffc20e, 0x22b14c, 0x4d6df3, 0x6f3198, 0xed1c24, 0xff7e00, 0xffc20e, 0x22b14c, 0x4d6df3, 0x6f3198, 0xed1c24, 0xff7e00, 0xffc20e, 0x22b14c, 0x4d6df3, 0x6f3198, 0xed1c24, 0xff7e00, 0xffc20e, 0x22b14c, 
  0x4d6df3, 0x6f3198, 0xed1c24, 0xff7e00, 0xffc20e, 0x22b14c, 0x4d6df3, 0x6f3198, 0xed1c24, 0xff7e00, 0xffc20e, 0x22b14c, 0x4d6df3, 0x6f3198, 0xed1c24, 0xff7e00, 0xffc20e, 0x22b14c, 0x4d6df3, 0x6f3198, 0xed1c24, 0xff7e00, 0xffc20e, 0x22b14c, 0x4d6df3, 0x6f3198, 0xed1c24, 0xff7e00, 0xffc20e, 0x22b14c, 0x4d6df3, 0x6f3198, 0xed1c24, 0xff7e00, 0xffc20e, 0x22b14c, 0x4d6df3, 0x6f3198, 0xed1c24, 0xff7e00, 0xffc20e, 0x22b14c, 0x4d6df3, 0x6f3198, 0xed1c24, 0xff7e00, 0xffc20e, 0x22b14c, 0x4d6df3, 0x6f3198, 0xed1c24, 0xff7e00, 0xffc20e, 0x22b14c, 0x4d6df3, 0x6f3198, 0xed1c24, 0xff7e00, 0xffc20e, 0x22b14c, 0x4d6df3, 0x6f3198, 0xed1c24, 0xff7e00, 
  0xffc20e, 0x22b14c, 0x4d6df3, 0x6f3198, 0xed1c24, 0xff7e00, 0xffc20e, 0x22b14c, 0x4d6df3, 0x6f3198, 0xed1c24, 0xff7e00, 0xffc20e, 0x22b14c, 0x4d6df3, 0x6f3198, 0xed1c24, 0xff7e00, 0xffc20e, 0x22b14c, 0x4d6df3, 0x6f3198, 0xed1c24, 0xff7e00, 0xffc20e, 0x22b14c, 0x4d6df3, 0x6f3198, 0xed1c24, 0xff7e00, 0xffc20e, 0x22b14c, 0x4d6df3, 0x6f3198, 0xed1c24, 0xff7e00, 0xffc20e, 0x22b14c, 0x4d6df3, 0x6f3198, 0xed1c24, 0xff7e00, 0xffc20e, 0x22b14c, 0x4d6df3, 0x6f3198, 0xed1c24, 0xff7e00, 0xffc20e, 0x22b14c, 0x4d6df3, 0x6f3198, 0xed1c24, 0xff7e00, 0xffc20e, 0x22b14c, 0x4d6df3, 0x6f3198, 0xed1c24, 0xff7e00, 0xffc20e, 0x22b14c, 0x4d6df3, 0x6f3198, 
  0xed1c24, 0xff7e00, 0xffc20e, 0x22b14c, 0x4d6df3, 0x6f3198, 0xed1c24, 0xff7e00, 0xffc20e, 0x22b14c, 0x4d6df3, 0x6f3198, 0xed1c24, 0xff7e00, 0xffc20e, 0x22b14c, 0x4d6df3, 0x6f3198, 0x000000, 0x000000, 0x000000, 0x000000, 0x4d6df3, 0x6f3198, 0xed1c24, 0xff7e00, 0xffc20e, 0x22b14c, 0x000000, 0x000000, 0x000000, 0x000000, 0x000000, 0x000000, 0x000000, 0x6f3198, 0xed1c24, 0xff7e00, 0xffc20e, 0x000000, 0x000000, 0x000000, 0x000000, 0x000000, 0x000000, 0x000000, 0x000000, 0x6f3198, 0xed1c24, 0xff7e00, 0xffc20e, 0x22b14c, 0x4d6df3, 0x6f3198, 0xed1c24, 0xff7e00, 0xffc20e, 0x22b14c, 0x4d6df3, 0x6f3198, 0xed1c24, 0xff7e00, 0xffc20e, 0x22b14c, 
  0x4d6df3, 0x6f3198, 0xed1c24, 0xff7e00, 0xffc20e, 0x22b14c, 0x4d6df3, 0x6f3198, 0xed1c24, 0xff7e00, 0xffc20e, 0x22b14c, 0x4d6df3, 0x6f3198, 0xed1c24, 0xff7e00, 0xffc20e, 0x000000, 0x000000, 0x000000, 0x000000, 0x000000, 0x000000, 0x22b14c, 0x4d6df3, 0x6f3198, 0xed1c24, 0xff7e00, 0x000000, 0x000000, 0x000000, 0x000000, 0x000000, 0x000000, 0x000000, 0x22b14c, 0x4d6df3, 0x6f3198, 0xed1c24, 0x000000, 0x000000, 0x000000, 0x000000, 0x000000, 0x000000, 0x000000, 0x000000, 0x22b14c, 0x4d6df3, 0x6f3198, 0xed1c24, 0xff7e00, 0xffc20e, 0x22b14c, 0x4d6df3, 0x6f3198, 0xed1c24, 0xff7e00, 0xffc20e, 0x22b14c, 0x4d6df3, 0x6f3198, 0xed1c24, 0xff7e00, 
  0xffc20e, 0x22b14c, 0x4d6df3, 0x6f3198, 0xed1c24, 0xff7e00, 0xffc20e, 0x22b14c, 0x4d6df3, 0x6f3198, 0xed1c24, 0xff7e00, 0xffc20e, 0x22b14c, 0x4d6df3, 0x6f3198, 0x000000, 0x000000, 0xffc20e, 0x22b14c, 0x4d6df3, 0x6f3198, 0x000000, 0x000000, 0xffc20e, 0x22b14c, 0x4d6df3, 0x6f3198, 0x000000, 0x000000, 0xffc20e, 0x22b14c, 0x4d6df3, 0x6f3198, 0xed1c24, 0xff7e00, 0xffc20e, 0x22b14c, 0x4d6df3, 0x6f3198, 0xed1c24, 0xff7e00, 0xffc20e, 0x22b14c, 0x4d6df3, 0x000000, 0x000000, 0xff7e00, 0xffc20e, 0x22b14c, 0x4d6df3, 0x6f3198, 0xed1c24, 0xff7e00, 0xffc20e, 0x22b14c, 0x4d6df3, 0x6f3198, 0xed1c24, 0xff7e00, 0xffc20e, 0x22b14c, 0x4d6df3, 0x6f3198, 
  0xed1c24, 0xff7e00, 0xffc20e, 0x22b14c, 0x4d6df3, 0x6f3198, 0xed1c24, 0xff7e00, 0xffc20e, 0x22b14c, 0x4d6df3, 0x6f3198, 0xed1c24, 0xff7e00, 0xffc20e, 0x22b14c, 0x000000, 0x000000, 0xed1c24, 0xff7e00, 0xffc20e, 0x22b14c, 0x000000, 0x000000, 0xed1c24, 0xff7e00, 0xffc20e, 0x22b14c, 0x000000, 0x000000, 0xed1c24, 0xff7e00, 0xffc20e, 0x22b14c, 0x4d6df3, 0x6f3198, 0xed1c24, 0xff7e00, 0xffc20e, 0x22b14c, 0x4d6df3, 0x6f3198, 0xed1c24, 0xff7e00, 0xffc20e, 0x000000, 0x000000, 0x6f3198, 0xed1c24, 0xff7e00, 0xffc20e, 0x22b14c, 0x4d6df3, 0x6f3198, 0xed1c24, 0xff7e00, 0xffc20e, 0x22b14c, 0x4d6df3, 0x6f3198, 0xed1c24, 0xff7e00, 0xffc20e, 0x22b14c, 
  0x4d6df3, 0x6f3198, 0xed1c24, 0xff7e00, 0xffc20e, 0x22b14c, 0x4d6df3, 0x6f3198, 0xed1c24, 0xff7e00, 0xffc20e, 0x22b14c, 0x4d6df3, 0x6f3198, 0xed1c24, 0xff7e00, 0x000000, 0x000000, 0x4d6df3, 0x6f3198, 0xed1c24, 0xff7e00, 0x000000, 0x000000, 0x4d6df3, 0x6f3198, 0xed1c24, 0xff7e00, 0x000000, 0x000000, 0x4d6df3, 0x6f3198, 0xed1c24, 0xff7e00, 0xffc20e, 0x22b14c, 0x4d6df3, 0x6f3198, 0xed1c24, 0xff7e00, 0xffc20e, 0x22b14c, 0x4d6df3, 0x6f3198, 0x000000, 0x000000, 0xffc20e, 0x22b14c, 0x4d6df3, 0x6f3198, 0xed1c24, 0xff7e00, 0xffc20e, 0x22b14c, 0x4d6df3, 0x6f3198, 0xed1c24, 0xff7e00, 0xffc20e, 0x22b14c, 0x4d6df3, 0x6f3198, 0xed1c24, 0xff7e00, 
  0xffc20e, 0x22b14c, 0x4d6df3, 0x6f3198, 0xed1c24, 0xff7e00, 0xffc20e, 0x22b14c, 0x4d6df3, 0x6f3198, 0xed1c24, 0xff7e00, 0xffc20e, 0x22b14c, 0x4d6df3, 0x6f3198, 0x000000, 0x000000, 0xffc20e, 0x22b14c, 0x4d6df3, 0x6f3198, 0x000000, 0x000000, 0xffc20e, 0x22b14c, 0x4d6df3, 0x6f3198, 0x000000, 0x000000, 0x000000, 0x000000, 0x000000, 0x6f3198, 0xed1c24, 0xff7e00, 0xffc20e, 0x22b14c, 0x4d6df3, 0x6f3198, 0xed1c24, 0xff7e00, 0xffc20e, 0x22b14c, 0x000000, 0x000000, 0xed1c24, 0xff7e00, 0xffc20e, 0x22b14c, 0x4d6df3, 0x6f3198, 0xed1c24, 0xff7e00, 0xffc20e, 0x22b14c, 0x4d6df3, 0x6f3198, 0xed1c24, 0xff7e00, 0xffc20e, 0x22b14c, 0x4d6df3, 0x6f3198, 
  0xed1c24, 0xff7e00, 0xffc20e, 0x22b14c, 0x4d6df3, 0x6f3198, 0xed1c24, 0xff7e00, 0xffc20e, 0x22b14c, 0x4d6df3, 0x6f3198, 0xed1c24, 0xff7e00, 0xffc20e, 0x22b14c, 0x4d6df3, 0x000000, 0x000000, 0x000000, 0x000000, 0x000000, 0x000000, 0x000000, 0xed1c24, 0xff7e00, 0xffc20e, 0x22b14c, 0x000000, 0x000000, 0x000000, 0x000000, 0x000000, 0x000000, 0x4d6df3, 0x6f3198, 0xed1c24, 0xff7e00, 0xffc20e, 0x22b14c, 0x4d6df3, 0x6f3198, 0xed1c24, 0x000000, 0x000000, 0x22b14c, 0x4d6df3, 0x6f3198, 0xed1c24, 0xff7e00, 0xffc20e, 0x22b14c, 0x4d6df3, 0x6f3198, 0xed1c24, 0xff7e00, 0xffc20e, 0x22b14c, 0x4d6df3, 0x6f3198, 0xed1c24, 0xff7e00, 0xffc20e, 0x22b14c, 
  0x4d6df3, 0x6f3198, 0xed1c24, 0xff7e00, 0xffc20e, 0x22b14c, 0x4d6df3, 0x6f3198, 0xed1c24, 0xff7e00, 0xffc20e, 0x22b14c, 0x4d6df3, 0x6f3198, 0xed1c24, 0xff7e00, 0xffc20e, 0x22b14c, 0x000000, 0x000000, 0x000000, 0x000000, 0x000000, 0x000000, 0x4d6df3, 0x6f3198, 0xed1c24, 0xff7e00, 0xffc20e, 0x22b14c, 0x4d6df3, 0x6f3198, 0xed1c24, 0x000000, 0x000000, 0x22b14c, 0x4d6df3, 0x6f3198, 0xed1c24, 0xff7e00, 0xffc20e, 0x22b14c, 0x4d6df3, 0x000000, 0x000000, 0xff7e00, 0xffc20e, 0x22b14c, 0x4d6df3, 0x6f3198, 0xed1c24, 0xff7e00, 0xffc20e, 0x22b14c, 0x4d6df3, 0x6f3198, 0xed1c24, 0xff7e00, 0xffc20e, 0x22b14c, 0x4d6df3, 0x6f3198, 0xed1c24, 0xff7e00, 
  0xffc20e, 0x22b14c, 0x4d6df3, 0x6f3198, 0xed1c24, 0xff7e00, 0xffc20e, 0x22b14c, 0x4d6df3, 0x6f3198, 0xed1c24, 0xff7e00, 0xffc20e, 0x22b14c, 0x4d6df3, 0x6f3198, 0xed1c24, 0xff7e00, 0xffc20e, 0x22b14c, 0x4d6df3, 0x6f3198, 0x000000, 0x000000, 0xffc20e, 0x22b14c, 0x4d6df3, 0x6f3198, 0xed1c24, 0xff7e00, 0xffc20e, 0x22b14c, 0x4d6df3, 0x000000, 0x000000, 0xff7e00, 0xffc20e, 0x4d6df3, 0x4d6df3, 0x6f3198, 0xed1c24, 0xff7e00, 0x000000, 0x000000, 0x4d6df3, 0x6f3198, 0xed1c24, 0xff7e00, 0xffc20e, 0x22b14c, 0x4d6df3, 0x6f3198, 0xed1c24, 0xff7e00, 0xffc20e, 0x22b14c, 0x4d6df3, 0x6f3198, 0xed1c24, 0xff7e00, 0xffc20e, 0x22b14c, 0x4d6df3, 0x6f3198, 
  0xed1c24, 0xff7e00, 0xffc20e, 0x22b14c, 0x4d6df3, 0x6f3198, 0xed1c24, 0xff7e00, 0xffc20e, 0x22b14c, 0x4d6df3, 0x6f3198, 0xed1c24, 0xff7e00, 0xffc20e, 0x22b14c, 0x4d6df3, 0x6f3198, 0xed1c24, 0xff7e00, 0xffc20e, 0x22b14c, 0x000000, 0x000000, 0xed1c24, 0xff7e00, 0xffc20e, 0x22b14c, 0x4d6df3, 0x6f3198, 0xed1c24, 0xff7e00, 0xffc20e, 0x000000, 0x000000, 0x6f3198, 0xed1c24, 0xff7e00, 0xffc20e, 0x22b14c, 0x4d6df3, 0x000000, 0x000000, 0x000000, 0xffc20e, 0x22b14c, 0x4d6df3, 0x6f3198, 0xed1c24, 0xff7e00, 0xffc20e, 0x22b14c, 0x4d6df3, 0x6f3198, 0xed1c24, 0xff7e00, 0xffc20e, 0x22b14c, 0x4d6df3, 0x6f3198, 0xed1c24, 0xff7e00, 0xffc20e, 0x22b14c, 
  0x4d6df3, 0x6f3198, 0xed1c24, 0xff7e00, 0xffc20e, 0x22b14c, 0x4d6df3, 0x6f3198, 0xed1c24, 0xff7e00, 0xffc20e, 0x22b14c, 0x4d6df3, 0x6f3198, 0xed1c24, 0xff7e00, 0xffc20e, 0x22b14c, 0x4d6df3, 0x6f3198, 0xed1c24, 0xff7e00, 0x000000, 0x000000, 0x4d6df3, 0x6f3198, 0xed1c24, 0xff7e00, 0x000000, 0x000000, 0x000000, 0x000000, 0x000000, 0x000000, 0x000000, 0x22b14c, 0x4d6df3, 0x6f3198, 0xed1c24, 0xff7e00, 0x000000, 0x000000, 0x000000, 0x6f3198, 0xed1c24, 0xff7e00, 0xffc20e, 0x22b14c, 0x4d6df3, 0x6f3198, 0xed1c24, 0xff7e00, 0xffc20e, 0x22b14c, 0x4d6df3, 0x6f3198, 0xed1c24, 0xff7e00, 0xffc20e, 0x22b14c, 0x4d6df3, 0x6f3198, 0xed1c24, 0xff7e00, 
  0xffc20e, 0x22b14c, 0x4d6df3, 0x6f3198, 0xed1c24, 0xff7e00, 0xffc20e, 0x22b14c, 0x4d6df3, 0x6f3198, 0xed1c24, 0xff7e00, 0xffc20e, 0x22b14c, 0x4d6df3, 0x6f3198, 0xed1c24, 0xff7e00, 0xffc20e, 0x22b14c, 0x4d6df3, 0x6f3198, 0x000000, 0x000000, 0xffc20e, 0x22b14c, 0x4d6df3, 0x6f3198, 0x000000, 0x000000, 0x000000, 0x000000, 0x000000, 0x000000, 0xed1c24, 0xff7e00, 0xffc20e, 0x22b14c, 0x4d6df3, 0x6f3198, 0x000000, 0x000000, 0xffc20e, 0x22b14c, 0x4d6df3, 0x6f3198, 0xed1c24, 0xff7e00, 0xffc20e, 0x22b14c, 0x4d6df3, 0x6f3198, 0xed1c24, 0xff7e00, 0xffc20e, 0x22b14c, 0x4d6df3, 0x6f3198, 0xed1c24, 0xff7e00, 0xffc20e, 0x22b14c, 0x4d6df3, 0x6f3198, 
  0xed1c24, 0xff7e00, 0xffc20e, 0x22b14c, 0x4d6df3, 0x6f3198, 0xed1c24, 0xff7e00, 0xffc20e, 0x22b14c, 0x4d6df3, 0x6f3198, 0xed1c24, 0xff7e00, 0xffc20e, 0x22b14c, 0x4d6df3, 0x6f3198, 0xed1c24, 0xff7e00, 0xffc20e, 0x22b14c, 0x4d6df3, 0x6f3198, 0xed1c24, 0xff7e00, 0xffc20e, 0x22b14c, 0x4d6df3, 0x6f3198, 0xed1c24, 0xff7e00, 0xffc20e, 0x22b14c, 0x4d6df3, 0x6f3198, 0xed1c24, 0xff7e00, 0xffc20e, 0x22b14c, 0x4d6df3, 0x6f3198, 0xed1c24, 0xff7e00, 0xffc20e, 0x22b14c, 0x4d6df3, 0x6f3198, 0xed1c24, 0xff7e00, 0xffc20e, 0x22b14c, 0x4d6df3, 0x6f3198, 0xed1c24, 0xff7e00, 0xffc20e, 0x22b14c, 0x4d6df3, 0x6f3198, 0xed1c24, 0xff7e00, 0xffc20e, 0x22b14c
};

void draw957Pride(){
  for (int xval = 0; xval < 64; xval++){
    for (int yval = 0; yval < 16; yval++){
      int idx = 64 * yval + xval;
      int hex = PRIDE_957[idx];
      RGB color = colorConverter(hex);
      matrix.drawPixel(xval, yval, matrix.color565(color.r, color.g, color.b));
    }
  }
  matrix.show();
}

// array size is 3072.
static const uint32_t pixil_frame_0[] PROGMEM = {
  0x000000, 0x000000, 0x000000, 0x000000, 0x000000, 0x000000, 0x000000, 0x000000, 0x000000, 0x000000, 0x000000, 0x000000, 0x000000, 0x000000, 0x000000, 0x000000, 0x000000, 0x000000, 0x000000, 0x000000, 0x000000, 0x000000, 0x000000, 0x000000, 0x000000, 0x000000, 0x000000, 0x464646, 0x212121, 0x990030, 0x990030, 0xf5e49c, 0xffd740, 0xffc20e, 0xffc20e, 0xff7e00, 0xff6d00, 0xff6d00, 0xbf360c, 0x990030, 0xf5e49c, 0xffd740, 0xffc20e, 0xffc20e, 0xff7e00, 0xff6d00, 0xe65100, 0x990030, 0xf5e49c, 0xffe57f, 0xffd740, 0xffd740, 0xffc20e, 0xffc20e, 0xff7e00, 0xff7e00, 0xff6d00, 0xe65100, 0xbf360c, 0x990030, 0xf5e49c, 0xffc20e, 0xff7e00, 0xff6d00, 
  0x000000, 0x000000, 0x000000, 0x000000, 0x000000, 0x000000, 0x000000, 0x000000, 0x000000, 0x000000, 0x000000, 0x000000, 0x000000, 0x000000, 0x000000, 0x000000, 0x000000, 0x000000, 0x000000, 0x000000, 0x000000, 0x000000, 0x000000, 0x000000, 0x000000, 0x000000, 0x000000, 0x464646, 0x212121, 0x990030, 0xf5e49c, 0xffe57f, 0xffd740, 0xffd740, 0xffc20e, 0xffc20e, 0xff7e00, 0xff6d00, 0xe65100, 0xbf360c, 0x990030, 0x990030, 0x990030, 0x990030, 0x990030, 0x990030, 0x990030, 0x990030, 0xf5e49c, 0xffe57f, 0xffd740, 0xffc20e, 0xffc20e, 0xffc20e, 0xff7e00, 0xff6d00, 0xe65100, 0xe65100, 0xbf360c, 0x990030, 0x990030, 0x990030, 0x990030, 0x990030, 
  0x000000, 0xffd180, 0xffd180, 0xffd180, 0x000000, 0x000000, 0x000000, 0x000000, 0x000000, 0x000000, 0x000000, 0x000000, 0x000000, 0x000000, 0x000000, 0x000000, 0x000000, 0x000000, 0x000000, 0x000000, 0x000000, 0x000000, 0x000000, 0x000000, 0x000000, 0x000000, 0x000000, 0x464646, 0x212121, 0x990030, 0x990030, 0xffe57f, 0xffd740, 0xffd740, 0xffc20e, 0xffc20e, 0xff7e00, 0xff6d00, 0xff6d00, 0xbf360c, 0x990030, 0xf5e49c, 0xffc20e, 0xff7e00, 0xff6d00, 0xff6d00, 0x990030, 0x990030, 0x990030, 0xffd740, 0xffc20e, 0xffc20e, 0xff7e00, 0xff7e00, 0xff6d00, 0xe65100, 0xe65100, 0xbf360c, 0x990030, 0x990030, 0xf5e49c, 0xffc20e, 0xff6d00, 0xbf360c, 
  0x000000, 0xffd180, 0x000000, 0xffd180, 0x000000, 0x000000, 0xffd180, 0xffd180, 0xffd180, 0x000000, 0xffd180, 0xffd180, 0x000000, 0x000000, 0xffd180, 0xffd180, 0xffd180, 0x000000, 0xffd180, 0xffd180, 0xffd180, 0x000000, 0xffd180, 0xffd180, 0xffd180, 0x000000, 0x000000, 0x000000, 0x464646, 0x212121, 0x990030, 0xf5e49c, 0xffd740, 0xffc20e, 0xffc20e, 0xff7e00, 0xff6d00, 0xff6d00, 0xbf360c, 0x990030, 0xf5e49c, 0xffd740, 0xffd740, 0xffc20e, 0xff7e00, 0xff6d00, 0xe65100, 0xe65100, 0x990030, 0x990030, 0xffc20e, 0xff7e00, 0xff7e00, 0xff6d00, 0xe65100, 0xe65100, 0x990030, 0x990030, 0xf5e49c, 0xf5e49c, 0xffd740, 0xffc20e, 0xff6d00, 0xe65100, 
  0x000000, 0xffab40, 0x212121, 0xffab40, 0x000000, 0x000000, 0xffab40, 0x000000, 0xffab40, 0x000000, 0xffab40, 0x000000, 0xffab40, 0x000000, 0xffab40, 0x000000, 0xffab40, 0x000000, 0x000000, 0xffab40, 0x000000, 0x000000, 0xffab40, 0x000000, 0x000000, 0x000000, 0x000000, 0x000000, 0x000000, 0x464646, 0x990030, 0x990030, 0xf5e49c, 0xffc20e, 0xff7e00, 0xff6d00, 0xff6d00, 0xbf360c, 0x990030, 0xf5e49c, 0xffe57f, 0xffd740, 0xffd740, 0xffc20e, 0xffc20e, 0xff6d00, 0xff6d00, 0xe65100, 0xbf360c, 0x990030, 0x990030, 0xff7e00, 0xff6d00, 0xff6d00, 0xe65100, 0xbf360c, 0x990030, 0xf5e49c, 0xffe57f, 0xffd740, 0xffd740, 0xffc20e, 0xff7e00, 0xe65100, 
  0x000000, 0xff9100, 0xff9100, 0x000000, 0x000000, 0x000000, 0xff9100, 0x000000, 0xff9100, 0x000000, 0xff9100, 0xff9100, 0x000000, 0x000000, 0xff9100, 0x000000, 0xff9100, 0x000000, 0x000000, 0xff9100, 0x000000, 0x000000, 0x000000, 0xff9100, 0x000000, 0x000000, 0x000000, 0x000000, 0x000000, 0x464646, 0x212121, 0x212121, 0x990030, 0x990030, 0x990030, 0x990030, 0x990030, 0x990030, 0x990030, 0xf5e49c, 0xffe57f, 0xffd740, 0xffc20e, 0xffc20e, 0xffc20e, 0xff7e00, 0xff6d00, 0xe65100, 0xbf360c, 0x990030, 0x990030, 0x990030, 0x990030, 0x990030, 0x990030, 0x990030, 0x990030, 0xf5e49c, 0xffd740, 0xffd740, 0xffc20e, 0xffc20e, 0xff7e00, 0xe65100, 
  0x000000, 0xf4511e, 0x000000, 0xf4511e, 0x000000, 0x000000, 0xf4511e, 0x212121, 0xf4511e, 0x000000, 0xf4511e, 0x000000, 0xf4511e, 0x000000, 0xf4511e, 0x212121, 0xf4511e, 0x000000, 0x000000, 0xf4511e, 0x000000, 0x000000, 0x000000, 0x000000, 0xf4511e, 0x000000, 0x000000, 0x000000, 0x464646, 0x212121, 0x990030, 0x990030, 0x990030, 0xf5e49c, 0xffc20e, 0xff7e00, 0xff6d00, 0xbf360c, 0x990030, 0xf5e49c, 0xffe57f, 0xffd740, 0xffc20e, 0xffc20e, 0xff7e00, 0xff7e00, 0xe65100, 0xe65100, 0xbf360c, 0x990030, 0xffc20e, 0xff7e00, 0xff7e00, 0xff7e00, 0xff6d00, 0xe65100, 0xbf360c, 0x990030, 0xf5e49c, 0xffc20e, 0xffc20e, 0xffc20e, 0xff7e00, 0xe65100, 
  0x000000, 0xf4511e, 0x000000, 0x000000, 0xf4511e, 0x000000, 0xf4511e, 0xf4511e, 0xf4511e, 0x000000, 0xf4511e, 0xf4511e, 0x000000, 0x000000, 0xf4511e, 0xf4511e, 0xf4511e, 0x000000, 0x000000, 0xf4511e, 0x000000, 0x000000, 0xf4511e, 0xf4511e, 0xf4511e, 0x000000, 0x000000, 0x464646, 0x212121, 0x990030, 0x990030, 0xf5e49c, 0xffe57f, 0xffd740, 0xffc20e, 0xff7e00, 0xff6d00, 0xff6d00, 0x990030, 0x990030, 0xffd740, 0xffd740, 0xffc20e, 0xffc20e, 0xff7e00, 0xe65100, 0xe65100, 0xbf360c, 0x990030, 0xf5e49c, 0xffd740, 0xffc20e, 0xff7e00, 0xff7e00, 0xff6d00, 0xe65100, 0xe65100, 0xbf360c, 0x990030, 0xffc20e, 0xff7e00, 0xff7e00, 0xff6d00, 0xe65100, 
  0x000000, 0x000000, 0x000000, 0x000000, 0x000000, 0x000000, 0x000000, 0x000000, 0x000000, 0x000000, 0x000000, 0x000000, 0x000000, 0x000000, 0x000000, 0x000000, 0x000000, 0x000000, 0x000000, 0x000000, 0x000000, 0x000000, 0x000000, 0x000000, 0x000000, 0x000000, 0x000000, 0x464646, 0x212121, 0x990030, 0xffe57f, 0xffe57f, 0xffd740, 0xffd740, 0xffc20e, 0xffc20e, 0xff7e00, 0xff6d00, 0xbf360c, 0x990030, 0xffc20e, 0xffc20e, 0xff7e00, 0xff7e00, 0xff6d00, 0xe65100, 0xbf360c, 0x990030, 0xf5e49c, 0xffe57f, 0xffd740, 0xffc20e, 0xffc20e, 0xff7e00, 0xff7e00, 0xff6d00, 0xe65100, 0xbf360c, 0xbf360c, 0x990030, 0x990030, 0x990030, 0x990030, 0x990030, 
  0x000000, 0x000000, 0x000000, 0x000000, 0x000000, 0x000000, 0x000000, 0x000000, 0x000000, 0x000000, 0x000000, 0x000000, 0x000000, 0x000000, 0x000000, 0x000000, 0x000000, 0x000000, 0x000000, 0x000000, 0x000000, 0x000000, 0x000000, 0x000000, 0x000000, 0x000000, 0x000000, 0x464646, 0x212121, 0x990030, 0xffe57f, 0xffe57f, 0xffd740, 0xffd740, 0xffc20e, 0xffc20e, 0xff7e00, 0xff6d00, 0xe65100, 0xbf360c, 0x990030, 0x990030, 0x990030, 0x990030, 0x990030, 0x990030, 0x990030, 0x990030, 0xf5e49c, 0xffe57f, 0xffd740, 0xffc20e, 0xffc20e, 0xff7e00, 0xff7e00, 0xff6d00, 0xe65100, 0xbf360c, 0xbf360c, 0x990030, 0x990030, 0xffc20e, 0xff7e00, 0xff7e00, 
  0x000000, 0x000000, 0x000000, 0x000000, 0x000000, 0x000000, 0x000000, 0x000000, 0x000000, 0x000000, 0x000000, 0x000000, 0x000000, 0x000000, 0x000000, 0x000000, 0x000000, 0x000000, 0x000000, 0x000000, 0x000000, 0x000000, 0x000000, 0x000000, 0x000000, 0x000000, 0x000000, 0x464646, 0x212121, 0x990030, 0xf5e49c, 0xffd740, 0xffd740, 0xffd740, 0xffc20e, 0xffc20e, 0xff7e00, 0xff6d00, 0xe65100, 0xbf360c, 0x990030, 0xf5e49c, 0xffc20e, 0xffc20e, 0xff6d00, 0xe65100, 0xbf360c, 0x990030, 0x990030, 0xf5e49c, 0xffd740, 0xffc20e, 0xff7e00, 0xff7e00, 0xff6d00, 0xe65100, 0xbf360c, 0xbf360c, 0x990030, 0x990030, 0xf5e49c, 0xffc20e, 0xff7e00, 0xff6d00, 
  0x000000, 0x000000, 0x000000, 0x000000, 0x000000, 0x000000, 0x000000, 0x000000, 0x000000, 0x000000, 0x000000, 0x000000, 0x000000, 0x000000, 0x000000, 0x000000, 0x000000, 0x000000, 0x000000, 0x000000, 0x000000, 0x000000, 0x000000, 0x000000, 0x000000, 0x000000, 0x000000, 0x464646, 0x212121, 0x990030, 0xf5e49c, 0xffd740, 0xffd740, 0xffc20e, 0xffc20e, 0xff7e00, 0xff6d00, 0xff6d00, 0xbf360c, 0x990030, 0xf5e49c, 0xffe57f, 0xffd740, 0xffc20e, 0xff7e00, 0xff6d00, 0xe65100, 0xbf360c, 0x990030, 0x990030, 0xf5e49c, 0xffc20e, 0xff7e00, 0xff6d00, 0xff6d00, 0xe65100, 0xbf360c, 0x990030, 0x990030, 0xf5e49c, 0xffd740, 0xffc20e, 0xff7e00, 0xff6d00, 
  0x000000, 0x000000, 0x000000, 0x000000, 0x000000, 0x000000, 0x000000, 0x000000, 0x000000, 0x000000, 0x000000, 0x000000, 0x000000, 0x000000, 0x000000, 0x000000, 0x000000, 0x000000, 0x000000, 0x000000, 0x000000, 0x000000, 0x000000, 0x000000, 0x000000, 0x000000, 0x000000, 0x464646, 0x212121, 0x990030, 0x990030, 0xffc20e, 0xffc20e, 0xff7e00, 0xff7e00, 0xff6d00, 0xff6d00, 0xbf360c, 0x990030, 0xf5e49c, 0xffe57f, 0xffe57f, 0xffd740, 0xffc20e, 0xffc20e, 0xff7e00, 0xff7e00, 0xff6d00, 0xbf360c, 0x990030, 0x990030, 0x990030, 0x990030, 0x990030, 0x990030, 0x990030, 0x990030, 0x990030, 0xf5e49c, 0xffd740, 0xffd740, 0xffc20e, 0xff7e00, 0xff6d00, 
  0x000000, 0x000000, 0x000000, 0x000000, 0x000000, 0x000000, 0x000000, 0x000000, 0x000000, 0x000000, 0x000000, 0x000000, 0x000000, 0x000000, 0x000000, 0x000000, 0x000000, 0x000000, 0x000000, 0x000000, 0x000000, 0x000000, 0x000000, 0x000000, 0x000000, 0x000000, 0x000000, 0x000000, 0x464646, 0x212121, 0x990030, 0x990030, 0x990030, 0xff7e00, 0xff6d00, 0xff6d00, 0xe65100, 0x990030, 0xffe57f, 0xffe57f, 0xffe57f, 0xffd740, 0xffc20e, 0xffc20e, 0xffc20e, 0xff7e00, 0xff6d00, 0xe65100, 0x990030, 0xf5e49c, 0xf5e49c, 0xff7e00, 0xff7e00, 0xff6d00, 0xe65100, 0xbf360c, 0xbf360c, 0x990030, 0xf5e49c, 0xffd740, 0xffc20e, 0xffc20e, 0xff7e00, 0xe65100, 
  0x000000, 0x000000, 0x000000, 0x000000, 0x000000, 0x000000, 0x000000, 0x000000, 0x000000, 0x000000, 0x000000, 0x000000, 0x000000, 0x000000, 0x000000, 0x000000, 0x000000, 0x000000, 0x000000, 0x000000, 0x000000, 0x000000, 0x000000, 0x000000, 0x000000, 0x000000, 0x000000, 0x000000, 0x000000, 0x464646, 0x212121, 0x990030, 0x990030, 0x990030, 0x990030, 0x990030, 0x990030, 0xf5e49c, 0xffe57f, 0xffe57f, 0xffd740, 0xffc20e, 0xffc20e, 0xffc20e, 0xff7e00, 0xff6d00, 0xe65100, 0xbf360c, 0x990030, 0xffe57f, 0xffc20e, 0xff7e00, 0xff7e00, 0xff6d00, 0xe65100, 0xe65100, 0xbf360c, 0x990030, 0xf5e49c, 0xffd740, 0xffc20e, 0xff7e00, 0xff6d00, 0xe65100, 
  0x000000, 0x000000, 0x000000, 0x000000, 0x000000, 0x000000, 0x000000, 0x000000, 0x000000, 0x000000, 0x000000, 0x000000, 0x000000, 0x000000, 0x000000, 0x000000, 0x000000, 0x000000, 0x000000, 0x000000, 0x000000, 0x000000, 0x000000, 0x000000, 0x000000, 0x000000, 0x000000, 0x000000, 0x000000, 0x000000, 0x464646, 0x212121, 0x212121, 0x212121, 0x212121, 0x212121, 0x990030, 0xf5e49c, 0xffe57f, 0xffd740, 0xffd740, 0xffc20e, 0xff7e00, 0xff7e00, 0xe65100, 0xe65100, 0xbf360c, 0x990030, 0xf5e49c, 0xffe57f, 0xffc20e, 0xffc20e, 0xff7e00, 0xff7e00, 0xff6d00, 0xff6d00, 0xe65100, 0xbf360c, 0x990030, 0xf5e49c, 0xffc20e, 0xff6d00, 0xe65100, 0xbf360c
};

void drawBee(){
  for (int xval = 0; xval < 64; xval++){
    for (int yval = 0; yval < 16; yval++){
      int idx = 64 * yval + xval;
      int hex = pixil_frame_0[idx];
      RGB color = colorConverter(hex);
      matrix.drawPixel(xval, yval, matrix.color565(color.r, color.g, color.b));
    }
  }
  matrix.show();
}
  

// array size is 3072. draws a bee with droplets of honey.
static const uint32_t bee_honey[] PROGMEM  = {
  0x795548, 0xd50000, 0xff5722, 0xff5722, 0xff5722, 0xff9800, 0x765346, 0xd50000, 0xff5722, 0xff5722, 0xf99400, 0xff9800, 0x795548, 0xd10000, 0xff5722, 0xff5722, 0xff5722, 0xff9800, 0xfbc02d, 0xf7bd2c, 0x000000, 0x785447, 0xd50000, 0xcf0000, 0xfa5521, 0xff5722, 0xff5722, 0xff9800, 0xff5722, 0xd30000, 0xff5722, 0xff5722, 0xff9800, 0xff9800, 0xfbc02d, 0x000000, 0x000000, 0x000000, 0x000000, 0x000000, 0xff9800, 0xff6f00, 0xff9800, 0xf99400, 0xff9800, 0xff9800, 0x000000, 0xff9800, 0xff6f00, 0xff6f00, 0xff6f00, 0xff6f00, 0xfd6e00, 0xff5722, 0xf57f17, 0x000000, 0x000000, 0x000000, 0xf9e1e9, 0xfbc02d, 0xff9800, 0xff5722, 0xff5722, 0xd50000, 
  0x795548, 0xd50000, 0xff5722, 0xfe5722, 0xff9800, 0xff9800, 0xd50000, 0xff5722, 0xff5722, 0xff5722, 0xff9800, 0xfc5622, 0xd50000, 0xd50000, 0xff5722, 0xff5722, 0xff9800, 0xff9800, 0xfbc02d, 0xfbc02d, 0x000000, 0x795548, 0xd50000, 0xd50000, 0xff5722, 0xff5722, 0xff5722, 0xff9800, 0xff9800, 0xff9800, 0xff9800, 0xff9800, 0xff9800, 0xfbc02d, 0x000000, 0x000000, 0x000000, 0x000000, 0x000000, 0xff9800, 0xff6f00, 0xbf360c, 0xbf360c, 0xbf360c, 0xbf360c, 0xff5722, 0xff9800, 0xff6f00, 0x000000, 0x000000, 0x000000, 0x000000, 0x000000, 0xff6f00, 0xff5722, 0xff9800, 0x000000, 0x000000, 0xfce4ec, 0xfce4ec, 0xfbc02d, 0xff9800, 0xfb5621, 0xd50000, 
  0xd50000, 0xfb5621, 0xff5722, 0xff9800, 0xff9800, 0xff9800, 0xff9800, 0xd50000, 0xff5722, 0xff5722, 0xf99400, 0xff9800, 0xd50000, 0xd50000, 0xfd5622, 0xff5722, 0xf89400, 0xff9800, 0xfbc02d, 0x000000, 0x000000, 0x000000, 0xd30000, 0xd50000, 0xff5722, 0xff5722, 0xff9800, 0xfa9500, 0xff9800, 0x000000, 0xff9800, 0xff9800, 0xfbc02d, 0xff9800, 0xf6e0e7, 0x000000, 0x000000, 0x000000, 0xff9800, 0xbf360c, 0xbf360c, 0x785447, 0x795548, 0x795548, 0x795548, 0xff9800, 0xff6f00, 0xbf360c, 0xff9800, 0x000000, 0x000000, 0x000000, 0x000000, 0x000000, 0xff6f00, 0xff9800, 0x000000, 0x000000, 0x000000, 0xf6e0e7, 0xfbc02d, 0xfbc02d, 0xfd9700, 0xff5722, 
  0xd50000, 0xff5722, 0xfc5622, 0xff9800, 0xfbc02d, 0xff9800, 0xd50000, 0xfa5521, 0xff5722, 0xff9800, 0xff9800, 0xff9800, 0xd50000, 0xd50000, 0xfb5621, 0xff9800, 0xff9800, 0xf4bb2c, 0xf6bc2c, 0x000000, 0x000000, 0x000000, 0xd30000, 0xd50000, 0xff5722, 0xff5722, 0xff9800, 0xff9800, 0x000000, 0x000000, 0x000000, 0xfbc02d, 0xfce4ec, 0xfce4ec, 0x000000, 0x000000, 0x000000, 0xff9800, 0xff5722, 0xbf360c, 0x000000, 0x000000, 0x000000, 0x000000, 0xff9800, 0xff6f00, 0x795548, 0xbf360c, 0xbf360c, 0xf89400, 0x000000, 0x000000, 0x000000, 0x000000, 0xff5722, 0xff9800, 0x000000, 0x000000, 0x000000, 0xfce4ec, 0xfbc02d, 0xfbc02d, 0xfbc02d, 0xf89400, 
  0xff5722, 0xff5722, 0xff9800, 0xff9800, 0xfbc02d, 0xf89400, 0xd50000, 0xfc5622, 0xff5722, 0xff9800, 0xfbc02d, 0x795548, 0xd50000, 0xff5722, 0xff5722, 0xff9800, 0xfbc02d, 0xfce4ec, 0xfbc02d, 0x000000, 0x000000, 0x000000, 0xd50000, 0xd40000, 0xff5722, 0xff5722, 0xf8be2c, 0x000000, 0x000000, 0x000000, 0x000000, 0x000000, 0x000000, 0x000000, 0x000000, 0x000000, 0x000000, 0xfbc02d, 0xfb6d00, 0xbf360c, 0x000000, 0x000000, 0x000000, 0x000000, 0xff9800, 0xfb6d00, 0x795548, 0x795548, 0xbf360c, 0xbc350c, 0xfd9700, 0x000000, 0x000000, 0x000000, 0xff5722, 0xff6f00, 0x000000, 0x000000, 0x000000, 0x000000, 0xfce4ec, 0xfbc02d, 0xfce4ec, 0xfabf2d, 
  0xff5722, 0xff5722, 0xff9800, 0xfe9700, 0xfbc02d, 0xff5722, 0xff5722, 0xff9800, 0xf99400, 0xff9800, 0xfbc02d, 0x000000, 0xd50000, 0xff5722, 0xff5722, 0xff9800, 0xfbc02d, 0xfce4ec, 0x000000, 0x000000, 0x000000, 0x000000, 0x795548, 0xff5722, 0xff5722, 0xf99400, 0xfbc02d, 0x000000, 0x000000, 0x000000, 0x000000, 0x000000, 0x000000, 0x000000, 0x000000, 0x000000, 0x000000, 0xf7e1e7, 0xbf360c, 0x795548, 0x000000, 0x000000, 0x000000, 0xf99400, 0xff6f00, 0x000000, 0x000000, 0x000000, 0x000000, 0x765346, 0xff6f00, 0xff5722, 0xff5722, 0xff5722, 0xff5722, 0xff6f00, 0xff5722, 0x000000, 0x000000, 0x000000, 0x000000, 0xfce4ec, 0xfbc02d, 0xfce4ec, 
  0xff5722, 0xff9800, 0xff9800, 0xff9800, 0xfbc02d, 0xff5722, 0xff5722, 0xff5722, 0xff9800, 0xfc9600, 0xfbc02d, 0x000000, 0x000000, 0xd50000, 0xff5722, 0xff5722, 0xfbc02d, 0xfce4ec, 0x000000, 0x000000, 0x000000, 0x000000, 0x000000, 0xff5722, 0xff9800, 0xff9800, 0xfbc02d, 0x000000, 0x000000, 0x000000, 0x000000, 0x000000, 0x000000, 0x000000, 0x000000, 0x000000, 0x000000, 0xfce4ec, 0xbf360c, 0x000000, 0x000000, 0x000000, 0x000000, 0xfbc02d, 0xff6f00, 0xff5722, 0x000000, 0x000000, 0x000000, 0xff5722, 0xff6f00, 0xff6f00, 0xfd9700, 0xff9800, 0xbf360c, 0xff9800, 0xff5722, 0xfce4ec, 0xff5722, 0x000000, 0x000000, 0x000000, 0xfce4ec, 0xfce4ec, 
  0xff5722, 0xff9800, 0xff9800, 0xfbc02d, 0xfbc02d, 0x000000, 0xf85521, 0xfe9700, 0xff9800, 0xfbc02d, 0xfbc02d, 0x000000, 0x000000, 0xd50000, 0xff5722, 0xff5722, 0xfbc02d, 0xfce4ec, 0x000000, 0x000000, 0x000000, 0x000000, 0x000000, 0xfb9700, 0xf89400, 0xf5bc2c, 0xfce4ec, 0x000000, 0x000000, 0x000000, 0x000000, 0x000000, 0x000000, 0x000000, 0x000000, 0x000000, 0x000000, 0xfce4ec, 0xbf360c, 0x000000, 0x000000, 0x000000, 0x000000, 0xfce4ec, 0x7a5548, 0x000000, 0x000000, 0x000000, 0xfbc02d, 0xfce4ec, 0xfbc02d, 0xff9800, 0x1de7b5, 0x1de9b6, 0x18ffff, 0x009586, 0x212121, 0xf89400, 0xfce4ec, 0xfbc02d, 0xff5722, 0x000000, 0x000000, 0x000000, 
  0xff5722, 0xf99400, 0xf89400, 0xfbc02d, 0xfbc02d, 0x000000, 0xff9800, 0xff9800, 0xff9800, 0xfbc02d, 0xfbc02d, 0x000000, 0x000000, 0xd30000, 0xff5722, 0xff5722, 0xfbc02d, 0xfce4ec, 0x000000, 0x000000, 0x000000, 0x000000, 0x000000, 0xfbc02d, 0xfbc02d, 0xfce4ec, 0x000000, 0x000000, 0x000000, 0x000000, 0x000000, 0x000000, 0x000000, 0x000000, 0x000000, 0x000000, 0x000000, 0xfce4ec, 0x000000, 0x000000, 0x000000, 0x000000, 0x000000, 0xfce4ec, 0x000000, 0x000000, 0x000000, 0xfce4ec, 0xf4bb2c, 0xfbc02d, 0xff9800, 0x18ffff, 0x1de9b6, 0x1de8b5, 0x1de9b6, 0x009688, 0x0277bd, 0x212121, 0xff9800, 0xfce4ec, 0xf8e0e8, 0xff5722, 0x000000, 0x000000, 
  0xff5722, 0xfb9700, 0xfbc02d, 0xfce4ec, 0x000000, 0x000000, 0xff9800, 0xff9800, 0xfbc02d, 0xfbc02d, 0xfce4ec, 0x000000, 0x000000, 0x785447, 0xff5722, 0xff5722, 0xf6bc2c, 0xfce4ec, 0x000000, 0x000000, 0x000000, 0x000000, 0x000000, 0xff9800, 0xfce4ec, 0x000000, 0x000000, 0x000000, 0x000000, 0x000000, 0x000000, 0x000000, 0x000000, 0x000000, 0x000000, 0x000000, 0x000000, 0x000000, 0x000000, 0x000000, 0x000000, 0x000000, 0x000000, 0x000000, 0x000000, 0x000000, 0xfce4ec, 0xfbc02d, 0xfb9700, 0xff9800, 0x1de9b6, 0x1de9b6, 0x1de6b3, 0x4caf50, 0x1de9b6, 0x0277bd, 0x673ab6, 0x212121, 0xff9800, 0xff9800, 0xfbc02d, 0xfbc02d, 0x000000, 0x000000, 
  0xff9800, 0xff9800, 0xf5bc2c, 0xfce4ec, 0x000000, 0x000000, 0xff9800, 0xff9800, 0xff9800, 0xfbc02d, 0xfce4ec, 0x000000, 0x000000, 0x000000, 0xff5722, 0xd50000, 0xfbc02d, 0xfce4ec, 0x000000, 0x000000, 0x000000, 0x000000, 0x000000, 0x000000, 0x000000, 0x000000, 0x000000, 0x000000, 0x000000, 0x000000, 0x000000, 0x000000, 0x000000, 0x000000, 0x000000, 0x000000, 0x000000, 0x000000, 0x000000, 0x000000, 0x000000, 0x000000, 0x000000, 0x000000, 0xfce4ec, 0xfce4ec, 0xfbc02d, 0xff9800, 0xff9800, 0x009688, 0x4caf50, 0x4caf50, 0x4caf50, 0x4bad4f, 0x0277bd, 0x3f51b5, 0x212121, 0x212121, 0xff9800, 0xff9800, 0xfbc02d, 0xf85521, 0x000000, 0x000000, 
  0xff9800, 0xff9800, 0xf6bc2c, 0xfce4ec, 0x000000, 0x000000, 0xff9800, 0xfe9700, 0xfbc02d, 0xfbc02d, 0x000000, 0x000000, 0x000000, 0x000000, 0xff5722, 0xd50000, 0xfbc02d, 0xfce4ec, 0x000000, 0x000000, 0x000000, 0x000000, 0x000000, 0x000000, 0x000000, 0x000000, 0x000000, 0x000000, 0x000000, 0x000000, 0x000000, 0x000000, 0x000000, 0x000000, 0x000000, 0x000000, 0x000000, 0x000000, 0x000000, 0x000000, 0x000000, 0x000000, 0x000000, 0x000000, 0xff5722, 0xfbc02d, 0xff9800, 0xf99400, 0x795548, 0x0277bd, 0x009688, 0x4bac4f, 0x009688, 0x0277bd, 0x3f51b5, 0x212121, 0x212121, 0xff9800, 0xff9800, 0xff9800, 0xff9800, 0xf5bc2c, 0x000000, 0x000000, 
  0xff9800, 0xfbc02d, 0xfbc02d, 0xfce4ec, 0x000000, 0x000000, 0xff9800, 0xfc9600, 0xfbc02d, 0xf6e0e7, 0x000000, 0x000000, 0x000000, 0x000000, 0xd50000, 0xff5722, 0xf4bb2c, 0xfce4ec, 0x000000, 0x000000, 0x000000, 0x000000, 0x000000, 0x000000, 0x000000, 0x000000, 0x000000, 0x000000, 0x000000, 0x000000, 0x000000, 0x000000, 0x000000, 0x000000, 0x000000, 0x000000, 0x000000, 0x000000, 0x000000, 0x000000, 0x000000, 0x000000, 0x000000, 0xff5722, 0xff5722, 0xff9800, 0xff9800, 0xfc9600, 0x000000, 0x3f51b5, 0x0277bd, 0x0277bd, 0x3f51b5, 0x3f51b5, 0x000000, 0x212121, 0xff9800, 0xff9800, 0xff9800, 0xff9800, 0xff9800, 0xff9800, 0xfb5621, 0x000000, 
  0xf89400, 0xfbc02d, 0xfbc02d, 0xfce4ec, 0x000000, 0x000000, 0xff9800, 0xfbc02d, 0xfbc02d, 0xf7e1e7, 0x000000, 0x000000, 0x000000, 0x000000, 0xd50000, 0xfbc02d, 0xff9800, 0xfce4ec, 0x000000, 0x000000, 0x000000, 0x000000, 0x000000, 0x000000, 0x000000, 0x000000, 0x000000, 0x000000, 0x000000, 0x000000, 0x000000, 0x000000, 0x000000, 0x000000, 0x000000, 0x000000, 0x000000, 0x000000, 0x000000, 0x000000, 0x000000, 0x000000, 0x000000, 0xff5722, 0xfe9700, 0xf57f17, 0xf57f17, 0xf57f17, 0x212121, 0x000000, 0x000000, 0x000000, 0x000000, 0x000000, 0x000000, 0x212121, 0xff9800, 0xff9800, 0xf57f17, 0xbf360c, 0xbf360c, 0xbf360c, 0xff5722, 0x000000, 
  0xff9800, 0xfbc02d, 0xf7bd2c, 0x000000, 0x000000, 0x000000, 0x000000, 0xf5bc2c, 0xfce4ec, 0x000000, 0x000000, 0x000000, 0x000000, 0x000000, 0x000000, 0xfbc02d, 0xfce4ec, 0x000000, 0x000000, 0x000000, 0x000000, 0x000000, 0x000000, 0x000000, 0x000000, 0x000000, 0x000000, 0x000000, 0x000000, 0x000000, 0x000000, 0x000000, 0x000000, 0x000000, 0x000000, 0x000000, 0x000000, 0x000000, 0x000000, 0x000000, 0x000000, 0x000000, 0xbf360c, 0xbf360c, 0xf17d17, 0xf57f17, 0xf57f17, 0xf57f17, 0xf57f17, 0xff9800, 0xf57f17, 0x212121, 0x212121, 0xf57f17, 0xf57f17, 0xbf360c, 0xf57f17, 0xf57f17, 0xff9800, 0xbf360c, 0xbf360c, 0xff5722, 0xf85521, 0x000000, 
  0xff9800, 0xfbc02d, 0xfbc02d, 0x000000, 0x000000, 0x000000, 0x000000, 0xfce4ec, 0x000000, 0x000000, 0x000000, 0x000000, 0x000000, 0x000000, 0x000000, 0xff5722, 0xff9800, 0x000000, 0x000000, 0x000000, 0x000000, 0x000000, 0x000000, 0x000000, 0x000000, 0x000000, 0x000000, 0x000000, 0x000000, 0x000000, 0x000000, 0x000000, 0x000000, 0x000000, 0x000000, 0x000000, 0x000000, 0x000000, 0x000000, 0x000000, 0x000000, 0x000000, 0xbf360c, 0xbf360c, 0xbf360c, 0xfc5622, 0xf57f17, 0xf57f17, 0xf57f17, 0xf57f17, 0xbf360c, 0xf48017, 0xbf360c, 0xbf360c, 0xbf360c, 0xbf360c, 0xbf360c, 0xbf360c, 0xbf360c, 0xbf360c, 0xbf360c, 0xff5722, 0xff5722, 0xd50000
};

void drawBeeHoney(){
  for (int xval = 0; xval < 64; xval++){
    for (int yval = 0; yval < 16; yval++){
      int idx = 64 * yval + xval;
      int hex = bee_honey[idx];
      RGB color = colorConverter(hex);
      matrix.drawPixel(xval, yval, matrix.color565(color.r, color.g, color.b));
    }
  }
  matrix.show();
}

//draws a beehive hanging off a treebranch
static const uint32_t beehive_final[] PROGMEM  = { 
  0xffff00, 0xffff00, 0xffff00, 0xffff00, 0xffff00, 0x000000, 0xffff00, 0x000000, 0x000000, 0x000000, 0xffff00, 0x000000, 0xffff00, 0xffff00, 0xffff00, 0xffff00, 0x000000, 0xffff00, 0xffff00, 0xffff00, 0x000000, 0x000000, 0xffff00, 0x000000, 0x000000, 0x000000, 0xffff00, 0x000000, 0x552700, 0x552700, 0x552700, 0x552700, 0x552700, 0x552700, 0x552700, 0x552700, 0x552700, 0x000000, 0x000000, 0x000000, 0x000000, 0x000000, 0x000000, 0x000000, 0x000000, 0x000000, 0x000000, 0x000000, 0x000000, 0x000000, 0x000000, 0x000000, 0x000000, 0x000000, 0x000000, 0x000000, 0x000000, 0x000000, 0x000000, 0x000000, 0x000000, 0x000000, 0x000000, 0x000000, 
  0xffff00, 0x000000, 0x000000, 0x000000, 0x000000, 0x000000, 0xffff00, 0x000000, 0x000000, 0x000000, 0xffff00, 0x000000, 0xffff00, 0x000000, 0x000000, 0xffff00, 0x000000, 0xffff00, 0x000000, 0x000000, 0xffff00, 0x000000, 0xffff00, 0xffff00, 0x000000, 0xffff00, 0xffff00, 0x000000, 0x000000, 0xb4b4b4, 0xb4b4b4, 0xb4b4b4, 0xb4b4b4, 0xb4b4b4, 0x552700, 0x552700, 0x552700, 0x552700, 0x552700, 0x552700, 0x552700, 0x552700, 0x552700, 0x000000, 0x000000, 0x000000, 0x000000, 0x000000, 0x000000, 0x689f38, 0x689f38, 0x689f38, 0x689f38, 0x689f38, 0x689f38, 0x689f38, 0x689f38, 0x689f38, 0x000000, 0x000000, 0x000000, 0x000000, 0x000000, 0x000000, 
  0xffff00, 0x000000, 0x000000, 0x000000, 0x000000, 0x000000, 0xffff00, 0x000000, 0x000000, 0x000000, 0xffff00, 0x000000, 0xffff00, 0x000000, 0x000000, 0xffff00, 0x000000, 0xffff00, 0x000000, 0x000000, 0xffff00, 0x000000, 0xffff00, 0x000000, 0xffff00, 0x000000, 0xffff00, 0x000000, 0xb4b4b4, 0xb4b4b4, 0xffff00, 0xffff00, 0xffff00, 0xb4b4b4, 0xb4b4b4, 0x000000, 0x000000, 0x000000, 0x689f38, 0x689f38, 0x552700, 0x552700, 0x552700, 0x552700, 0x552700, 0x552700, 0x552700, 0x552700, 0x552700, 0x689f38, 0x33691e, 0x33691e, 0x33691e, 0x33691e, 0x33691e, 0x33691e, 0x33691e, 0x689f38, 0x000000, 0x000000, 0x000000, 0x000000, 0x000000, 0x000000, 
  0xffff00, 0xffff00, 0xffff00, 0xffff00, 0xffff00, 0x000000, 0xffff00, 0x000000, 0x000000, 0x000000, 0xffff00, 0x000000, 0xffff00, 0xffff00, 0xffff00, 0xffff00, 0x000000, 0xffff00, 0xffff00, 0xffff00, 0x000000, 0x000000, 0xffff00, 0x000000, 0x000000, 0x000000, 0xffff00, 0xb4b4b4, 0xb4b4b4, 0xffff00, 0xffd600, 0xffd600, 0xffd600, 0xffff00, 0xb4b4b4, 0xb4b4b4, 0x000000, 0x000000, 0x689f38, 0x33691e, 0x33691e, 0x33691e, 0x33691e, 0x33691e, 0x689f38, 0x552700, 0x552700, 0x552700, 0x552700, 0x552700, 0x552700, 0x552700, 0x552700, 0x552700, 0x552700, 0x689f38, 0x689f38, 0x689f38, 0x000000, 0x000000, 0x000000, 0x000000, 0x000000, 0x000000, 
  0x000000, 0x000000, 0x000000, 0x000000, 0xffff00, 0x000000, 0xffff00, 0x000000, 0xffff00, 0x000000, 0xffff00, 0x000000, 0xffff00, 0x000000, 0x000000, 0xffff00, 0x000000, 0xffff00, 0x000000, 0x000000, 0xffff00, 0x000000, 0xffff00, 0x000000, 0x000000, 0x000000, 0xb4b4b4, 0xb4b4b4, 0xffff00, 0xffd600, 0xffab00, 0xffab00, 0xffab00, 0xffd600, 0xffff00, 0xb4b4b4, 0xb4b4b4, 0x000000, 0x689f38, 0x689f38, 0x689f38, 0x689f38, 0x689f38, 0x689f38, 0x689f38, 0x000000, 0x000000, 0x000000, 0x000000, 0x000000, 0x552700, 0x552700, 0x552700, 0x552700, 0x552700, 0x552700, 0x552700, 0x552700, 0x552700, 0x552700, 0x552700, 0x000000, 0x000000, 0x000000, 
  0x000000, 0x000000, 0x000000, 0x000000, 0xffff00, 0x000000, 0xffff00, 0xffff00, 0x000000, 0xffff00, 0xffff00, 0x000000, 0xffff00, 0x000000, 0x000000, 0xffff00, 0x000000, 0xffff00, 0x000000, 0x000000, 0xffff00, 0x000000, 0xffff00, 0x000000, 0x000000, 0x000000, 0x000000, 0xffff00, 0xffab00, 0xffab00, 0xffd600, 0xffd600, 0xffd600, 0xffab00, 0xffab00, 0xffff00, 0x000000, 0x000000, 0x000000, 0x000000, 0x000000, 0x000000, 0x000000, 0x000000, 0x000000, 0x000000, 0x000000, 0x000000, 0x000000, 0x000000, 0x000000, 0x000000, 0x000000, 0x000000, 0x000000, 0x000000, 0x552700, 0x552700, 0x552700, 0x552700, 0x552700, 0x552700, 0x552700, 0x552700, 
  0xffff00, 0xffff00, 0xffff00, 0xffff00, 0xffff00, 0x000000, 0xffff00, 0x000000, 0x000000, 0x000000, 0xffff00, 0x000000, 0xffff00, 0x000000, 0x000000, 0xffff00, 0x000000, 0xffff00, 0x000000, 0x000000, 0xffff00, 0x000000, 0xffff00, 0x000000, 0x000000, 0x000000, 0xffff00, 0xffd600, 0xffd600, 0xffd600, 0xffab00, 0xffab00, 0xffab00, 0xffd600, 0xffd600, 0xffd600, 0xffff00, 0x000000, 0x000000, 0x000000, 0x000000, 0x000000, 0x000000, 0x000000, 0x000000, 0x000000, 0x000000, 0x000000, 0x000000, 0x000000, 0x000000, 0x000000, 0x000000, 0x000000, 0x000000, 0x000000, 0x000000, 0x000000, 0x000000, 0x000000, 0x000000, 0x552700, 0x552700, 0x552700, 
  0x000000, 0x000000, 0x000000, 0x000000, 0x000000, 0x000000, 0x000000, 0x000000, 0x000000, 0x000000, 0x000000, 0x000000, 0x000000, 0x000000, 0x000000, 0x000000, 0x000000, 0x000000, 0x000000, 0x000000, 0x000000, 0x000000, 0x000000, 0x000000, 0x000000, 0x000000, 0xffff00, 0xffab00, 0xffab00, 0xffab00, 0x552700, 0x552700, 0x552700, 0xffab00, 0xffab00, 0xffab00, 0xffff00, 0x000000, 0x000000, 0x000000, 0x000000, 0x000000, 0x000000, 0x000000, 0x000000, 0x000000, 0x000000, 0x000000, 0x000000, 0x000000, 0x000000, 0x000000, 0x000000, 0x000000, 0x000000, 0x000000, 0x000000, 0x000000, 0x000000, 0x000000, 0x000000, 0x000000, 0x000000, 0x000000, 
  0x000000, 0x000000, 0x000000, 0x000000, 0x000000, 0x000000, 0x000000, 0x000000, 0x000000, 0x000000, 0x000000, 0x000000, 0x000000, 0x000000, 0x000000, 0x000000, 0x000000, 0x000000, 0x000000, 0x000000, 0x000000, 0x000000, 0x000000, 0x000000, 0x000000, 0x000000, 0xffff00, 0xffd600, 0xffd600, 0x552700, 0x552700, 0x552700, 0x552700, 0x552700, 0xffd600, 0xffd600, 0xffff00, 0x000000, 0x000000, 0x000000, 0x000000, 0x000000, 0xffff00, 0xffff00, 0xffff00, 0xffff00, 0x000000, 0x000000, 0xffff00, 0xffff00, 0xffff00, 0x000000, 0xffff00, 0xffff00, 0xffff00, 0xffff00, 0x000000, 0x000000, 0x000000, 0x000000, 0x000000, 0x000000, 0x000000, 0x000000, 
  0x000000, 0x000000, 0x000000, 0x000000, 0x000000, 0x000000, 0x000000, 0x000000, 0x000000, 0x000000, 0x000000, 0x000000, 0x000000, 0x000000, 0x000000, 0x000000, 0x000000, 0x000000, 0x000000, 0x000000, 0x000000, 0x000000, 0x000000, 0x000000, 0x000000, 0x000000, 0x000000, 0xffff00, 0xffab00, 0x552700, 0x371A01, 0x371A01, 0x371A01, 0x552700, 0xffab00, 0xffff00, 0x000000, 0x000000, 0x000000, 0x000000, 0x000000, 0x000000, 0xffff00, 0x000000, 0x000000, 0xffff00, 0x000000, 0x000000, 0xffff00, 0x000000, 0x000000, 0x000000, 0x000000, 0x000000, 0x000000, 0xffff00, 0x000000, 0x000000, 0x000000, 0x000000, 0x000000, 0x000000, 0x000000, 0x000000, 
  0x000000, 0x000000, 0x000000, 0x000000, 0x000000, 0x000000, 0x000000, 0x000000, 0x000000, 0x000000, 0x000000, 0x000000, 0x000000, 0x000000, 0x000000, 0x000000, 0x000000, 0x000000, 0x000000, 0x000000, 0x000000, 0x000000, 0x000000, 0x000000, 0x000000, 0x000000, 0x000000, 0xffff00, 0xffd600, 0x552700, 0x371A01, 0x000000, 0x371A01, 0x552700, 0xffd600, 0xffff00, 0x000000, 0x000000, 0x000000, 0x000000, 0x000000, 0x000000, 0xffff00, 0x000000, 0x000000, 0xffff00, 0x000000, 0x000000, 0xffff00, 0x000000, 0x000000, 0x000000, 0x000000, 0x000000, 0x000000, 0xffff00, 0x000000, 0x000000, 0x000000, 0x000000, 0x000000, 0x000000, 0x000000, 0x000000, 
  0x000000, 0x000000, 0x000000, 0x000000, 0x000000, 0x000000, 0x000000, 0x000000, 0x000000, 0x000000, 0x000000, 0x000000, 0x000000, 0x000000, 0x000000, 0x000000, 0x000000, 0x000000, 0x000000, 0x000000, 0x000000, 0x000000, 0x000000, 0x000000, 0x000000, 0x000000, 0x000000, 0x000000, 0xffff00, 0xffd600, 0x371A01, 0x000000, 0x371A01, 0xffd600, 0xffff00, 0x000000, 0x000000, 0x000000, 0x000000, 0x000000, 0x000000, 0x000000, 0xffff00, 0xffff00, 0xffff00, 0xffff00, 0x000000, 0x000000, 0xffff00, 0xffff00, 0xffff00, 0x000000, 0x000000, 0x000000, 0xffff00, 0xffff00, 0xffff00, 0x000000, 0x000000, 0x000000, 0x000000, 0x000000, 0x000000, 0x000000, 
  0x000000, 0x000000, 0x000000, 0x000000, 0x000000, 0x000000, 0x000000, 0x000000, 0x000000, 0x000000, 0x000000, 0x000000, 0x000000, 0x000000, 0x000000, 0x000000, 0x000000, 0x000000, 0x000000, 0x000000, 0x000000, 0x000000, 0x000000, 0x000000, 0x000000, 0x000000, 0x000000, 0x000000, 0xffff00, 0xffff00, 0xffff00, 0xffff00, 0xffff00, 0xffff00, 0xffff00, 0x000000, 0x000000, 0x000000, 0x000000, 0x000000, 0x000000, 0x000000, 0x000000, 0x000000, 0x000000, 0xffff00, 0x000000, 0x000000, 0x000000, 0x000000, 0xffff00, 0x000000, 0x000000, 0x000000, 0x000000, 0xffff00, 0x000000, 0x000000, 0x000000, 0x000000, 0x000000, 0x000000, 0x000000, 0x000000, 
  0x000000, 0x000000, 0x000000, 0x000000, 0x000000, 0x000000, 0x000000, 0x000000, 0x000000, 0x000000, 0x000000, 0x000000, 0x000000, 0x000000, 0x000000, 0x000000, 0x000000, 0x000000, 0x000000, 0x000000, 0x000000, 0x000000, 0x000000, 0x000000, 0x000000, 0x000000, 0x000000, 0x000000, 0x000000, 0x000000, 0x000000, 0x000000, 0x000000, 0x000000, 0x000000, 0x000000, 0x000000, 0x000000, 0x000000, 0x000000, 0x000000, 0x000000, 0x000000, 0x000000, 0x000000, 0xffff00, 0x000000, 0x000000, 0x000000, 0x000000, 0xffff00, 0x000000, 0x000000, 0x000000, 0x000000, 0xffff00, 0x000000, 0x000000, 0x000000, 0x000000, 0x000000, 0x000000, 0x000000, 0x000000, 
  0x000000, 0x000000, 0x000000, 0x000000, 0x000000, 0x000000, 0x000000, 0x000000, 0x000000, 0x000000, 0x000000, 0x000000, 0x000000, 0x000000, 0x000000, 0x000000, 0x000000, 0x000000, 0x000000, 0x000000, 0x000000, 0x000000, 0x000000, 0x000000, 0x000000, 0x000000, 0x000000, 0x000000, 0x000000, 0x000000, 0x000000, 0x000000, 0x000000, 0x000000, 0x000000, 0x000000, 0x000000, 0x000000, 0x000000, 0x000000, 0x000000, 0x000000, 0x000000, 0x000000, 0x000000, 0xffff00, 0x000000, 0x000000, 0xffff00, 0xffff00, 0xffff00, 0x000000, 0x000000, 0x000000, 0x000000, 0xffff00, 0x000000, 0x000000, 0x000000, 0x000000, 0x000000, 0x000000, 0x000000, 0x000000, 
  0x000000, 0x000000, 0x000000, 0x000000, 0x000000, 0x000000, 0x000000, 0x000000, 0x000000, 0x000000, 0x000000, 0x000000, 0x000000, 0x000000, 0x000000, 0x000000, 0x000000, 0x000000, 0x000000, 0x000000, 0x000000, 0x000000, 0x000000, 0x000000, 0x000000, 0x000000, 0x000000, 0x000000, 0x000000, 0x000000, 0x000000, 0x000000, 0x000000, 0x000000, 0x000000, 0x000000, 0x000000, 0x000000, 0x000000, 0x000000, 0x000000, 0x000000, 0x000000, 0x000000, 0x000000, 0x000000, 0x000000, 0x000000, 0x000000, 0x000000, 0x000000, 0x000000, 0x000000, 0x000000, 0x000000, 0x000000, 0x000000, 0x000000, 0x000000, 0x000000, 0x000000, 0x000000, 0x000000, 0x000000
};


void drawBeehive(){
  for (int xval = 0; xval < 64; xval++){
    for (int yval = 0; yval < 16; yval++){
      int idx = 64 * yval + xval;
      int hex = beehive_final[idx];
      RGB color = colorConverter(hex);
      matrix.drawPixel(xval, yval, matrix.color565(color.r, color.g, color.b));
    }
  }
  matrix.show();
} 

//draws a bee in upwards orientation.
static const uint32_t the_bee_[] PROGMEM  = {
  0xff5722, 0x795548, 0x000000, 0x000000, 0x000000, 0x000000, 0x000000, 0x000000, 0x000000, 0x000000, 0x000000, 0x000000, 0x000000, 0x795548, 0x00bcd4, 0x009688, 0xffeb3b, 0x009688, 0x00bcd4, 0x795548, 0x000000, 0x000000, 0x000000, 0x000000, 0x000000, 0x000000, 0x000000, 0x000000, 0x000000, 0x000000, 0x795548, 0xff5722, 
  0x607d8b, 0xff5722, 0xff5722, 0x000000, 0x000000, 0x000000, 0x000000, 0x000000, 0x000000, 0x000000, 0x000000, 0x000000, 0x795548, 0x000000, 0xffc107, 0xffc107, 0xffc107, 0xffc107, 0xffc107, 0x000000, 0x795548, 0x000000, 0x000000, 0x000000, 0x000000, 0x000000, 0x000000, 0x000000, 0x000000, 0xff5722, 0xff5722, 0x607d8b, 
  0x607d8b, 0x607e8b, 0x607e8b, 0xff5722, 0xff5722, 0xff5722, 0xff5722, 0x000000, 0x000000, 0x000000, 0x000000, 0x000000, 0x000000, 0x000000, 0xff9800, 0xff9800, 0xff9800, 0xff9800, 0xff9800, 0x000000, 0x000000, 0x000000, 0x000000, 0x000000, 0x000000, 0x000000, 0xff5722, 0xff5722, 0xff5722, 0x607d8b, 0x607d8b, 0x607d8b, 
  0x9e9e9e, 0x9e9e9e, 0xffebee, 0x607d8b, 0x607d8b, 0x607d8b, 0x607d8b, 0xff9800, 0xff9800, 0xff9800, 0xff9800, 0x000000, 0x000000, 0x000000, 0x795548, 0x795548, 0x795548, 0x795548, 0x795548, 0x000000, 0x000000, 0x000000, 0xff9800, 0xff9800, 0xff9800, 0xff9800, 0x607e8b, 0x607d8b, 0x617d8b, 0xffebee, 0x9e9e9e, 0x9e9e9e, 
  0xffebee, 0xffebee, 0x9e9e9e, 0x9e9e9e, 0x9e9e9e, 0x9e9e9e, 0x607d8b, 0x607d8b, 0x607d8b, 0x607d8b, 0x607d8b, 0xffc107, 0xffc107, 0xffc207, 0xffeb3b, 0x7a5548, 0x795548, 0x795548, 0xffeb3b, 0xffc107, 0xffc107, 0xffc107, 0x607d8b, 0x607d8b, 0x607d8b, 0x607d8b, 0x9e9e9e, 0x9e9e9e, 0x9e9e9e, 0x9e9e9e, 0xffebee, 0xffebee, 
  0x000000, 0xffecee, 0xffebee, 0x9e9e9e, 0x9e9e9e, 0x9e9e9e, 0xffebee, 0xffebee, 0x9e9e9e, 0x607e8b, 0x607d8b, 0x607d8b, 0x607d8b, 0x795548, 0xffc107, 0xffeb3b, 0xffeb3b, 0xffeb3b, 0xffc207, 0x795548, 0x607d8b, 0x607c8b, 0x607d8b, 0xa0a0a0, 0xffebee, 0xffecee, 0x9e9e9e, 0x9e9e9e, 0x9e9e9e, 0xffebee, 0xffebee, 0x000000, 
  0x000000, 0x000000, 0xffebee, 0xffecee, 0x9e9e9e, 0xffebee, 0x9e9e9e, 0x9e9e9e, 0xffebee, 0x9e9e9e, 0xa0a0a0, 0x9e9e9e, 0x9e9e9e, 0x607d8b, 0x795548, 0x795548, 0x795548, 0x795548, 0x795548, 0x795548, 0xa0a0a0, 0x9e9e9e, 0x9e9e9e, 0xffebee, 0x9e9e9e, 0x9e9e9e, 0xffebee, 0xa0a0a0, 0xffebee, 0xffebee, 0x000000, 0x000000, 
  0x000000, 0x000000, 0x000000, 0xffebee, 0xffebee, 0x9e9e9e, 0x9e9e9e, 0x9e9e9e, 0x9e9e9e, 0xffebee, 0x9e9e9e, 0x9e9e9e, 0xffebee, 0xa0a0a0, 0x9e9e9e, 0x795548, 0x795548, 0x7a5548, 0x9e9e9e, 0x9e9e9e, 0xffebee, 0x9e9e9e, 0xffebee, 0x9e9e9e, 0x9e9e9e, 0x9e9e9e, 0x9e9e9e, 0xffebee, 0xffebee, 0x000000, 0x000000, 0x000000, 
  0x000000, 0x000000, 0x000000, 0x000000, 0xffebee, 0xffebee, 0xffebef, 0xffebee, 0xffebee, 0xffebee, 0xffecee, 0xffebee, 0xffebee, 0xffebee, 0xffebee, 0xff9800, 0xffc107, 0xff9800, 0xffebee, 0xffebee, 0xffebee, 0xffebef, 0xffebee, 0xffebee, 0xffecee, 0xffebee, 0xffebee, 0xffebee, 0x000000, 0x000000, 0x000000, 0x000000, 
  0x000000, 0x000000, 0x000000, 0x000000, 0x000000, 0x000000, 0x000000, 0x000000, 0x795548, 0xff5722, 0xff9800, 0x607d8b, 0x607d8b, 0x607d8b, 0x607d8b, 0x795548, 0x795548, 0x795548, 0x607d8b, 0x607d8b, 0x607d8b, 0x607d8b, 0xff9800, 0xff5722, 0x795548, 0x000000, 0x000000, 0x000000, 0x000000, 0x000000, 0x000000, 0x000000, 
  0x000000, 0x000000, 0x000000, 0x000000, 0x000000, 0x000000, 0x607d8b, 0x607d8b, 0x607d8b, 0x607d8b, 0x607d8b, 0x607d8b, 0x607e8b, 0x607c8b, 0x9e9e9e, 0x795548, 0x795548, 0x795548, 0x9e9e9e, 0x607e8b, 0x607d8b, 0x607d8b, 0x607d8b, 0x607d8b, 0x607d8b, 0x607d8b, 0x607d8b, 0x000000, 0x000000, 0x000000, 0x000000, 0x000000, 
  0x000000, 0x000000, 0x000000, 0x000000, 0x607e8b, 0x607d8b, 0x607d8b, 0x9e9e9e, 0x9e9e9e, 0x9e9e9e, 0x607d8b, 0x607d8b, 0x9e9e9e, 0x9e9e9e, 0xff9800, 0xffc107, 0xffeb3b, 0xffc207, 0xff9800, 0x9e9e9e, 0x9e9e9e, 0x617d8b, 0x607c8b, 0x9e9e9e, 0x9e9e9e, 0x9e9e9e, 0x607d8b, 0x607d8b, 0x607d8b, 0x000000, 0x000000, 0x000000, 
  0x000000, 0xffebee, 0x9e9e9e, 0x9e9e9e, 0x607d8b, 0x607d8b, 0x9e9e9e, 0x607d8b, 0x607d8b, 0x607e8b, 0x9e9e9e, 0x9e9e9e, 0x9e9e9e, 0xff9800, 0xffc107, 0xffeb3b, 0xffeb3b, 0xffeb3b, 0xffc107, 0xff9800, 0x9e9e9e, 0x9e9e9e, 0xa0a0a0, 0x607c8b, 0x607d8b, 0x617d8b, 0x9e9e9e, 0x607d8b, 0x9e9e9e, 0x9e9e9e, 0xffebee, 0x000000, 
  0x000000, 0x000000, 0x000000, 0x9e9e9e, 0x9e9e9e, 0x9e9e9e, 0x9e9e9e, 0x9e9e9e, 0x9e9e9e, 0x9e9e9e, 0x9e9e9e, 0x000000, 0x000000, 0x7a5548, 0x795548, 0x795548, 0x795548, 0x7a5548, 0x795548, 0x7a5548, 0x000000, 0x000000, 0x9e9e9e, 0x9e9e9e, 0x9e9e9e, 0x9e9e9e, 0x9e9e9e, 0x9e9e9e, 0x9e9e9e, 0x000000, 0x000000, 0x000000, 
  0x000000, 0x000000, 0x000000, 0x000000, 0x000000, 0x000000, 0x000000, 0x000000, 0x000000, 0x000000, 0x000000, 0x000000, 0x795548, 0x795548, 0x795548, 0x795548, 0x795548, 0x795548, 0x795548, 0x795548, 0x795548, 0x000000, 0x000000, 0x000000, 0x000000, 0x000000, 0x000000, 0x000000, 0x000000, 0x000000, 0x000000, 0x000000, 
  0x000000, 0x000000, 0x000000, 0x000000, 0x000000, 0x000000, 0x000000, 0x000000, 0x000000, 0x000000, 0x000000, 0x000000, 0xff5722, 0xff9800, 0xffc107, 0xffc107, 0xffc107, 0xffc107, 0xffc107, 0xff9800, 0xff5722, 0x000000, 0x000000, 0x000000, 0x000000, 0x000000, 0x000000, 0x000000, 0x000000, 0x000000, 0x000000, 0x000000
};

//WARNING: attempting to animate the array in this manner signifigantly lags the drawing process. Find a better way to animate it, or animate it using the old way.
void drawFlyingBee(int x_off, int y_off){
  for (int xval = 0; xval < 32; xval++){
    for (int yval = 0; yval < 16; yval++){
      int idx = 32 * yval + xval;
      int hex = the_bee_[idx];
      RGB color = colorConverter(hex);
      matrix.drawPixel(xval + x_off, yval + y_off, matrix.color565(color.r, color.g, color.b));
    }
  }
  matrix.show();
}

// array size is 3072. Draws honeycombs next to the 957 logo.
static const uint32_t ARZG_957_Art[] PROGMEM  = {
  0x000000, 0x000000, 0x000000, 0x000000, 0x000000, 0x000000, 0x000000, 0x000000, 0x000000, 0x000000, 0x000000, 0x000000, 0x000000, 0x000000, 0x000000, 0x000000, 0x000000, 0x000000, 0x000000, 0x000000, 0x000000, 0x000000, 0x000000, 0x000000, 0x000000, 0x000000, 0x000000, 0x000000, 0x000000, 0x000000, 0x000000, 0x000000, 0x000000, 0x000000, 0x000000, 0x000000, 0x000000, 0x000000, 0x000000, 0x000000, 0x000000, 0x000000, 0x000000, 0x000000, 0x000000, 0x263238, 0x3e2723, 0xbf360c, 0xe65100, 0xffa726, 0xfb8c00, 0xfb8c00, 0xef6c00, 0xef6c00, 0xef6c00, 0xf4511e, 0xf4511e, 0xf4511e, 0xf4511e, 0xf4511e, 0xbf360c, 0x3e2723, 0xc1360c, 0xf4511e, 
  0x000000, 0x000000, 0x000000, 0x263238, 0x263238, 0x263238, 0x263238, 0x263238, 0x263238, 0x000000, 0x000000, 0x000000, 0x000000, 0x000000, 0x000000, 0x263238, 0x263238, 0x263238, 0x263238, 0x263238, 0x263238, 0x263238, 0x263238, 0x000000, 0x000000, 0x000000, 0x000000, 0x263238, 0x263238, 0x263238, 0x263238, 0x263238, 0x263238, 0x263238, 0x000000, 0x000000, 0x000000, 0x000000, 0x000000, 0x000000, 0x000000, 0x000000, 0x000000, 0x000000, 0x000000, 0x000000, 0x263238, 0x3f2723, 0xbf360c, 0xe75100, 0xffa726, 0xfb8c00, 0xfb8c00, 0xef6c00, 0xf06c00, 0xef6c00, 0xf4511e, 0xf4521e, 0xf4511e, 0xbf360c, 0x3e2723, 0xbf360c, 0xf4511e, 0xffa726, 
  0x000000, 0x000000, 0x263238, 0x3e2723, 0x3e2723, 0x3e2723, 0x3e2723, 0x3e2723, 0x3e2723, 0x263238, 0x000000, 0x000000, 0x000000, 0x000000, 0x263238, 0x3e2723, 0x3e2723, 0x3e2723, 0x3e2723, 0x3e2723, 0x3e2723, 0x3e2723, 0x3f2723, 0x263238, 0x000000, 0x000000, 0x263238, 0x3e2723, 0x3e2723, 0x3e2723, 0x3e2723, 0x3e2723, 0x3e2723, 0x3e2723, 0x263238, 0x000000, 0x000000, 0x000000, 0x000000, 0x000000, 0x000000, 0x000000, 0x000000, 0x000000, 0x000000, 0x000000, 0x000000, 0x263238, 0x3e2723, 0xbf360c, 0xe65100, 0xffa726, 0xfb8c00, 0xfb8c00, 0xef6c00, 0xef6c00, 0xf4511e, 0xf4511e, 0xbf360c, 0x3e2723, 0xbf360c, 0xf4511e, 0xffa726, 0xfb8c00, 
  0x000000, 0x263238, 0x3e2723, 0xfff176, 0xfff176, 0xfff176, 0xfff176, 0xfff176, 0xfff176, 0x3e2723, 0x263238, 0x000000, 0x000000, 0x263238, 0x3e2723, 0xfff176, 0xfff176, 0xfff276, 0xfff176, 0xfff176, 0xfff176, 0xfff176, 0xfff176, 0x3e2723, 0x263238, 0x263238, 0x3e2723, 0xfff176, 0xfff176, 0xfff176, 0xfff176, 0xfff176, 0xfff176, 0xfff176, 0x3e2723, 0x263238, 0x000000, 0x000000, 0x000000, 0x000000, 0x000000, 0x000000, 0x000000, 0x000000, 0x000000, 0x000000, 0x000000, 0x000000, 0x263238, 0x3e2723, 0xbf360c, 0xbf360c, 0xbf360c, 0xbf360c, 0xbf360c, 0xbf360c, 0xbf360c, 0xbf360c, 0x3e2723, 0xbf360c, 0xf4511e, 0xffa726, 0xfb8c00, 0xfb8c00, 
  0x263238, 0x3e2723, 0xffc107, 0x3e2723, 0x3e2723, 0x3e2723, 0x3f2723, 0x3e2723, 0x3e2723, 0xffc107, 0x3e2723, 0x263238, 0x263238, 0x3e2723, 0xffc107, 0x3e2723, 0x3e2723, 0x3e2723, 0x3e2723, 0x3e2723, 0x3e2723, 0x3e2723, 0x3e2723, 0x263238, 0x000000, 0x000000, 0x263238, 0x3e2723, 0x3e2723, 0x3e2723, 0x3e2723, 0x3e2723, 0x3e2723, 0xffc107, 0x3e2723, 0x263238, 0x000000, 0x000000, 0x000000, 0x000000, 0x000000, 0x000000, 0x000000, 0x000000, 0x000000, 0x000000, 0x000000, 0x000000, 0x000000, 0x263238, 0x3e2723, 0x3e2723, 0x3f2723, 0x3e2723, 0x3e2723, 0x3e2723, 0x3e2723, 0x3e2723, 0xbf360c, 0xf4511e, 0xffa726, 0xfb8c00, 0xfb8c00, 0xef6c00, 
  0x263238, 0x3e2723, 0xffc107, 0x3e2723, 0x000000, 0x000000, 0x000000, 0x000000, 0x3e2723, 0xffc107, 0x3e2723, 0x263238, 0x263238, 0x3e2723, 0xffc107, 0x3f2723, 0x263238, 0x263238, 0x263238, 0x263238, 0x263238, 0x263238, 0x263238, 0x000000, 0x000000, 0x000000, 0x000000, 0x263238, 0x263238, 0x263238, 0x263238, 0x3e2723, 0xffc107, 0x3e2723, 0x263238, 0x000000, 0x000000, 0x000000, 0x000000, 0x000000, 0x000000, 0x000000, 0x000000, 0x000000, 0x000000, 0x000000, 0x000000, 0x000000, 0x263238, 0x3e2723, 0xbf360c, 0xbf360c, 0xbf380c, 0xbf360c, 0xbf360c, 0xbf360c, 0xc1360c, 0xbf360c, 0x3f2723, 0xbf360c, 0xf4511e, 0xfb8c00, 0xef6c00, 0xef6c00, 
  0x263238, 0x3e2723, 0xffc107, 0x3e2723, 0x000000, 0x000000, 0x000000, 0x000000, 0x3e2723, 0xffc107, 0x3e2723, 0x263238, 0x263238, 0x3e2723, 0xffc107, 0x3e2723, 0x3e2723, 0x3e2723, 0x3e2723, 0x3e2723, 0x3e2723, 0x3e2723, 0x263238, 0x000000, 0x000000, 0x000000, 0x000000, 0x000000, 0x000000, 0x000000, 0x263238, 0x3e2723, 0xffc107, 0x3e2723, 0x263238, 0x000000, 0x000000, 0x000000, 0x000000, 0x000000, 0x000000, 0x000000, 0x000000, 0x000000, 0x000000, 0x000000, 0x000000, 0x263238, 0x3e2723, 0xbf360c, 0xe75200, 0xffa726, 0xfb8c00, 0xfb8c00, 0xef6c00, 0xef6c00, 0xf4511e, 0xf4511e, 0xbf360c, 0x3e2723, 0xbf360c, 0xf4511e, 0xef6c00, 0xf4511e, 
  0x263238, 0x3e2723, 0xff9800, 0x3e2723, 0x3e2723, 0x3e2723, 0x3e2723, 0x3f2723, 0xff9800, 0x3e2723, 0x263238, 0x000000, 0x000000, 0x263238, 0x3e2723, 0xff9900, 0xff9800, 0xff9800, 0xff9800, 0xff9800, 0xff9800, 0xff9800, 0x3e2723, 0x263238, 0x000000, 0x000000, 0x000000, 0x000000, 0x000000, 0x263238, 0x3e2723, 0xff9800, 0x3e2723, 0x263238, 0x000000, 0x000000, 0x000000, 0x000000, 0x000000, 0x000000, 0x000000, 0x000000, 0x000000, 0x000000, 0x000000, 0x000000, 0x263238, 0x3e2723, 0xbf360c, 0xe65100, 0xffa726, 0xfb8c00, 0xfb8c00, 0xef6c00, 0xef6c00, 0xef6c00, 0xf4511e, 0xf4511e, 0xf4511e, 0xbf360c, 0x3e2723, 0xc1360c, 0xf4511e, 0xf4511e, 
  0x000000, 0x263238, 0x3e2723, 0xff9800, 0xff9800, 0xff9800, 0xff9800, 0xff9800, 0xff9800, 0x3e2723, 0x263238, 0x000000, 0x000000, 0x000000, 0x263238, 0x3e2723, 0x3e2723, 0x3e2723, 0x3e2723, 0x3e2723, 0x3e2723, 0x3e2723, 0xff9800, 0x3e2723, 0x263238, 0x000000, 0x000000, 0x000000, 0x000000, 0x263238, 0x3e2723, 0xff9800, 0x3e2723, 0x263238, 0x000000, 0x000000, 0x000000, 0x000000, 0x000000, 0x000000, 0x000000, 0x000000, 0x000000, 0x000000, 0x000000, 0x263238, 0x3f2723, 0xbf360c, 0xe65100, 0xffa726, 0xfb8c00, 0xfb8c00, 0xef6c00, 0xef6c00, 0xef6c00, 0xf4511e, 0xf4511e, 0xf4511e, 0xf4511e, 0xf4511f, 0xbf360c, 0x3e2723, 0xbf360c, 0xbf360c, 
  0x000000, 0x000000, 0x263238, 0x3e2723, 0x3e2723, 0x3e2723, 0x3e2723, 0xff5722, 0x3e2723, 0x263238, 0x000000, 0x000000, 0x000000, 0x000000, 0x000000, 0x263238, 0x263238, 0x263238, 0x263238, 0x263238, 0x263238, 0x3e2723, 0xff5722, 0x3e2723, 0x263238, 0x000000, 0x000000, 0x000000, 0x263238, 0x3f2723, 0xff5722, 0x3e2723, 0x263238, 0x000000, 0x000000, 0x000000, 0x000000, 0x000000, 0x000000, 0x263238, 0x263238, 0x263238, 0x263238, 0x263238, 0x263238, 0x3e2723, 0xbf380c, 0xe65100, 0xffa726, 0xfb8c00, 0xfb8c00, 0xef6c00, 0xef6c00, 0xef6c00, 0xf4511e, 0xf4511e, 0xf4511e, 0xf4511e, 0xf4511e, 0xf4511e, 0xf4511e, 0xc1360c, 0x3f2723, 0x3f2723, 
  0x000000, 0x000000, 0x000000, 0x263238, 0x263238, 0x263238, 0x3e2723, 0xff5722, 0x3e2723, 0x263238, 0x000000, 0x000000, 0x000000, 0x000000, 0x000000, 0x000000, 0x000000, 0x000000, 0x000000, 0x000000, 0x263238, 0x3e2723, 0xff5722, 0x3e2723, 0x263238, 0x000000, 0x000000, 0x000000, 0x263238, 0x3e2723, 0xff5722, 0x3e2723, 0x263238, 0x000000, 0x000000, 0x000000, 0x000000, 0x000000, 0x263238, 0x3e2723, 0x3e2723, 0x3e2723, 0x3e2723, 0x3e2723, 0x3e2723, 0x3f2723, 0xbf360c, 0xffa726, 0xfb8c00, 0xfb8c00, 0xef6c00, 0xef6c00, 0xef6c00, 0xf4511e, 0xf4511e, 0xf4511f, 0xf4511e, 0xf4511e, 0xf4511e, 0xf4511e, 0xf4521e, 0xbf360c, 0x3e2723, 0xbf360c, 
  0x000000, 0x000000, 0x000000, 0x000000, 0x263238, 0x3e2723, 0xff5722, 0x3e2723, 0x263238, 0x000000, 0x000000, 0x000000, 0x000000, 0x000000, 0x263238, 0x263238, 0x263238, 0x263238, 0x263238, 0x263238, 0x263238, 0x3e2723, 0xff5722, 0x3e2723, 0x263238, 0x000000, 0x000000, 0x263238, 0x3e2723, 0xff5722, 0x3e2723, 0x263238, 0x000000, 0x000000, 0x000000, 0x000000, 0x000000, 0x263238, 0x3e2723, 0xbf380c, 0xbf360c, 0xc1360c, 0xc1360c, 0xbf360c, 0xbf360c, 0xbf360c, 0x3e2723, 0xbf360c, 0xe75200, 0xef6c00, 0xef6c00, 0xef6c00, 0xf4511e, 0xf4511e, 0xf4511e, 0xf4511e, 0xf4511e, 0xf4511e, 0xf4511e, 0xf4511e, 0xc0380c, 0x3e2723, 0xbf360c, 0xf4511e, 
  0x000000, 0x000000, 0x000000, 0x000000, 0x263238, 0x3e2723, 0xff3d00, 0x3e2723, 0x263238, 0x000000, 0x000000, 0x000000, 0x000000, 0x263238, 0x3e2723, 0x3f2723, 0x3e2723, 0x3e2723, 0x3e2723, 0x3e2723, 0x3e2723, 0x3e2723, 0xff3d00, 0x3e2723, 0x263238, 0x000000, 0x000000, 0x263238, 0x3e2723, 0xff3d00, 0x3e2723, 0x263238, 0x000000, 0x000000, 0x000000, 0x000000, 0x263238, 0x3e2723, 0xc1360c, 0xe65100, 0xffa726, 0xfb8c00, 0xfb8c00, 0xef6c00, 0xef6c00, 0xe75200, 0xbf360c, 0x3e2723, 0xbf360c, 0xe65100, 0xf06c00, 0xf4511e, 0xf4511e, 0xf4511e, 0xf4511e, 0xf4511e, 0xf4511e, 0xf4511e, 0xf4511e, 0xbf360c, 0x3e2723, 0xbf360c, 0xf4511e, 0xffa726, 
  0x000000, 0x000000, 0x000000, 0x263238, 0x3e2723, 0xc1360c, 0x3e2723, 0x263238, 0x000000, 0x000000, 0x000000, 0x000000, 0x263238, 0x3e2723, 0xbf360c, 0xbf360c, 0xbf360c, 0xbf360c, 0xbf360c, 0xc1360c, 0xbf360c, 0xc1360c, 0x3e2723, 0x263238, 0x000000, 0x000000, 0x263238, 0x3e2723, 0xbf360c, 0x3e2723, 0x263238, 0x000000, 0x000000, 0x000000, 0x000000, 0x263238, 0x3e2723, 0xbf360c, 0xe65100, 0xffa726, 0xfb8c00, 0xfb8c00, 0xef6c00, 0xef6c00, 0xe65100, 0xe65100, 0xe65100, 0xbf360c, 0x3e2723, 0xbf360c, 0xe65100, 0xf4511e, 0xf4511e, 0xf4511e, 0xf4511e, 0xf4511f, 0xf4511e, 0xf4511e, 0xbf360c, 0x3e2723, 0xbf380c, 0xf4511e, 0xffa726, 0xfb8c00, 
  0x000000, 0x000000, 0x000000, 0x263238, 0x3e2723, 0x3e2723, 0x263238, 0x000000, 0x000000, 0x000000, 0x000000, 0x000000, 0x000000, 0x263238, 0x3e2723, 0x3e2723, 0x3f2723, 0x3e2723, 0x3e2723, 0x3e2723, 0x3e2723, 0x3e2723, 0x263238, 0x000000, 0x000000, 0x000000, 0x263238, 0x3f2723, 0x3e2723, 0x263238, 0x000000, 0x000000, 0x000000, 0x000000, 0x263238, 0x3f2723, 0xbf360c, 0xe65100, 0xffa726, 0xfb8c00, 0xfb8c00, 0xef6c00, 0xef6c00, 0xe65100, 0xe65100, 0xe65100, 0xe65100, 0xe75100, 0xbf360c, 0x3e2723, 0xbf360c, 0xe65100, 0xf4511f, 0xf4511f, 0xf4511e, 0xf4511e, 0xf4511e, 0xbf380c, 0x3e2723, 0xc1360c, 0xf4511e, 0xffa726, 0xfb8c00, 0xf57c00, 
  0x000000, 0x000000, 0x000000, 0x000000, 0x263238, 0x263238, 0x000000, 0x000000, 0x000000, 0x000000, 0x000000, 0x000000, 0x000000, 0x000000, 0x263238, 0x263238, 0x263238, 0x263238, 0x263238, 0x263238, 0x263238, 0x263238, 0x000000, 0x000000, 0x000000, 0x000000, 0x000000, 0x263238, 0x263238, 0x000000, 0x000000, 0x000000, 0x000000, 0x263238, 0x3e2723, 0xbf360c, 0xe65100, 0xffa726, 0xfb8c00, 0xfb8c00, 0xef6c00, 0xef6c00, 0xe65100, 0xe75200, 0xe65100, 0xe65100, 0xe65100, 0xe65100, 0xe65100, 0xbf360c, 0x3e2723, 0xbf380c, 0xbf360c, 0xbf360c, 0xbf360c, 0xc1360c, 0xbf360c, 0x3e2723, 0xbf360c, 0xf4511e, 0xffa726, 0xfb8c00, 0xf57c00, 0xf4511e
};

void draw957(){
  for (int xval = 0; xval < 64; xval++){
    for (int yval = 0; yval < 16; yval++){
      int idx = 64 * yval + xval;
      int hex = ARZG_957_Art[idx];
      RGB color = colorConverter(hex);
      matrix.drawPixel(xval, yval, matrix.color565(color.r, color.g, color.b));
    }
  }
  matrix.show();
}

void drawFRC(int x_off, int y_off) {
  R = 255;
  G = 0;
  B = 0;
  matrix.drawLine(4 + x_off, 1 + y_off, 4 + x_off, 8 + y_off, matrix.color565(R, G, B));  //triangle start
  matrix.drawLine(3 + x_off, 4 + y_off, 3 + x_off, 12 + y_off, matrix.color565(R, G, B));
  matrix.drawLine(2 + x_off, 9 + y_off, 2 + x_off, 12 + y_off, matrix.color565(R, G, B));
  matrix.drawLine(4 + x_off, 11 + y_off, 7 + x_off, 11 + y_off, matrix.color565(R, G, B));
  matrix.drawLine(4 + x_off, 12 + y_off, 6 + x_off, 12 + y_off, matrix.color565(R, G, B));
  matrix.drawLine(7 + x_off, 10 + y_off, 8 + x_off, 10 + y_off, matrix.color565(R, G, B));
  matrix.drawLine(10 + x_off, 9 + y_off, 11 + x_off, 9 + y_off, matrix.color565(R, G, B));
  matrix.drawLine(11 + x_off, 6 + y_off, 11 + x_off, 8 + y_off, matrix.color565(R, G, B));
  matrix.drawLine(10 + x_off, 5 + y_off, 10 + x_off, 6 + y_off, matrix.color565(R, G, B));
  matrix.drawLine(9 + x_off, 4 + y_off, 9 + x_off, 5 + y_off, matrix.color565(R, G, B));
  matrix.drawLine(8 + x_off, 3 + y_off, 8 + x_off, 4 + y_off, matrix.color565(R, G, B));
  matrix.drawLine(5 + x_off, 1 + y_off, 5 + x_off, 3 + y_off, matrix.color565(R, G, B));
  matrix.drawLine(7 + x_off, 2 + y_off, 7 + x_off, 3 + y_off, matrix.color565(R, G, B));
  matrix.drawLine(6 + x_off, 2 + y_off, 6 + x_off, 3 + y_off, matrix.color565(R, G, B));  //triangle end
  matrix.drawPixel(4 + x_off, 0 + y_off, matrix.color565(R, G, B));
  matrix.drawPixel(5 + x_off, 0 + y_off, matrix.color565(R, G, B));
  matrix.drawPixel(6 + x_off, 1 + y_off, matrix.color565(R, G, B));
  R = 255;  // R doesn't need to be set here but it looks nicer
  G = 255;
  B = 255;
  matrix.drawLine(10 + x_off, 3 + y_off, 14 + x_off, 3 + y_off, matrix.color565(R, G, B));  //Circle start
  matrix.drawPixel(10 + x_off, 4 + y_off, matrix.color565(R, G, B));
  matrix.drawPixel(8 + x_off, 5 + y_off, matrix.color565(R, G, B));
  matrix.drawLine(7 + x_off, 6 + y_off, 7 + x_off, 8 + y_off, matrix.color565(R, G, B));
  matrix.drawLine(8 + x_off, 6 + y_off, 8 + x_off, 9 + y_off, matrix.color565(R, G, B));
  matrix.drawLine(9 + x_off, 9 + y_off, 9 + x_off, 10 + y_off, matrix.color565(R, G, B));
  matrix.drawLine(10 + x_off, 10 + y_off, 10 + x_off, 11 + y_off, matrix.color565(R, G, B));
  matrix.drawLine(11 + x_off, 11 + y_off, 14 + x_off, 11 + y_off, matrix.color565(R, G, B));
  matrix.drawLine(14 + x_off, 10 + y_off, 15 + x_off, 10 + y_off, matrix.color565(R, G, B));
  matrix.drawLine(15 + x_off, 10 + y_off, 16 + x_off, 9 + y_off, matrix.color565(R, G, B));
  matrix.drawLine(16 + x_off, 5 + y_off, 16 + x_off, 8 + y_off, matrix.color565(R, G, B));
  matrix.drawLine(17 + x_off, 6 + y_off, 17 + x_off, 8 + y_off, matrix.color565(R, G, B));  //circle end
  R = 0;
  G = 0;
  B = 255;                                                                                  // B doesn't need to be set here but it looks nicer
  matrix.drawLine(19 + x_off, 1 + y_off, 17 + x_off, 1 + y_off, matrix.color565(R, G, B));  //Dimond Start
  matrix.drawLine(17 + x_off, 2 + y_off, 16 + x_off, 2 + y_off, matrix.color565(R, G, B));
  matrix.drawLine(17 + x_off, 2 + y_off, 16 + x_off, 2 + y_off, matrix.color565(R, G, B));
  matrix.drawLine(16 + x_off, 3 + y_off, 15 + x_off, 3 + y_off, matrix.color565(R, G, B));
  matrix.drawLine(15 + x_off, 4 + y_off, 14 + x_off, 4 + y_off, matrix.color565(R, G, B));
  matrix.drawLine(14 + x_off, 5 + y_off, 13 + x_off, 5 + y_off, matrix.color565(R, G, B));
  matrix.drawLine(13 + x_off, 6 + y_off, 12 + x_off, 6 + y_off, matrix.color565(R, G, B));
  matrix.drawLine(12 + x_off, 7 + y_off, 12 + x_off, 8 + y_off, matrix.color565(R, G, B));
  matrix.drawLine(13 + x_off, 8 + y_off, 13 + x_off, 9 + y_off, matrix.color565(R, G, B));
  matrix.drawPixel(14 + x_off, 9 + y_off, matrix.color565(R, G, B));
  matrix.drawLine(15 + x_off, 11 + y_off, 17 + x_off, 13 + y_off, matrix.color565(R, G, B));
  matrix.drawLine(16 + x_off, 11 + y_off, 17 + x_off, 12 + y_off, matrix.color565(R, G, B));
  matrix.drawLine(18 + x_off, 13 + y_off, 24 + x_off, 7 + y_off, matrix.color565(R, G, B));
  matrix.drawLine(19 + x_off, 13 + y_off, 24 + x_off, 8 + y_off, matrix.color565(R, G, B));
  matrix.drawLine(23 + x_off, 6 + y_off, 19 + x_off, 2 + y_off, matrix.color565(R, G, B));
  matrix.drawLine(24 + x_off, 6 + y_off, 20 + x_off, 2 + y_off, matrix.color565(R, G, B));  //dimond end
  matrix.drawPixel(18 + x_off, 0 + y_off, matrix.color565(R, G, B));
  matrix.drawPixel(25 + x_off, 7 + y_off, matrix.color565(R, G, B));
  matrix.drawPixel(18 + x_off, 14 + y_off, matrix.color565(R, G, B));
  matrix.drawPixel(11 + x_off, 7 + y_off, matrix.color565(R, G, B));
  matrix.show();
  R = 100;
  G = 100;
  B = 100;
  matrix.drawLine(27 + x_off, 0 + y_off, 29 + x_off, 0 + y_off, matrix.color565(R, G, B));  //F start
  matrix.drawLine(27 + x_off, 1 + y_off, 27 + x_off, 4 + y_off, matrix.color565(R, G, B));
  matrix.drawLine(28 + x_off, 2 + y_off, 29 + x_off, 2 + y_off, matrix.color565(R, G, B));   // F end
  matrix.drawLine(27 + x_off, 10 + y_off, 27 + x_off, 6 + y_off, matrix.color565(R, G, B));  // R start
  matrix.drawLine(28 + x_off, 6 + y_off, 27 + x_off, 6 + y_off, matrix.color565(R, G, B));
  matrix.drawLine(29 + x_off, 7 + y_off, 28 + x_off, 8 + y_off, matrix.color565(R, G, B));
  matrix.drawLine(29 + x_off, 9 + y_off, 29 + x_off, 10 + y_off, matrix.color565(R, G, B));   // R end
  matrix.drawLine(27 + x_off, 12 + y_off, 29 + x_off, 12 + y_off, matrix.color565(R, G, B));  // C start
  matrix.drawLine(27 + x_off, 13 + y_off, 27 + x_off, 15 + y_off, matrix.color565(R, G, B));
  matrix.drawLine(28 + x_off, 15 + y_off, 29 + x_off, 15 + y_off, matrix.color565(R, G, B));  // C end
  R = 30;
  G = 30;
  B = 30;
  matrix.drawLine(3 + x_off, 1 + y_off, 3 + x_off, 3 + y_off, matrix.color565(R, G, B));  //triangle shading
  matrix.drawLine(2 + x_off, 4 + y_off, 2 + x_off, 8 + y_off, matrix.color565(R, G, B));
  matrix.drawLine(1 + x_off, 9 + y_off, 1 + x_off, 12 + y_off, matrix.color565(R, G, B));
  matrix.drawLine(4 + x_off, 10 + y_off, 6 + x_off, 10 + y_off, matrix.color565(R, G, B));
  matrix.drawPixel(7 + x_off, 9 + y_off, matrix.color565(R, G, B));
  matrix.drawLine(10 + x_off, 8 + y_off, 10 + x_off, 7 + y_off, matrix.color565(R, G, B));
  matrix.drawLine(7 + x_off, 4 + y_off, 6 + x_off, 3 + y_off, matrix.color565(R, G, B));
  matrix.drawPixel(9 + x_off, 6 + y_off, matrix.color565(R, G, B));  //triangle shading end
  matrix.drawPixel(7 + x_off, 12 + y_off, matrix.color565(R, G, B));
  matrix.drawPixel(8 + x_off, 11 + y_off, matrix.color565(R, G, B));
  matrix.drawPixel(3 + x_off, 0 + y_off, matrix.color565(R, G, B));
  matrix.drawLine(9 + x_off, 11 + y_off, 10 + x_off, 12 + y_off, matrix.color565(R, G, B));  //diamond shading
  matrix.drawLine(11 + x_off, 12 + y_off, 15 + x_off, 12 + y_off, matrix.color565(R, G, B));
  matrix.drawLine(16 + x_off, 10 + y_off, 7 + x_off, 8 + y_off, matrix.color565(R, G, B));
  matrix.drawPixel(17 + x_off, 9 + y_off, matrix.color565(R, G, B));
  matrix.drawLine(13 + x_off, 4 + y_off, 11 + x_off, 4 + y_off, matrix.color565(R, G, B));   //circle shading end
  matrix.drawLine(12 + x_off, 9 + y_off, 13 + x_off, 10 + y_off, matrix.color565(R, G, B));  // diamond shading
  matrix.drawLine(16 + x_off, 13 + y_off, 17 + x_off, 14 + y_off, matrix.color565(R, G, B));
  matrix.drawLine(18 + x_off, 2 + y_off, 23 + x_off, 7 + y_off, matrix.color565(R, G, B));
  matrix.drawLine(18 + x_off, 14 + y_off, 19 + x_off, 14 + y_off, matrix.color565(R, G, B));
  matrix.drawLine(20 + x_off, 13 + y_off, 24 + x_off, 9 + y_off, matrix.color565(R, G, B));
  matrix.drawLine(17 + x_off, 3 + y_off, 13 + x_off, 7 + y_off, matrix.color565(R, G, B));  // diamond shading end
  matrix.drawPixel(25 + x_off, 8 + y_off, matrix.color565(R, G, B));
  matrix.drawPixel(18 + x_off, 15 + y_off, matrix.color565(R, G, B));
}

void drawAmogus(int x_off, int y_off) {
  R = 255;
  G = 0;
  B = 0;
  matrix.drawLine(4 + x_off, 2 + y_off, 8 + x_off, 2 + y_off, matrix.color565(R, G, B));  //bright red body of among us start
  matrix.drawLine(3 + x_off, 3 + y_off, 9 + x_off, 3 + y_off, matrix.color565(R, G, B));
  matrix.drawLine(6 + x_off, 4 + y_off, 9 + x_off, 4 + y_off, matrix.color565(R, G, B));
  matrix.drawLine(7 + x_off, 5 + y_off, 9 + x_off, 5 + y_off, matrix.color565(R, G, B));
  matrix.drawLine(7 + x_off, 6 + y_off, 9 + x_off, 6 + y_off, matrix.color565(R, G, B));
  matrix.drawLine(6 + x_off, 7 + y_off, 9 + x_off, 7 + y_off, matrix.color565(R, G, B));
  matrix.drawLine(5 + x_off, 8 + y_off, 7 + x_off, 8 + y_off, matrix.color565(R, G, B));
  matrix.drawLine(11 + x_off, 5 + y_off, 11 + x_off, 7 + y_off, matrix.color565(R, G, B));
  matrix.drawLine(12 + x_off, 5 + y_off, 12 + x_off, 7 + y_off, matrix.color565(R, G, B));
  matrix.drawLine(3 + x_off, 8 + y_off, 3 + x_off, 14 + y_off, matrix.color565(R, G, B));  //originally a darker red, but didn't work so merged it with bright red
  matrix.drawLine(4 + x_off, 8 + y_off, 4 + x_off, 14 + y_off, matrix.color565(R, G, B));
  matrix.drawLine(5 + x_off, 9 + y_off, 5 + x_off, 12 + y_off, matrix.color565(R, G, B));
  matrix.drawLine(6 + x_off, 9 + y_off, 6 + x_off, 11 + y_off, matrix.color565(R, G, B));
  matrix.drawLine(7 + x_off, 9 + y_off, 7 + x_off, 12 + y_off, matrix.color565(R, G, B));
  matrix.drawLine(8 + x_off, 8 + y_off, 8 + x_off, 14 + y_off, matrix.color565(R, G, B));
  matrix.drawLine(9 + x_off, 8 + y_off, 9 + x_off, 14 + y_off, matrix.color565(R, G, B));
  matrix.drawLine(11 + x_off, 8 + y_off, 11 + x_off, 13 + y_off, matrix.color565(R, G, B));
  matrix.drawLine(12 + x_off, 8 + y_off, 12 + x_off, 12 + y_off, matrix.color565(R, G, B));
  R = 0;
  G = 0;
  B = 255;
  matrix.drawLine(2 + x_off, 6 + y_off, 5 + x_off, 6 + y_off, matrix.color565(R, G, B));  //dark blue visor
  matrix.drawPixel(5 + x_off, 5 + y_off, matrix.color565(R, G, B));
  R = 137;
  G = 207;
  B = 240;
  matrix.drawLine(2 + x_off, 5 + y_off, 4 + x_off, 5 + y_off, matrix.color565(R, G, B));  //light blue visor
  R = 255;
  G = 255;
  B = 255;
  matrix.drawLine(4 + x_off, 1 + y_off, 8 + x_off, 1 + y_off, matrix.color565(R, G, B));  //white outline of amogus
  matrix.drawLine(9 + x_off, 2 + y_off, 10 + x_off, 3 + y_off, matrix.color565(R, G, B));
  matrix.drawLine(10 + x_off, 4 + y_off, 10 + x_off, 14 + y_off, matrix.color565(R, G, B));
  matrix.drawLine(11 + x_off, 13 + y_off, 12 + x_off, 13 + y_off, matrix.color565(R, G, B));
  matrix.drawLine(13 + x_off, 12 + y_off, 13 + x_off, 5 + y_off, matrix.color565(R, G, B));
  matrix.drawLine(11 + x_off, 4 + y_off, 12 + x_off, 4 + y_off, matrix.color565(R, G, B));
  matrix.drawLine(8 + x_off, 15 + y_off, 9 + x_off, 15 + y_off, matrix.color565(R, G, B));
  matrix.drawLine(7 + x_off, 14 + y_off, 7 + x_off, 13 + y_off, matrix.color565(R, G, B));
  matrix.drawPixel(6 + x_off, 12 + y_off, matrix.color565(R, G, B));
  matrix.drawLine(5 + x_off, 13 + y_off, 5 + x_off, 14 + y_off, matrix.color565(R, G, B));
  matrix.drawLine(3 + x_off, 15 + y_off, 4 + x_off, 15 + y_off, matrix.color565(R, G, B));
  matrix.drawLine(2 + x_off, 14 + y_off, 2 + x_off, 7 + y_off, matrix.color565(R, G, B));
  matrix.drawLine(3 + x_off, 7 + y_off, 5 + x_off, 7 + y_off, matrix.color565(R, G, B));
  matrix.drawLine(6 + x_off, 6 + y_off, 6 + x_off, 5 + y_off, matrix.color565(R, G, B));
  matrix.drawLine(5 + x_off, 4 + y_off, 2 + x_off, 4 + y_off, matrix.color565(R, G, B));
  matrix.drawLine(1 + x_off, 5 + y_off, 1 + x_off, 6 + y_off, matrix.color565(R, G, B));
  matrix.drawLine(2 + x_off, 3 + y_off, 3 + x_off, 2 + y_off, matrix.color565(R, G, B));
  matrix.show();
}


void drawHeart(int x_off, int y_off) {
  R = 255;
  G = 0;
  B = 0;
  matrix.drawLine(1 + x_off, 2 + y_off, 1 + x_off, 4 + y_off, matrix.color565(R, G, B));
  matrix.drawPixel(2 + x_off, 1 + y_off, matrix.color565(R, G, B));
  matrix.drawPixel(2 + x_off, 5 + y_off, matrix.color565(R, G, B));
  matrix.drawPixel(3 + x_off, 3 + y_off, matrix.color565(255, 255, 255));
  matrix.drawPixel(3 + x_off, 2 + y_off, matrix.color565(255, 255, 255));
  matrix.drawPixel(3 + x_off, 6 + y_off, matrix.color565(R, G, B));
  matrix.drawPixel(4 + x_off, 2 + y_off, matrix.color565(255, 255, 255));
  matrix.drawPixel(4 + x_off, 3 + y_off, matrix.color565(255, 255, 255));
  matrix.drawPixel(4 + x_off, 7 + y_off, matrix.color565(R, G, B));
  matrix.drawLine(4 + x_off, 0 + y_off, 3 + x_off, 0 + y_off, matrix.color565(R, G, B));
  matrix.drawPixel(5 + x_off, 1 + y_off, matrix.color565(R, G, B));
  matrix.drawPixel(5 + x_off, 8 + y_off, matrix.color565(R, G, B));
  matrix.drawPixel(6 + x_off, 7 + y_off, matrix.color565(R, G, B));
  matrix.drawLine(7 + x_off, 0 + y_off, 6 + x_off, 0 + y_off, matrix.color565(R, G, B));
  matrix.drawPixel(7 + x_off, 6 + y_off, matrix.color565(R, G, B));
  matrix.drawPixel(8 + x_off, 1 + y_off, matrix.color565(R, G, B));
  matrix.drawPixel(8 + x_off, 5 + y_off, matrix.color565(R, G, B));
  matrix.drawLine(9 + x_off, 2 + y_off, 9 + x_off, 4 + y_off, matrix.color565(R, G, B));
}

void draw_we_love_static(int x_off, int y_off) {
  matrix.fillRect(0, 0, 64, 16, matrix.color565(0, 0, 0));
  //Write "WE"
  matrix.setCursor(1 + x_off, 1 + y_off);
  matrix.setTextSize(1);

  matrix.setTextColor(matrix.color565(255, 255, 0));
  matrix.print("WE");
  matrix.setCursor(33 + x_off, 1 + y_off);
  matrix.print("WE");

  R = 255;
  G = 0;
  B = 0;

  //Draw the heart
  matrix.drawLine(25 + x_off, 0 + y_off, 24 + x_off, 0 + y_off, matrix.color565(R, G, B));
  matrix.drawLine(28 + x_off, 0 + y_off, 27 + x_off, 0 + y_off, matrix.color565(R, G, B));

  matrix.drawLine(57 + x_off, 0 + y_off, 56 + x_off, 0 + y_off, matrix.color565(R, G, B));
  matrix.drawLine(60 + x_off, 0 + y_off, 59 + x_off, 0 + y_off, matrix.color565(R, G, B));

  matrix.drawPixel(29 + x_off, 1 + y_off, matrix.color565(R, G, B));
  matrix.drawPixel(26 + x_off, 1 + y_off, matrix.color565(R, G, B));
  matrix.drawPixel(23 + x_off, 1 + y_off, matrix.color565(R, G, B));

  matrix.drawPixel(61 + x_off, 1 + y_off, matrix.color565(R, G, B));
  matrix.drawPixel(58 + x_off, 1 + y_off, matrix.color565(R, G, B));
  matrix.drawPixel(55 + x_off, 1 + y_off, matrix.color565(R, G, B));

  matrix.drawLine(30 + x_off, 2 + y_off, 30 + x_off, 4 + y_off, matrix.color565(R, G, B));
  matrix.drawLine(22 + x_off, 2 + y_off, 22 + x_off, 4 + y_off, matrix.color565(R, G, B));
  matrix.drawLine(62 + x_off, 2 + y_off, 62 + x_off, 4 + y_off, matrix.color565(R, G, B));
  matrix.drawLine(54 + x_off, 2 + y_off, 54 + x_off, 4 + y_off, matrix.color565(R, G, B));

  matrix.drawPixel(24 + x_off, 2 + y_off, matrix.color565(255, 255, 255));
  matrix.drawPixel(25 + x_off, 2 + y_off, matrix.color565(255, 255, 255));
  matrix.drawPixel(24 + x_off, 3 + y_off, matrix.color565(255, 255, 255));
  matrix.drawPixel(25 + x_off, 3 + y_off, matrix.color565(255, 255, 255));

  matrix.drawPixel(56 + x_off, 2 + y_off, matrix.color565(255, 255, 255));
  matrix.drawPixel(57 + x_off, 2 + y_off, matrix.color565(255, 255, 255));
  matrix.drawPixel(56 + x_off, 3 + y_off, matrix.color565(255, 255, 255));
  matrix.drawPixel(57 + x_off, 3 + y_off, matrix.color565(255, 255, 255));

  matrix.drawPixel(29 + x_off, 5 + y_off, matrix.color565(R, G, B));
  matrix.drawPixel(23 + x_off, 5 + y_off, matrix.color565(R, G, B));

  matrix.drawPixel(61 + x_off, 5 + y_off, matrix.color565(R, G, B));
  matrix.drawPixel(55 + x_off, 5 + y_off, matrix.color565(R, G, B));

  matrix.drawPixel(28 + x_off, 6 + y_off, matrix.color565(R, G, B));
  matrix.drawPixel(24 + x_off, 6 + y_off, matrix.color565(R, G, B));

  matrix.drawPixel(60 + x_off, 6 + y_off, matrix.color565(R, G, B));
  matrix.drawPixel(56 + x_off, 6 + y_off, matrix.color565(R, G, B));

  matrix.drawPixel(27 + x_off, 7 + y_off, matrix.color565(R, G, B));
  matrix.drawPixel(25 + x_off, 7 + y_off, matrix.color565(R, G, B));

  matrix.drawPixel(59 + x_off, 7 + y_off, matrix.color565(R, G, B));
  matrix.drawPixel(57 + x_off, 7 + y_off, matrix.color565(R, G, B));

  matrix.drawPixel(26 + x_off, 8 + y_off, matrix.color565(R, G, B));
  matrix.drawPixel(58 + x_off, 8 + y_off, matrix.color565(R, G, B));


  //Center text cursor based on length of alliance team #s
  length = ap1d.length();

  if (length == 4) {
    matrix.setCursor(5 + x_off, 9 + y_off);
  } else if (length == 3) {
    matrix.setCursor(7 + x_off, 9 + y_off);
  } else if (length == 2) {
    matrix.setCursor(10 + x_off, 9 + y_off);
  } else {
    matrix.setCursor(1 + x_off, 9 + y_off);
  }

  matrix.setTextColor(matrix.color565(255, 255, 255));
  matrix.print(ap1d);

  length = ap2d.length();

  if (length == 4) {
    matrix.setCursor(37 + x_off, 9 + y_off);
  } else if (length == 3) {
    matrix.setCursor(39 + x_off, 9 + y_off);
  } else if (length == 2) {
    matrix.setCursor(42 + x_off, 9 + y_off);
  } else {
    matrix.setCursor(33 + x_off, 9 + y_off);
  }

  matrix.setTextColor(matrix.color565(255, 255, 255));
  matrix.print(ap2d);
}

void draw_swarm(int x_off, int y_off) {
  matrix.fillRect(0, 0, 64, 16, matrix.color565(0, 0, 0));
  matrix.setTextColor(matrix.color565(255, 255, 0));

  //Write "SWARM" in yellow text
  matrix.setCursor(1 + x_off, 0 + y_off);
  matrix.print("SWARM");
  matrix.setCursor(33 + x_off, 0 + y_off);
  matrix.print("SWARM");

  matrix.setTextColor(matrix.color565(255, 255, 255));

  //Write "957" in white text, centered
  matrix.setCursor(7 + x_off, 9 + y_off);
  matrix.print("957");
  matrix.setCursor(39 + x_off, 9 + y_off);
  matrix.print("957");
}

void select_disp(int message, int x_off, int y_off) {
  //Self-explanatory: selects whether or not to display the We Love or SWARM message
  if (message == 2) {
    draw_we_love_static(x_off, y_off);
  } else if (message == 3) {
    draw_swarm(x_off, y_off);
  }
}

void drawSlider(int sliderType, int x_off, int y_off) {
  
  if (sliderType == 1) {
    drawFRC(x_off, y_off);
  } else if (sliderType == 2) {
    drawAmogus(x_off, y_off);
  }
}

void drawFirework() {

  //Setup:
  int R = 0;
  int G = 0;
  int B = 0;
  int randXPos = random(0, 63); //random X position. Change to "31" if only using one board.
  int randYPos = random(0, 15); // random Y position
  int oneInThree = random(1,3); //the variabel "oneInThree" will be used for the 3 following "if" statements to ensure that one RGB value will always equal 255. This makes sure the first firework color is as bright as possible. 
  if(oneInThree == 1){
    R = 255;
    G = random(0, 255);
    B = random(0, 255);
  }
  if(oneInThree == 2){
    R = random(0, 255);
    G = 255;
    B = random(0, 255);
  }
  if(oneInThree == 3){
    R = random(0, 255);
    G = random(0, 255);
    B = 255;
  }
  
  //Drawing:
  matrix.fillScreen(matrix.color565(0, 0, 0)); //fills the screen with black
  matrix.show(); //shows the first frame of animation
  delay(100); //100ms delay

  matrix.drawPixel(randXPos,randYPos, matrix.color565(R,G,B)); //draws a pixel in a random x and y position, with random RGB values. This pixel is the origin of the firework, in the sense that every pixel drawn from now on will be based around this pixel.  
  matrix.show(); //shows frame #2
  delay(50); 

  matrix.drawPixel(randXPos,randYPos, matrix.color565(R,G,B)); //origin
  matrix.drawPixel(randXPos - 1,randYPos - 1, matrix.color565(R - 10,G - 10,B - 10)); //this is a dimmer version of the random color, which goes around the firework origin
  matrix.drawPixel(randXPos - 2,randYPos - 2, matrix.color565(R - 10,G - 10,B - 10)); 
  matrix.drawPixel(randXPos - 1,randYPos + 1, matrix.color565(R - 10,G - 10,B - 10)); 
  matrix.drawPixel(randXPos - 2,randYPos + 2, matrix.color565(R - 10,G - 10,B - 10));
  matrix.drawPixel(randXPos + 1,randYPos - 1, matrix.color565(R - 10,G - 10,B - 10)); 
  matrix.drawPixel(randXPos + 2,randYPos - 2, matrix.color565(R - 10,G - 10,B - 10)); 
  matrix.drawPixel(randXPos + 1,randYPos + 1, matrix.color565(R - 10,G - 10,B - 10)); 
  matrix.drawPixel(randXPos + 2,randYPos + 2, matrix.color565(R - 10,G - 10,B - 10));
  matrix.drawPixel(randXPos,randYPos + 1, matrix.color565(255,132,0)); //orange pixel
  matrix.drawPixel(randXPos,randYPos - 1, matrix.color565(255,132,0));
  matrix.drawPixel(randXPos + 1 ,randYPos, matrix.color565(255,132,0));
  matrix.drawPixel(randXPos - 1,randYPos, matrix.color565(255,132,0));
  matrix.show(); //shows frame #3
  delay(50); 

  matrix.drawLine(randXPos + 2,randYPos - 2,randXPos - 2,randYPos + 2, matrix.color565(133,133,133)); //gray line
  matrix.drawLine(randXPos + 2,randYPos + 2,randXPos - 2,randYPos - 2, matrix.color565(133,133,133));
  matrix.drawLine(randXPos - 1,randYPos - 2,randXPos + 2,randYPos + 1, matrix.color565(255,255,0)); //yellow line
  matrix.drawLine(randXPos + 1,randYPos - 2,randXPos - 2,randYPos + 1, matrix.color565(255,255,0));
  matrix.drawLine(randXPos,randYPos + 1,randXPos - 1,randYPos + 2, matrix.color565(255,255,0)); 
  matrix.drawPixel(randXPos + 1,randYPos + 2, matrix.color565(255,255,0));
  matrix.drawPixel(randXPos,randYPos, matrix.color565(R - 10 ,G - 10 ,B - 10)); //slightly dimmer origin 
  matrix.drawPixel(randXPos + 3,randYPos + 3, matrix.color565(R - 30 ,G - 30 ,B - 30)); //color is the same color as the origin, but dimmer
  matrix.drawPixel(randXPos + 3,randYPos + 1, matrix.color565(R - 30 ,G - 30 ,B - 30));
  matrix.drawPixel(randXPos + 3,randYPos - 1, matrix.color565(R - 30 ,G - 30 ,B - 30));
  matrix.drawPixel(randXPos + 3,randYPos - 3, matrix.color565(R - 30 ,G - 30 ,B - 30));
  matrix.drawPixel(randXPos + 1,randYPos - 3, matrix.color565(R - 30 ,G - 30 ,B - 30));
  matrix.drawPixel(randXPos - 1,randYPos - 3, matrix.color565(R - 30 ,G - 30 ,B - 30));
  matrix.drawPixel(randXPos - 3,randYPos - 3, matrix.color565(R - 30 ,G - 30 ,B - 30));
  matrix.drawPixel(randXPos - 3,randYPos - 1, matrix.color565(R - 30 ,G - 30 ,B - 30));
  matrix.drawPixel(randXPos - 3,randYPos + 1, matrix.color565(R - 30 ,G - 30 ,B - 30));
  matrix.drawPixel(randXPos - 3,randYPos + 3, matrix.color565(R - 30 ,G - 30 ,B - 30));
  matrix.drawPixel(randXPos - 1,randYPos + 3, matrix.color565(R - 30 ,G - 30 ,B - 30));
  matrix.drawPixel(randXPos + 1,randYPos + 3, matrix.color565(R - 30 ,G - 30 ,B - 30));
  matrix.show(); //shows frame #4
  delay(50);

  matrix.drawLine(randXPos + 2,randYPos - 2,randXPos - 2,randYPos + 2, matrix.color565(65,65,65)); //gray line
  matrix.drawLine(randXPos + 2,randYPos + 2,randXPos - 2,randYPos - 2, matrix.color565(65,65,65));
  matrix.drawPixel(randXPos + 3,randYPos + 1, matrix.color565(133,133,133)); //light gray pixels
  matrix.drawPixel(randXPos + 3,randYPos - 1, matrix.color565(133,133,133));
  matrix.drawPixel(randXPos + 3,randYPos - 3, matrix.color565(133,133,133));
  matrix.drawPixel(randXPos + 1,randYPos - 3, matrix.color565(133,133,133));
  matrix.drawPixel(randXPos - 1,randYPos - 3, matrix.color565(133,133,133));
  matrix.drawPixel(randXPos - 3,randYPos - 3, matrix.color565(133,133,133));
  matrix.drawPixel(randXPos - 3,randYPos - 1, matrix.color565(133,133,133));
  matrix.drawPixel(randXPos - 3,randYPos + 1, matrix.color565(133,133,133));
  matrix.drawPixel(randXPos - 3,randYPos + 3, matrix.color565(133,133,133));
  matrix.drawPixel(randXPos - 1,randYPos + 3, matrix.color565(133,133,133));
  matrix.drawPixel(randXPos + 1,randYPos + 3, matrix.color565(133,133,133));
  matrix.drawPixel(randXPos + 3,randYPos + 3, matrix.color565(133,133,133));
  matrix.drawLine(randXPos - 2,randYPos - 1,randXPos - 1,randYPos - 2, matrix.color565(255,255,0)); //yellow line
  matrix.drawLine(randXPos + 2,randYPos + 1,randXPos + 1,randYPos + 2, matrix.color565(255,255,0));
  matrix.drawLine(randXPos - 2,randYPos + 1,randXPos - 1,randYPos + 2, matrix.color565(255,255,0));
  matrix.drawLine(randXPos + 2,randYPos - 1,randXPos + 1,randYPos - 2, matrix.color565(255,255,0));
  matrix.drawLine(randXPos - 5,randYPos - 3,randXPos - 3,randYPos - 5, matrix.color565(R - 50, G - 50, B - 50)); //dim origin color lines
  matrix.drawLine(randXPos + 5,randYPos - 3,randXPos + 3,randYPos - 5, matrix.color565(R - 50, G - 50, B - 50));
  matrix.drawLine(randXPos - 5,randYPos + 3,randXPos - 3,randYPos + 5, matrix.color565(R - 50, G - 50, B - 50));
  matrix.drawLine(randXPos + 5,randYPos + 3,randXPos + 3,randYPos + 5, matrix.color565(R - 50, G - 50, B - 50));  
  matrix.drawPixel(randXPos + 5,randYPos + 5, matrix.color565(R - 50,G - 50,B - 50));
  matrix.drawPixel(randXPos - 5,randYPos - 5, matrix.color565(R - 50,G - 50,B - 50));
  matrix.drawPixel(randXPos + 5,randYPos - 5, matrix.color565(R - 50,G - 50,B - 50)); 
  matrix.drawPixel(randXPos - 5,randYPos + 5, matrix.color565(R - 50,G - 50,B - 50));
  matrix.show(); //show frame #5
  delay(50);

  matrix.drawLine(randXPos + 2,randYPos - 2,randXPos - 2,randYPos + 2, matrix.color565(33,33,33)); //dark gray line
  matrix.drawLine(randXPos + 2,randYPos + 2,randXPos - 2,randYPos - 2, matrix.color565(33,33,33));
  matrix.drawPixel(randXPos + 3,randYPos + 1, matrix.color565(65,65,65)); //gray pixels
  matrix.drawPixel(randXPos + 3,randYPos - 1, matrix.color565(65,65,65));
  matrix.drawPixel(randXPos + 3,randYPos - 3, matrix.color565(65,65,65));
  matrix.drawPixel(randXPos + 1,randYPos - 3, matrix.color565(65,65,65));
  matrix.drawPixel(randXPos - 1,randYPos - 3, matrix.color565(65,65,65));
  matrix.drawPixel(randXPos - 3,randYPos - 3, matrix.color565(65,65,65));
  matrix.drawPixel(randXPos - 3,randYPos - 1, matrix.color565(65,65,65));
  matrix.drawPixel(randXPos - 3,randYPos + 1, matrix.color565(65,65,65));
  matrix.drawPixel(randXPos - 3,randYPos + 3, matrix.color565(65,65,65));
  matrix.drawPixel(randXPos - 1,randYPos + 3, matrix.color565(65,65,65));
  matrix.drawPixel(randXPos + 1,randYPos + 3, matrix.color565(65,65,65));
  matrix.drawPixel(randXPos + 3,randYPos + 3, matrix.color565(65,65,65));
  matrix.drawLine(randXPos - 5,randYPos - 3,randXPos - 3,randYPos - 5, matrix.color565(133,133,133)); //light gray pixels
  matrix.drawLine(randXPos + 5,randYPos - 3,randXPos + 3,randYPos - 5, matrix.color565(133,133,133));
  matrix.drawLine(randXPos - 5,randYPos + 3,randXPos - 3,randYPos + 5, matrix.color565(133,133,133));
  matrix.drawLine(randXPos + 5,randYPos + 3,randXPos + 3,randYPos + 5, matrix.color565(133,133,133));  
  matrix.drawPixel(randXPos + 5,randYPos + 5, matrix.color565(133,133,133));
  matrix.drawPixel(randXPos - 5,randYPos - 5, matrix.color565(133,133,133));
  matrix.drawPixel(randXPos + 5,randYPos - 5, matrix.color565(133,133,133)); 
  matrix.drawPixel(randXPos - 5,randYPos + 5, matrix.color565(133,133,133));
  matrix.show(); //shows frame #6
  delay(50);

  matrix.drawLine(randXPos - 5,randYPos - 3,randXPos - 3,randYPos - 5, matrix.color565(33,33,33)); // gray pixels
  matrix.drawLine(randXPos + 5,randYPos - 3,randXPos + 3,randYPos - 5, matrix.color565(33,33,33));
  matrix.drawLine(randXPos - 5,randYPos + 3,randXPos - 3,randYPos + 5, matrix.color565(33,33,33));
  matrix.drawLine(randXPos + 5,randYPos + 3,randXPos + 3,randYPos + 5, matrix.color565(33,33,33));  
  matrix.drawPixel(randXPos + 5,randYPos + 5, matrix.color565(33,33,33));
  matrix.drawPixel(randXPos - 5,randYPos - 5, matrix.color565(33,33,33));
  matrix.drawPixel(randXPos + 5,randYPos - 5, matrix.color565(33,33,33));
  matrix.drawPixel(randXPos - 5,randYPos + 5, matrix.color565(33,33,33));
  matrix.show(); //shows frame #7
  delay(50); 
}
