/* 
How to change out images for next match:
1. Replace arrays with new alliance partners.
2. Replace all instances of the other team name in animation.cpp with the new team name. Use ctrl + f.
3. Replace ap1d/ap2d with team numbers. (Around line 88 in main.ino)
4. Go to "if(dispType == 2)" (around line 188 in main.ino) and "if(dispType == 4)" (around line 213 in main.ino).
5. Comment out commands if necessary. 
6. When uploading new code to bling boards, set int seed to 50 on the second bling board. 
*/ 

//Jesuit Robotics
#define JESUIT_HEIGHT 16
#define JESUIT_WIDTH 32

static const uint32_t JESUIT[] PROGMEM  = {
  0x000000, 0x000000, 0x000000, 0x000000, 0x000000, 0x000000, 0x000000, 0x000000, 0x000000, 0x000000, 0xff5d00, 0x000000, 0x000000, 0x000000, 0x000000, 0x000000, 0x000000, 0x000000, 0x000000, 0x000000, 0x000000, 0xff5d00, 0x000000, 0x000000, 0x000000, 0x000000, 0x000000, 0x000000, 0x000000, 0x000000, 0x000000, 0x000000, 
  0x000000, 0x000000, 0x000000, 0x000000, 0x000000, 0x000000, 0x000000, 0x000000, 0x000000, 0x000000, 0x000000, 0xff5d00, 0x000000, 0x000000, 0x000000, 0x000000, 0x000000, 0x000000, 0x000000, 0x000000, 0xff5d00, 0x000000, 0x000000, 0x000000, 0x000000, 0x000000, 0x000000, 0x000000, 0x000000, 0x000000, 0x000000, 0x000000, 
  0x000000, 0x000000, 0x000000, 0x000000, 0x000000, 0x000000, 0x000000, 0x000000, 0xff5d00, 0x000000, 0xff5d00, 0xff5d00, 0x000000, 0xff5d00, 0xff5d00, 0x000000, 0x000000, 0xff5d00, 0xff5d00, 0x000000, 0xff5d00, 0xff5d00, 0x000000, 0xff5d00, 0x000000, 0x000000, 0x000000, 0x000000, 0x000000, 0x000000, 0x000000, 0x000000, 
  0x000000, 0x000000, 0x000000, 0x000000, 0x000000, 0x000000, 0x000000, 0x000000, 0x000000, 0xff5d00, 0xff5d00, 0xff5d00, 0x000000, 0xff5d00, 0xff5d00, 0xff5d00, 0xff5d00, 0xff5d00, 0xff5d00, 0x000000, 0xff5d00, 0xff5d00, 0xff5d00, 0x000000, 0x000000, 0x000000, 0x000000, 0x000000, 0x000000, 0x000000, 0x000000, 0x000000, 
  0x000000, 0x000000, 0x000000, 0x000000, 0x000000, 0x000000, 0x000000, 0x000000, 0x000000, 0x000000, 0x000000, 0x000000, 0xff5d00, 0x000000, 0x000000, 0x00ff00, 0x00ff00, 0x00ff00, 0x00ff00, 0xff5d00, 0x000000, 0x000000, 0x000000, 0x000000, 0x000000, 0x000000, 0x000000, 0x000000, 0x000000, 0x000000, 0x000000, 0x000000, 
  0x000000, 0x000000, 0x000000, 0x000000, 0x000000, 0x000000, 0x000000, 0x000000, 0x000000, 0x000000, 0xff5d00, 0xff5d00, 0x000000, 0x000000, 0x000000, 0x000000, 0x00ff00, 0x000000, 0x000000, 0x000000, 0xff5d00, 0xff5d00, 0x000000, 0x000000, 0x000000, 0x000000, 0x000000, 0x000000, 0x000000, 0x000000, 0x000000, 0x000000, 
  0x000000, 0x000000, 0x000000, 0x000000, 0x000000, 0x000000, 0x000000, 0x000000, 0x000000, 0x000000, 0xff5d00, 0xff5d00, 0x000000, 0x000000, 0x00ff00, 0x00ff00, 0x00ff00, 0x00ff00, 0x00ff00, 0x000000, 0xff5d00, 0xff5d00, 0x000000, 0x000000, 0x000000, 0x000000, 0x000000, 0x000000, 0x000000, 0x000000, 0x000000, 0x000000, 
  0x000000, 0x000000, 0x000000, 0x000000, 0x000000, 0x000000, 0x000000, 0x000000, 0x000000, 0x000000, 0x000000, 0xff5d00, 0x000000, 0x000000, 0x00ff00, 0x000000, 0x00ff00, 0x000000, 0x00ff00, 0x000000, 0xff5d00, 0x000000, 0x000000, 0x000000, 0x000000, 0x000000, 0x000000, 0x000000, 0x000000, 0x000000, 0x000000, 0x000000, 
  0x000000, 0x000000, 0x000000, 0x000000, 0x000000, 0x000000, 0x000000, 0x000000, 0x000000, 0x000000, 0x000000, 0xff5d00, 0x000000, 0x000000, 0x00ff00, 0x000000, 0x00ff00, 0x000000, 0x000000, 0x000000, 0xff5d00, 0x000000, 0x000000, 0x000000, 0x000000, 0x000000, 0x000000, 0x000000, 0x000000, 0x000000, 0x000000, 0x000000, 
  0x000000, 0x000000, 0x000000, 0x000000, 0x000000, 0x000000, 0x000000, 0x000000, 0x000000, 0x000000, 0xff5d00, 0xff5d00, 0x00ff00, 0x000000, 0x00ff00, 0x000000, 0x00ff00, 0x000000, 0x000000, 0x000000, 0xff5d00, 0xff5d00, 0x000000, 0x000000, 0x000000, 0x000000, 0x000000, 0x000000, 0x000000, 0x000000, 0x000000, 0x000000, 
  0x000000, 0x000000, 0x000000, 0x000000, 0x000000, 0x000000, 0x000000, 0x000000, 0x000000, 0x000000, 0xff5d00, 0xff5d00, 0x00ff00, 0x00ff00, 0x00ff00, 0x00ff00, 0x00ff00, 0x000000, 0x000000, 0x000000, 0xff5d00, 0xff5d00, 0x000000, 0x000000, 0x000000, 0x000000, 0x000000, 0x000000, 0x000000, 0x000000, 0x000000, 0x000000, 
  0x000000, 0x000000, 0x000000, 0x000000, 0x000000, 0x000000, 0x000000, 0x000000, 0x000000, 0x000000, 0x000000, 0x000000, 0xff5d00, 0x000000, 0x00ff00, 0x000000, 0x000000, 0x000000, 0x00ff00, 0xff5d00, 0x000000, 0x000000, 0x000000, 0x000000, 0x000000, 0x000000, 0x000000, 0x000000, 0x000000, 0x000000, 0x000000, 0x000000, 
  0x000000, 0x000000, 0x000000, 0x000000, 0x000000, 0x000000, 0x000000, 0x000000, 0x000000, 0xff5d00, 0xff5d00, 0xff5d00, 0x000000, 0xff5d00, 0x00ff00, 0x00ff00, 0x00ff00, 0x00ff00, 0x00ff00, 0x000000, 0xff5d00, 0xff5d00, 0xff5d00, 0x000000, 0x000000, 0x000000, 0x000000, 0x000000, 0x000000, 0x000000, 0x000000, 0x000000, 
  0x000000, 0x000000, 0x000000, 0x000000, 0x000000, 0x000000, 0x000000, 0x000000, 0xff5d00, 0x000000, 0x000000, 0xff5d00, 0x000000, 0xff5d00, 0xff5d00, 0x000000, 0x000000, 0xff5d00, 0xff5d00, 0x000000, 0xff5d00, 0x000000, 0x000000, 0xff5d00, 0x000000, 0x000000, 0x000000, 0x000000, 0x000000, 0x000000, 0x000000, 0x000000, 
  0x000000, 0x000000, 0x000000, 0x000000, 0x000000, 0x000000, 0x000000, 0x000000, 0xff5d00, 0x000000, 0x000000, 0xff5d00, 0x000000, 0x000000, 0x000000, 0x000000, 0x000000, 0x000000, 0x000000, 0x000000, 0xff5d00, 0x000000, 0x000000, 0xff5d00, 0x000000, 0x000000, 0x000000, 0x000000, 0x000000, 0x000000, 0x000000, 0x000000, 
  0x000000, 0x000000, 0x000000, 0x000000, 0x000000, 0x000000, 0x000000, 0x000000, 0x000000, 0xff5d00, 0xff5d00, 0x000000, 0x000000, 0x000000, 0x000000, 0x000000, 0x000000, 0x000000, 0x000000, 0x000000, 0x000000, 0xff5d00, 0xff5d00, 0x000000, 0x000000, 0x000000, 0x000000, 0x000000, 0x000000, 0x000000, 0x000000, 0x000000
};

//Scalawags
#define SCALAWAGS_HEIGHT 16
#define SCALAWAGS_WIDTH 32
static const uint32_t SCALAWAGS[] PROGMEM  = {
  0x000000, 0x000000, 0x000000, 0x000000, 0x000000, 0x000000, 0x000000, 0x000000, 0x000000, 0x000000, 0x000000, 0x000000, 0x000000, 0x000000, 0x000000, 0x000000, 0x000000, 0x000000, 0x000000, 0x000000, 0x000000, 0x000000, 0x000000, 0x000000, 0x000000, 0x000000, 0x000000, 0x000000, 0x000000, 0x000000, 0x000000, 0x000000, 
  0x000000, 0x000000, 0x000000, 0x000000, 0x000000, 0x000000, 0x000000, 0x000000, 0x000000, 0x000000, 0x121212, 0x000000, 0x000000, 0x000000, 0x000000, 0x000000, 0x000000, 0x000000, 0x000000, 0x000000, 0x000000, 0x000000, 0x000000, 0x000000, 0x000000, 0x000000, 0x000000, 0x000000, 0x000000, 0x000000, 0x000000, 0x000000, 
  0x000000, 0x000000, 0x000000, 0x000000, 0x000000, 0x000000, 0x000000, 0x000000, 0x000000, 0x000000, 0x000000, 0x000000, 0x000000, 0xffffff, 0xffffff, 0xffffff, 0xffffff, 0xffffff, 0xffffff, 0x000000, 0x000000, 0x000000, 0x000000, 0x000000, 0x000000, 0x000000, 0x000000, 0x000000, 0x000000, 0x000000, 0x000000, 0x000000, 
  0xffffff, 0xffffff, 0x000000, 0x000000, 0xffffff, 0xffffff, 0xffffff, 0xffffff, 0x000000, 0x000000, 0x000000, 0x000000, 0xffffff, 0xffffff, 0xffffff, 0xffffff, 0xffffff, 0xffffff, 0xffffff, 0xffffff, 0x000000, 0x000000, 0xffffff, 0xffffff, 0xffffff, 0xffffff, 0x000000, 0x000000, 0xffffff, 0xffffff, 0xffffff, 0xffffff, 
  0x000000, 0xffffff, 0x000000, 0x000000, 0x000000, 0x000000, 0x000000, 0xffffff, 0x000000, 0x000000, 0x000000, 0x000000, 0xffffff, 0x000000, 0x000000, 0xffffff, 0xffffff, 0x000000, 0x000000, 0xffffff, 0x000000, 0x000000, 0xffffff, 0x000000, 0x000000, 0x000000, 0x000000, 0x000000, 0xffffff, 0x000000, 0x000000, 0xffffff, 
  0x000000, 0xffffff, 0x000000, 0x000000, 0x000000, 0x000000, 0x000000, 0xffffff, 0x000000, 0x000000, 0x000000, 0x000000, 0xffffff, 0x000000, 0xbf360c, 0xffffff, 0xffffff, 0xbf360c, 0x000000, 0xffffff, 0x000000, 0x000000, 0xffffff, 0x000000, 0x000000, 0x000000, 0x000000, 0x000000, 0xffffff, 0x000000, 0x000000, 0xffffff, 
  0x000000, 0xffffff, 0x000000, 0x000000, 0x000000, 0x000000, 0x000000, 0xffffff, 0x000000, 0x000000, 0x000000, 0x000000, 0xffffff, 0xffffff, 0xffffff, 0xffffff, 0xffffff, 0xffffff, 0xffffff, 0xffffff, 0x000000, 0x000000, 0xffffff, 0x000000, 0x000000, 0x000000, 0x000000, 0x000000, 0xffffff, 0xffffff, 0xffffff, 0xffffff, 
  0x000000, 0xffffff, 0x000000, 0x000000, 0x000000, 0x000000, 0x000000, 0xffffff, 0x000000, 0x000000, 0x000000, 0x000000, 0x000000, 0xffffff, 0xffffff, 0x000000, 0x000000, 0xffffff, 0xffffff, 0x000000, 0x000000, 0x000000, 0xffffff, 0x000000, 0x000000, 0x000000, 0x000000, 0x000000, 0x000000, 0x000000, 0x000000, 0xffffff, 
  0x000000, 0xffffff, 0x000000, 0x000000, 0x000000, 0xffffff, 0xffffff, 0xffffff, 0x000000, 0x000000, 0x000000, 0x000000, 0x000000, 0x000000, 0xffffff, 0xffffff, 0xffffff, 0xffffff, 0x000000, 0x000000, 0x000000, 0x000000, 0xffffff, 0xffffff, 0xffffff, 0xffffff, 0x000000, 0x000000, 0x000000, 0x000000, 0x000000, 0xffffff, 
  0x000000, 0xffffff, 0x000000, 0x000000, 0x000000, 0x000000, 0x000000, 0xffffff, 0x000000, 0x000000, 0x000000, 0x000000, 0xffffff, 0x000000, 0xa1a1a1, 0x787878, 0xffc107, 0x787878, 0x000000, 0xffffff, 0x000000, 0x000000, 0x000000, 0x000000, 0x000000, 0xffffff, 0x000000, 0x000000, 0x000000, 0x000000, 0x000000, 0xffffff, 
  0x000000, 0xffffff, 0x000000, 0x000000, 0x000000, 0x000000, 0x000000, 0xffffff, 0x000000, 0x000000, 0x000000, 0xffffff, 0xffffff, 0x000000, 0x000000, 0x000000, 0x000000, 0x000000, 0x000000, 0xffffff, 0xffffff, 0x000000, 0x000000, 0x000000, 0x000000, 0xffffff, 0x000000, 0x000000, 0x000000, 0x000000, 0x000000, 0xffffff, 
  0x000000, 0xffffff, 0x000000, 0x000000, 0x000000, 0x000000, 0x000000, 0xffffff, 0x000000, 0x000000, 0x000000, 0x000000, 0x000000, 0xffffff, 0x000000, 0x000000, 0x000000, 0x000000, 0xffffff, 0x000000, 0x000000, 0x000000, 0x000000, 0x000000, 0x000000, 0xffffff, 0x000000, 0x000000, 0x000000, 0x000000, 0x000000, 0xffffff, 
  0x000000, 0xffffff, 0x000000, 0x000000, 0x000000, 0x000000, 0x000000, 0xffffff, 0x000000, 0x000000, 0x000000, 0x000000, 0x000000, 0x000000, 0xffffff, 0xffffff, 0xffffff, 0xffffff, 0x000000, 0x000000, 0x000000, 0x000000, 0x000000, 0x000000, 0x000000, 0xffffff, 0x000000, 0x000000, 0x000000, 0x000000, 0x000000, 0xffffff, 
  0x000000, 0xffffff, 0x000000, 0x000000, 0xffffff, 0xffffff, 0xffffff, 0xffffff, 0x000000, 0x000000, 0x000000, 0x000000, 0x000000, 0xffffff, 0x000000, 0x000000, 0x000000, 0x000000, 0xffffff, 0x000000, 0x000000, 0x000000, 0xffffff, 0xffffff, 0xffffff, 0xffffff, 0x000000, 0x000000, 0x000000, 0x000000, 0x000000, 0xffffff, 
  0x000000, 0x000000, 0x000000, 0x000000, 0x000000, 0x000000, 0x000000, 0x000000, 0x000000, 0x000000, 0x000000, 0xffffff, 0xffffff, 0x000000, 0x000000, 0x000000, 0x000000, 0x000000, 0x000000, 0xffffff, 0xffffff, 0x000000, 0x000000, 0x000000, 0x000000, 0x000000, 0x000000, 0x000000, 0x000000, 0x000000, 0x000000, 0x000000, 
  0x000000, 0x000000, 0x000000, 0x000000, 0x000000, 0x000000, 0x000000, 0x000000, 0x000000, 0x000000, 0x000000, 0x000000, 0xffffff, 0x000000, 0x000000, 0x000000, 0x000000, 0x000000, 0x000000, 0xffffff, 0x000000, 0x000000, 0x000000, 0x000000, 0x000000, 0x000000, 0x000000, 0x000000, 0x000000, 0x000000, 0x000000, 0x000000
};

//Skynet
#define SKYNET_HEIGHT 16
#define SKYNET_WIDTH 32

static const uint32_t SKYNET[] PROGMEM  = {
  0x040000, 0x000100, 0x000500, 0x000500, 0x000300, 0x000100, 0x000005, 0x000007, 0x000607, 0x000500, 0x000800, 0x000500, 0x020600, 0x0d0000, 0x230000, 0x3e0000, 0xb23039, 0x520000, 0x1c0000, 0x04010c, 0x00000e, 0x02000e, 0x070005, 0x080000, 0x000200, 0x000200, 0x090000, 0x0a0004, 0x02000c, 0x00000d, 0x020007, 0x030004, 
  0x030000, 0x000100, 0x000400, 0x000400, 0x010000, 0x030000, 0x020002, 0x000004, 0x000204, 0x000300, 0x000300, 0x000200, 0x050000, 0x1c0000, 0x390000, 0xa83240, 0xc72e38, 0xbc3239, 0x330000, 0x130000, 0x030008, 0x00000b, 0x0a020a, 0x050000, 0x000200, 0x000200, 0x030000, 0x030002, 0x000006, 0x000007, 0x000003, 0x000001, 
  0x010006, 0x000004, 0x000201, 0x000000, 0x070002, 0x090002, 0x050000, 0x030000, 0x020003, 0x050007, 0x050002, 0x0f0001, 0x150000, 0x2d0000, 0xb9353c, 0xd4242f, 0xe11c25, 0xda2429, 0xbb3535, 0x380000, 0x0d0000, 0x000205, 0x000005, 0x050204, 0x010100, 0x000300, 0x000600, 0x000600, 0x000300, 0x000200, 0x000300, 0x000300, 
  0x01000a, 0x010008, 0x000004, 0x020003, 0x070004, 0x080002, 0x050000, 0x040000, 0x0a0206, 0x060004, 0x090009, 0x110000, 0x270000, 0x9f3737, 0xcf262b, 0xee1e26, 0xf31720, 0xf7242a, 0xd22020, 0xb03734, 0x1c0000, 0x010000, 0x030002, 0x020001, 0x010000, 0x000300, 0x000700, 0x000700, 0x000300, 0x000200, 0x000300, 0x000400, 
  0x030009, 0x030008, 0x030006, 0x020004, 0x000003, 0x000001, 0x010000, 0x030000, 0x060000, 0x050000, 0x000005, 0x170001, 0x9b3a40, 0xc73036, 0xe02327, 0xee191e, 0xf6161e, 0xf1141d, 0xef222b, 0xca3033, 0x8f4b42, 0x110000, 0x0a0000, 0x060002, 0x000100, 0x000201, 0x000201, 0x000201, 0x000000, 0x010000, 0x010100, 0x000100, 
  0x020005, 0x020005, 0x030006, 0x010004, 0x000200, 0x000300, 0x000100, 0x030000, 0x100001, 0x120000, 0x1b0000, 0x2c0000, 0x4f0000, 0xc22d32, 0xdc262a, 0xea1f24, 0xf72028, 0xe71621, 0xdc2430, 0xc13035, 0x420000, 0x300000, 0x2c0000, 0x1a0000, 0x050000, 0x000105, 0x000006, 0x010006, 0x010004, 0x010002, 0x020000, 0x030000, 
  0x000200, 0x000100, 0x000004, 0x000003, 0x000300, 0x000400, 0x000300, 0x040000, 0x160000, 0x310000, 0xae3239, 0xbb373a, 0x430000, 0x470000, 0xc43236, 0xd22129, 0xe31f2b, 0xd62733, 0xab3741, 0x420000, 0x520000, 0xae322a, 0xb53732, 0x430000, 0x140000, 0x000008, 0x02000a, 0x02000a, 0x000006, 0x000004, 0x020004, 0x030004, 
  0x000300, 0x000200, 0x000100, 0x000000, 0x000200, 0x000200, 0x010100, 0x120000, 0x320000, 0xba3e4d, 0xd2212c, 0xd6262b, 0xaf3533, 0x4c0000, 0x540000, 0xb93038, 0xc32932, 0xc0353f, 0x410000, 0x480000, 0xb32e2f, 0xcc312f, 0xcb2a27, 0xb93635, 0x310000, 0x160000, 0x0b0005, 0x030007, 0x000104, 0x000103, 0x030006, 0x050007, 
  0x000400, 0x000200, 0x060100, 0x060000, 0x030200, 0x040000, 0x100000, 0x2f0000, 0xbb3138, 0xd6202d, 0xe92436, 0xdf1928, 0xe2262b, 0xc52829, 0x4c0000, 0x3a0000, 0x963d3f, 0x4b0000, 0x560000, 0xb62e39, 0xc12a35, 0xcb2d35, 0xcb2e2f, 0xc33030, 0xb7363b, 0x410000, 0x1e0000, 0x030000, 0x000500, 0x000400, 0x090207, 0x0a0004, 
  0x000202, 0x000000, 0x060000, 0x0a0000, 0x070000, 0x190000, 0x2c0000, 0xab3a3c, 0xd62329, 0xf01d27, 0xe81a28, 0xed1d2b, 0xef1620, 0xde2127, 0xb73a3f, 0x400000, 0x3d0000, 0x400000, 0xb93238, 0xc22e36, 0xba3641, 0xffd9e3, 0xffd9de, 0xb33437, 0xc02e32, 0xb8363a, 0x360000, 0x190000, 0x000200, 0x000700, 0x020000, 0x070000, 
  0x050005, 0x040001, 0x0b0405, 0x090000, 0x100000, 0x2b0000, 0xb33537, 0xd2262c, 0xe62028, 0xf01d24, 0xe91b1d, 0xe81a1e, 0xf52431, 0xde1626, 0xd3222c, 0xc12c36, 0x4e0000, 0xa23542, 0xc3383c, 0xb13231, 0xffe7e6, 0xfff1f3, 0xffedf4, 0xffe9f1, 0xb2383b, 0xb82a2b, 0xbb393a, 0x400000, 0x190000, 0x000200, 0x000200, 0x020904, 
  0x020002, 0x080004, 0x0c0000, 0x1a0000, 0x2e0000, 0xac3e3e, 0xcf262a, 0xe51c22, 0xe81a20, 0xed1c20, 0xed1c1d, 0xf12125, 0xe41725, 0xee2131, 0xef202a, 0xdc252e, 0x5e0000, 0xae3d4a, 0xb43137, 0xffdfdf, 0xfff3ed, 0xfff9f5, 0xfffcff, 0xfff1fa, 0xffe1e2, 0xb13b3a, 0xbf2f2f, 0xb53435, 0x310000, 0x140000, 0x070300, 0x000300, 
  0x000500, 0x050000, 0x1c0000, 0x3a0000, 0xc0363f, 0xd5262e, 0xe01e25, 0xeb2125, 0xe81f1f, 0xf12326, 0xe40e18, 0xf11a28, 0xef212e, 0xeb1d28, 0xec151a, 0xdc2021, 0x590000, 0xa13b40, 0xa83947, 0xffe2eb, 0xfff6f0, 0xfffff6, 0xfffcfe, 0xfffcff, 0xfff9f8, 0xffeeeb, 0xb03736, 0xc23233, 0xb2353a, 0x3f0000, 0x180000, 0x090200, 
  0x020000, 0x190000, 0x390000, 0xbd3644, 0xdd2632, 0xe51620, 0xef2228, 0xe51a1d, 0xec2022, 0xec1c22, 0xf92130, 0xe91022, 0xe91723, 0xeb1a22, 0xf11c1f, 0xdf2625, 0x5d0000, 0xa0393b, 0xab3a4b, 0xffdfed, 0xfff0ee, 0xfff6f0, 0xfff6f8, 0xfff7fc, 0xfff9fb, 0xffeded, 0xffdedf, 0xc22f32, 0xcc2b33, 0xbe343c, 0x370000, 0x230000, 
  0x1b0000, 0x320000, 0xbd2d38, 0xdb1f2d, 0xe61d26, 0xf12328, 0xe91e20, 0xeb1d22, 0xee1823, 0xef1626, 0xf11b2c, 0xef1828, 0xfb1f2d, 0xf01822, 0xea2025, 0xd12425, 0x5a0000, 0xad393b, 0xba3240, 0xffd7e6, 0xffe1e7, 0xffe7e9, 0xffe5ea, 0xffe2e9, 0xffe6ef, 0xffe1ea, 0xffdde2, 0xffd5da, 0xd6232e, 0xd7232e, 0xc4383f, 0x530000, 
  0x240000, 0x9e4143, 0xd82834, 0xee1725, 0xef1c24, 0xe7191c, 0xeb2021, 0xeb1d22, 0xf31828, 0xf21429, 0xed182a, 0xf21c2c, 0xf1101f, 0xf71c27, 0xe31d23, 0xd0292a, 0x5d0000, 0xae3335, 0xc12d3a, 0xbc2a39, 0xaf3b44, 0xa03940, 0xa83d44, 0xa93b44, 0xa63644, 0xa33441, 0xab4047, 0xb43036, 0xdf222e, 0xe41b28, 0xcc222b, 0xcc3137
};

//X-Flare
#define XFLARE_HEIGHT 16
#define XFLARE_WIDTH 32

static const uint32_t XFLARE[] PROGMEM  = {
  0x000000, 0x000000, 0x000000, 0x000000, 0x000000, 0x000000, 0x000000, 0x000000, 0x000000, 0x000000, 0x000000, 0x000000, 0x000000, 0x000000, 0x000000, 0x000000, 0x000000, 0x000000, 0x000000, 0x000000, 0x000000, 0x000000, 0x000000, 0x000000, 0x000000, 0x000000, 0x000000, 0x000000, 0x000000, 0x000000, 0x000000, 0x000000, 
  0x000000, 0x000000, 0x000000, 0x000000, 0x000000, 0x000000, 0x000000, 0x000000, 0x000000, 0x000000, 0x000000, 0x000000, 0x000000, 0x000000, 0x000000, 0x000000, 0x000000, 0x000000, 0x000000, 0x000000, 0x000000, 0x000000, 0x000000, 0x000000, 0x000000, 0x000000, 0x000000, 0x000000, 0x000000, 0x000000, 0x000000, 0x000000, 
  0x000000, 0x000000, 0x000000, 0xc18388, 0xc18388, 0xad7164, 0xc89793, 0xb5958b, 0x000000, 0x000000, 0x000000, 0x000000, 0xbf9b5c, 0x000000, 0x000000, 0x000000, 0x000000, 0x000000, 0x000000, 0x000000, 0xffffff, 0xffffff, 0x000000, 0x000000, 0x000000, 0xffffff, 0xffffff, 0x000000, 0x000000, 0x000000, 0x000000, 0x000000, 
  0x000000, 0x000000, 0xc18388, 0xc18388, 0x9f4430, 0xa81d08, 0xb4675d, 0xd27e74, 0xa32710, 0xce9f87, 0x000000, 0xddb153, 0xbf9722, 0xbf9b5c, 0x000000, 0x000000, 0x000000, 0x000000, 0x000000, 0xffffff, 0x000000, 0x000000, 0xffffff, 0x000000, 0xffffff, 0x000000, 0x000000, 0x000000, 0x000000, 0x000000, 0x000000, 0x000000, 
  0x000000, 0xc18388, 0xa52431, 0xb21d05, 0xab1508, 0x95010e, 0x92010d, 0x94010e, 0xa2100b, 0xc15911, 0xec840a, 0xe8920f, 0xf7b108, 0x000000, 0x000000, 0x000000, 0x000000, 0x000000, 0x000000, 0x000000, 0xffffff, 0xffffff, 0xffffff, 0x000000, 0xffffff, 0xffffff, 0xffffff, 0x000000, 0x000000, 0x000000, 0x000000, 0x000000, 
  0x000000, 0xc18388, 0x9b111f, 0x9b111f, 0xb64d54, 0xb34d56, 0xb44d56, 0xb24d55, 0xab4e55, 0xab4c55, 0xcc6e21, 0xdb9317, 0xf2a211, 0x000000, 0x000000, 0x000000, 0x000000, 0x000000, 0x000000, 0x000000, 0x000000, 0x000000, 0xffffff, 0x000000, 0xffffff, 0x000000, 0x000000, 0xffffff, 0x000000, 0x000000, 0x000000, 0x000000, 
  0x000000, 0x000000, 0xc18388, 0xc18388, 0xc18388, 0x000000, 0x000000, 0x000000, 0xc89793, 0xc89793, 0xa93b43, 0xac4014, 0xed840b, 0xcb5c46, 0x000000, 0x000000, 0x000000, 0x000000, 0x000000, 0x000000, 0x000000, 0xffffff, 0x000000, 0x000000, 0x000000, 0xffffff, 0xffffff, 0x000000, 0x000000, 0x000000, 0x000000, 0x000000, 
  0x000000, 0x000000, 0xc18388, 0xb41f08, 0xb41f08, 0xc89793, 0x000000, 0xc89793, 0xb41f08, 0xb41f08, 0xbf7678, 0x9c202c, 0xcb5f0b, 0xad350a, 0xc18388, 0x000000, 0x000000, 0x000000, 0x000000, 0x000000, 0x000000, 0x000000, 0x000000, 0x000000, 0x000000, 0x000000, 0x000000, 0x000000, 0x000000, 0x000000, 0x000000, 0x000000, 
  0x000000, 0x000000, 0x000000, 0xc18388, 0xb41f08, 0xb41f08, 0xc89793, 0xb41f08, 0xb41f08, 0xc89793, 0x000000, 0xb35961, 0xa4150f, 0xa92202, 0x96361f, 0xc18388, 0x000000, 0x000000, 0x000000, 0x000000, 0xffffff, 0xffffff, 0x000000, 0x000000, 0x000000, 0xffffff, 0xffffff, 0x000000, 0x000000, 0x000000, 0x000000, 0x000000, 
  0x000000, 0x000000, 0x000000, 0x000000, 0xc18388, 0xb41f08, 0xb41f08, 0xb41f08, 0xc89793, 0x000000, 0x000000, 0x000000, 0xa52431, 0xa91f02, 0xbc7e6c, 0x000000, 0x000000, 0x000000, 0x000000, 0xffffff, 0x000000, 0x000000, 0xffffff, 0x000000, 0xffffff, 0x000000, 0x000000, 0xffffff, 0x000000, 0x000000, 0x000000, 0x000000, 
  0x000000, 0x000000, 0x000000, 0x000000, 0xc18388, 0xb41f08, 0xb41f08, 0xb41f08, 0xc89793, 0x000000, 0x000000, 0x000000, 0xa93844, 0xb41f04, 0xc18388, 0x000000, 0x000000, 0x000000, 0x000000, 0xffffff, 0x000000, 0x000000, 0xffffff, 0x000000, 0xffffff, 0x000000, 0x000000, 0xffffff, 0x000000, 0x000000, 0x000000, 0x000000, 
  0x000000, 0x000000, 0x000000, 0xc18388, 0xb41f08, 0xb41f08, 0xc18388, 0xb41f08, 0xb41f08, 0xc89793, 0x000000, 0x000000, 0xa5313e, 0xb31f05, 0xa67a6e, 0xb48d82, 0x000000, 0x000000, 0x000000, 0xffffff, 0x000000, 0x000000, 0xffffff, 0x000000, 0xffffff, 0x000000, 0x000000, 0xffffff, 0x000000, 0x000000, 0x000000, 0x000000, 
  0x000000, 0x000000, 0xc18388, 0xb41f08, 0xb41f08, 0xc18388, 0xce8b92, 0xc18388, 0xb41f08, 0xb41f08, 0xc89793, 0xc77f86, 0xa9281d, 0xb62609, 0x95341c, 0x000000, 0x000000, 0x000000, 0x000000, 0x000000, 0xffffff, 0xffffff, 0x000000, 0x000000, 0x000000, 0xffffff, 0xffffff, 0x000000, 0x000000, 0x000000, 0x000000, 0x000000, 
  0x000000, 0x000000, 0xc18388, 0xc18388, 0xb43b41, 0xc18388, 0x000000, 0x000000, 0xd2755f, 0xc03b1f, 0xc89793, 0xb24d57, 0xb41f08, 0xba2304, 0xb22505, 0x000000, 0x000000, 0x000000, 0x000000, 0x000000, 0x000000, 0x000000, 0x000000, 0x000000, 0x000000, 0x000000, 0x000000, 0x000000, 0x000000, 0x000000, 0x000000, 0x000000, 
  0x000000, 0x000000, 0x000000, 0x000000, 0x000000, 0x000000, 0x000000, 0x000000, 0x000000, 0x000000, 0xb9646b, 0xab686e, 0x000000, 0x000000, 0xad7f67, 0x000000, 0x000000, 0x000000, 0x000000, 0x000000, 0x000000, 0x000000, 0x000000, 0x000000, 0x000000, 0x000000, 0x000000, 0x000000, 0x000000, 0x000000, 0x000000, 0x000000, 
  0x000000, 0x000000, 0x000000, 0x000000, 0x000000, 0x000000, 0x000000, 0x000000, 0x000000, 0x000000, 0x000000, 0x000000, 0x000000, 0x000000, 0x000000, 0x000000, 0x000000, 0x000000, 0x000000, 0x000000, 0x000000, 0x000000, 0x000000, 0x000000, 0x000000, 0x000000, 0x000000, 0x000000, 0x000000, 0x000000, 0x000000, 0x000000
};

//My Favorite Team
#define MFT_HEIGHT 16
#define MFT_WIDTH 32

static const int32_t MFT[] PROGMEM  = {
  0x000000, 0x000000, 0x000000, 0x000000, 0x000000, 0x000000, 0x000000, 0x000000, 0x000000, 0x000000, 0x000000, 0x000000, 0x000000, 0x000000, 0x000000, 0x000000, 0x000000, 0x000000, 0x000000, 0x000000, 0x000000, 0x000000, 0x000000, 0x000000, 0x000000, 0x000000, 0x000000, 0x000000, 0x000000, 0x000000, 0x000000, 0x000000, 
  0x000000, 0x000000, 0x000000, 0x000000, 0x000000, 0x000000, 0x730505, 0x730505, 0x730505, 0x000000, 0x000000, 0x000000, 0x000000, 0x000000, 0x000000, 0x000000, 0xed2626, 0xed2626, 0xed2626, 0x000000, 0xed2626, 0xed2626, 0xed2626, 0x000000, 0xed2626, 0xed2626, 0xed2626, 0x000000, 0xed2626, 0x000000, 0xed2626, 0x000000, 
  0x000000, 0x000000, 0x000000, 0x730505, 0x730505, 0x000000, 0x730505, 0xed2626, 0x730505, 0x000000, 0x730505, 0x730505, 0x000000, 0x000000, 0x000000, 0x000000, 0x000000, 0x000000, 0xed2626, 0x000000, 0xed2626, 0x000000, 0xed2626, 0x000000, 0x000000, 0x000000, 0xed2626, 0x000000, 0xed2626, 0x000000, 0xed2626, 0x000000, 
  0x000000, 0x000000, 0x730505, 0xed2626, 0xed2626, 0x730505, 0x730505, 0xed2626, 0x730505, 0x730505, 0xed2626, 0xed2626, 0x730505, 0x000000, 0x000000, 0x000000, 0xed2626, 0xed2626, 0xed2626, 0x000000, 0xed2626, 0x000000, 0xed2626, 0x000000, 0xed2626, 0xed2626, 0xed2626, 0x000000, 0xed2626, 0xed2626, 0xed2626, 0x000000, 
  0x000000, 0x000000, 0x730505, 0xed2626, 0xed2626, 0xed2626, 0xed2626, 0xed2626, 0xed2626, 0xed2626, 0xed2626, 0xbf1313, 0x730505, 0x000000, 0x000000, 0x000000, 0x000000, 0x000000, 0xed2626, 0x000000, 0xed2626, 0x000000, 0xed2626, 0x000000, 0xed2626, 0x000000, 0x000000, 0x000000, 0x000000, 0x000000, 0xed2626, 0x000000, 
  0x000000, 0x000000, 0x000000, 0x730505, 0xed2626, 0xed2626, 0x730505, 0x730505, 0x730505, 0xed2626, 0xbf1313, 0x730505, 0x000000, 0x000000, 0x000000, 0x000000, 0xed2626, 0xed2626, 0xed2626, 0x000000, 0xed2626, 0xed2626, 0xed2626, 0x000000, 0xed2626, 0xed2626, 0xed2626, 0x000000, 0x000000, 0x000000, 0xed2626, 0x000000, 
  0x000000, 0x730505, 0x730505, 0x730505, 0xed2626, 0x730505, 0x730505, 0x000000, 0x730505, 0x730505, 0xbf1313, 0x730505, 0x730505, 0x730505, 0x000000, 0x000000, 0x000000, 0x000000, 0x000000, 0x000000, 0x000000, 0x000000, 0x000000, 0x000000, 0x000000, 0x000000, 0x000000, 0x000000, 0x000000, 0x000000, 0x000000, 0x000000, 
  0x000000, 0x730505, 0xed2626, 0xed2626, 0xed2626, 0x730505, 0x000000, 0x000000, 0x000000, 0x730505, 0xbf1313, 0xbf1313, 0xbf1313, 0x730505, 0x000000, 0x000000, 0x000000, 0x000000, 0x000000, 0x000000, 0x000000, 0x000000, 0x000000, 0x000000, 0x000000, 0x000000, 0x000000, 0x000000, 0x000000, 0x000000, 0x000000, 0x000000, 
  0x000000, 0x730505, 0x730505, 0x730505, 0xed2626, 0x730505, 0x730505, 0x000000, 0x730505, 0x730505, 0xbf1313, 0x730505, 0x730505, 0x730505, 0x000000, 0x000000, 0x000000, 0x000000, 0x000000, 0x000000, 0x000000, 0x000000, 0x000000, 0x000000, 0x000000, 0x000000, 0x000000, 0x000000, 0x000000, 0x000000, 0x000000, 0x000000, 
  0x000000, 0x000000, 0x000000, 0x730505, 0xed2626, 0xed2626, 0x730505, 0x730505, 0x730505, 0xbf1313, 0xbf1313, 0x730505, 0x000000, 0x000000, 0x000000, 0x000000, 0x000000, 0x000000, 0x000000, 0x000000, 0x000000, 0x000000, 0x000000, 0x000000, 0x000000, 0x000000, 0x000000, 0x000000, 0x000000, 0x000000, 0x000000, 0x000000, 
  0x000000, 0x000000, 0x730505, 0xed2626, 0xbf1313, 0xbf1313, 0xbf1313, 0xbf1313, 0xbf1313, 0xbf1313, 0xbf1313, 0xbf1313, 0x730505, 0x000000, 0x000000, 0x000000, 0x000000, 0x000000, 0x318520, 0x318520, 0x000000, 0x000000, 0x235917, 0x235917, 0x235917, 0x235917, 0x000000, 0x000000, 0x000000, 0x000000, 0x000000, 0x000000, 
  0x000000, 0x000000, 0x730505, 0xbf1313, 0xbf1313, 0x730505, 0x730505, 0xbf1313, 0x730505, 0x730505, 0xbf1313, 0xbf1313, 0x730505, 0x000000, 0x000000, 0x000000, 0x000000, 0x000000, 0x318520, 0x318520, 0x000000, 0x235917, 0x235917, 0x235917, 0x235917, 0x235917, 0x235917, 0x000000, 0x000000, 0x000000, 0x000000, 0x000000, 
  0x000000, 0x000000, 0x000000, 0x730505, 0x730505, 0x000000, 0x730505, 0xbf1313, 0x730505, 0x000000, 0x730505, 0x730505, 0x000000, 0x000000, 0x000000, 0x000000, 0x000000, 0x000000, 0x000000, 0x318520, 0x235917, 0x235917, 0x235917, 0x235917, 0x235917, 0x235917, 0x235917, 0x000000, 0x000000, 0x000000, 0x000000, 0x000000, 
  0x000000, 0x000000, 0x000000, 0x000000, 0x000000, 0x000000, 0x730505, 0x730505, 0x730505, 0x000000, 0x000000, 0x000000, 0x000000, 0x000000, 0x000000, 0x000000, 0x000000, 0x000000, 0x000000, 0x000000, 0x235917, 0x235917, 0x235917, 0x235917, 0x235917, 0x235917, 0x235917, 0x318520, 0x000000, 0x000000, 0x000000, 0x000000, 
  0x000000, 0x000000, 0x000000, 0x000000, 0x000000, 0x000000, 0x000000, 0x000000, 0x000000, 0x000000, 0x000000, 0x000000, 0x000000, 0x000000, 0x000000, 0x000000, 0x000000, 0x000000, 0x000000, 0x000000, 0x000000, 0x318520, 0x000000, 0x000000, 0x000000, 0x318520, 0x000000, 0x000000, 0x000000, 0x000000, 0x000000, 0x000000, 
  0x000000, 0x000000, 0x000000, 0x000000, 0x000000, 0x000000, 0x000000, 0x000000, 0x000000, 0x000000, 0x000000, 0x000000, 0x000000, 0x000000, 0x000000, 0x000000, 0x000000, 0x000000, 0x000000, 0x000000, 0x000000, 0x000000, 0x000000, 0x000000, 0x000000, 0x000000, 0x000000, 0x000000, 0x000000, 0x000000, 0x000000, 0x000000
};

//CloverBots (4h)
#define CLOVER_HEIGHT 16
#define CLOVER_WIDTH 32

// array size is 1536
static const uint32_t CLOVER[] PROGMEM  = {
  0x000000, 0x000000, 0x000000, 0x000000, 0x000000, 0x000000, 0x000000, 0x000000, 0x000000, 0x000000, 0x000000, 0x000000, 0x000000, 0x00ff00, 0x00ff00, 0x000000, 0x00ff00, 0x00ff00, 0x000000, 0x000000, 0x000000, 0x000000, 0x000000, 0x000000, 0x000000, 0x000000, 0x000000, 0x000000, 0x000000, 0x000000, 0x000000, 0x000000, 
  0x000000, 0x000000, 0x000000, 0x000000, 0x000000, 0x000000, 0x000000, 0x000000, 0x000000, 0x000000, 0x000000, 0x000000, 0x00ff00, 0x00ff00, 0x00ff00, 0x00ff00, 0x00ff00, 0x00ff00, 0x00ff00, 0x000000, 0x000000, 0x000000, 0x000000, 0x000000, 0x000000, 0x000000, 0x000000, 0x000000, 0x000000, 0x000000, 0x000000, 0x000000, 
  0x000000, 0x000000, 0x000000, 0x000000, 0x000000, 0x000000, 0x000000, 0x000000, 0x000000, 0x000000, 0x000000, 0x000000, 0x00ff00, 0x00ff00, 0xffffff, 0x00ff00, 0xffffff, 0x00ff00, 0x00ff00, 0x000000, 0x000000, 0x000000, 0x000000, 0x000000, 0x000000, 0x000000, 0x000000, 0x000000, 0x000000, 0x000000, 0x000000, 0x000000, 
  0x000000, 0x000000, 0x000000, 0x000000, 0x000000, 0x000000, 0x000000, 0x000000, 0x000000, 0x000000, 0x000000, 0x000000, 0x00ff00, 0x00ff00, 0xffffff, 0xffffff, 0xffffff, 0x00ff00, 0x00ff00, 0x000000, 0x000000, 0x000000, 0x000000, 0x000000, 0x000000, 0x000000, 0x000000, 0x000000, 0x000000, 0x000000, 0x000000, 0x000000, 
  0x000000, 0x000000, 0x000000, 0x000000, 0x000000, 0x000000, 0x000000, 0x000000, 0x000000, 0x000000, 0x000000, 0x000000, 0x000000, 0x00ff00, 0xffffff, 0x00ff00, 0xffffff, 0x00ff00, 0x000000, 0x000000, 0x00ff00, 0x00ff00, 0x00ff00, 0x000000, 0x000000, 0x000000, 0x000000, 0x000000, 0x000000, 0x000000, 0x000000, 0x000000, 
  0x000000, 0x000000, 0x000000, 0x000000, 0x000000, 0x000000, 0x000000, 0x000000, 0x00ff00, 0x00ff00, 0x00ff00, 0x000000, 0x000000, 0x000000, 0x00ff00, 0x00ff00, 0x00ff00, 0x000000, 0x000000, 0x00ff00, 0x00ff00, 0x00ff00, 0x00ff00, 0x00ff00, 0x000000, 0x000000, 0x000000, 0x000000, 0x000000, 0x000000, 0x000000, 0x000000, 
  0x000000, 0x000000, 0x000000, 0x000000, 0x000000, 0x000000, 0x000000, 0x00ff00, 0x00ff00, 0x00ff00, 0x00ff00, 0x00ff00, 0x000000, 0x000000, 0x000000, 0x00ff00, 0x000000, 0x000000, 0x00ff00, 0xffffff, 0x00ff00, 0xffffff, 0x00ff00, 0x00ff00, 0x000000, 0x000000, 0x000000, 0x000000, 0x000000, 0x000000, 0x000000, 0x000000, 
  0x000000, 0x000000, 0x000000, 0x000000, 0x000000, 0x000000, 0x000000, 0x00ff00, 0x00ff00, 0xffffff, 0x00ff00, 0xffffff, 0x00ff00, 0x000000, 0x000000, 0x000000, 0x000000, 0x00ff00, 0x00ff00, 0xffffff, 0xffffff, 0xffffff, 0x00ff00, 0x000000, 0x000000, 0x000000, 0x000000, 0x000000, 0x000000, 0x000000, 0x000000, 0x000000, 
  0x000000, 0x000000, 0x000000, 0x000000, 0x000000, 0x000000, 0x000000, 0x000000, 0x00ff00, 0xffffff, 0xffffff, 0xffffff, 0x00ff00, 0x00ff00, 0x000000, 0x000000, 0x000000, 0x000000, 0x00ff00, 0xffffff, 0x00ff00, 0xffffff, 0x00ff00, 0x00ff00, 0x000000, 0x000000, 0x000000, 0x000000, 0x000000, 0x000000, 0x000000, 0x000000, 
  0x000000, 0x000000, 0x000000, 0x000000, 0x000000, 0x000000, 0x000000, 0x00ff00, 0x00ff00, 0xffffff, 0x00ff00, 0xffffff, 0x00ff00, 0x000000, 0x000000, 0x00ff00, 0x000000, 0x000000, 0x000000, 0x00ff00, 0x00ff00, 0x00ff00, 0x00ff00, 0x00ff00, 0x000000, 0x000000, 0x000000, 0x000000, 0x000000, 0x000000, 0x000000, 0x000000, 
  0x000000, 0x000000, 0x000000, 0x000000, 0x000000, 0x000000, 0x000000, 0x00ff00, 0x00ff00, 0x00ff00, 0x00ff00, 0x00ff00, 0x000000, 0x000000, 0x00ff00, 0x00ff00, 0x00ff00, 0x000000, 0x000000, 0x000000, 0x00ff00, 0x00ff00, 0x00ff00, 0x000000, 0x000000, 0x000000, 0x000000, 0x000000, 0x000000, 0x000000, 0x000000, 0x000000, 
  0x000000, 0x000000, 0x000000, 0x000000, 0x000000, 0x000000, 0x000000, 0x000000, 0x00ff00, 0x00ff00, 0x00ff00, 0x000000, 0x000000, 0x00ff00, 0xffffff, 0x00ff00, 0xffffff, 0x00ff00, 0x000000, 0x000000, 0x000000, 0x000000, 0x000000, 0x000000, 0x000000, 0x000000, 0x000000, 0x000000, 0x000000, 0x000000, 0x000000, 0x000000, 
  0x000000, 0x000000, 0x000000, 0x000000, 0x000000, 0x000000, 0x000000, 0x000000, 0x000000, 0x000000, 0x000000, 0x000000, 0x00ff00, 0x00ff00, 0xffffff, 0xffffff, 0xffffff, 0x00ff00, 0x00ff00, 0x000000, 0x00ff00, 0x000000, 0x000000, 0x000000, 0x000000, 0x000000, 0x000000, 0x000000, 0x000000, 0x000000, 0x000000, 0x000000, 
  0x000000, 0x000000, 0x000000, 0x000000, 0x000000, 0x000000, 0x000000, 0x000000, 0x000000, 0x000000, 0x000000, 0x000000, 0x00ff00, 0x00ff00, 0xffffff, 0x00ff00, 0xffffff, 0x00ff00, 0x00ff00, 0x000000, 0x00ff00, 0x00ff00, 0x00ff00, 0x000000, 0x000000, 0x000000, 0x000000, 0x000000, 0x000000, 0x000000, 0x000000, 0x000000, 
  0x000000, 0x000000, 0x000000, 0x000000, 0x000000, 0x000000, 0x000000, 0x000000, 0x000000, 0x000000, 0x000000, 0x000000, 0x00ff00, 0x00ff00, 0x00ff00, 0x00ff00, 0x00ff00, 0x00ff00, 0x00ff00, 0x000000, 0x000000, 0x00ff00, 0x00ff00, 0x00ff00, 0x00ff00, 0x00ff00, 0x00ff00, 0x000000, 0x000000, 0x000000, 0x000000, 0x000000, 
  0x000000, 0x000000, 0x000000, 0x000000, 0x000000, 0x000000, 0x000000, 0x000000, 0x000000, 0x000000, 0x000000, 0x000000, 0x000000, 0x00ff00, 0x00ff00, 0x000000, 0x00ff00, 0x00ff00, 0x000000, 0x000000, 0x000000, 0x000000, 0x00ff00, 0x00ff00, 0x00ff00, 0x00ff00, 0x00ff00, 0x000000, 0x000000, 0x000000, 0x000000, 0x000000
};

//Steel Ridge

#define STEEL_HEIGHT 16
#define STEEL_WIDTH 32

// array size is 1536
static const int32_t STEEL[] PROGMEM  = {
  0x000000, 0x4d6df3, 0x4d6df3, 0x4d6df3, 0x000000, 0x4d6df3, 0x4d6df3, 0x4d6df3, 0x4d6df3, 0x4d6df3, 0x000000, 0x4d6df3, 0x4d6df3, 0x4d6df3, 0x4d6df3, 0x000000, 0x4d6df3, 0x4d6df3, 0x4d6df3, 0x4d6df3, 0x000000, 0x4d6df3, 0x000000, 0x000000, 0x000000, 0xed1c24, 0xed1c24, 0x000000, 0x000000, 0xed1c24, 0xed1c24, 0x000000, 
  0x4d6df3, 0x000000, 0x000000, 0x000000, 0x000000, 0x000000, 0x000000, 0x4d6df3, 0x000000, 0x000000, 0x000000, 0x4d6df3, 0x000000, 0x000000, 0x000000, 0x000000, 0x4d6df3, 0x000000, 0x000000, 0x000000, 0x000000, 0x4d6df3, 0x000000, 0x000000, 0xed1c24, 0xed1c24, 0xed1c24, 0xed1c24, 0xed1c24, 0xed1c24, 0xed1c24, 0xed1c24, 
  0x000000, 0x4d6df3, 0x4d6df3, 0x000000, 0x000000, 0x000000, 0x000000, 0x4d6df3, 0x000000, 0x000000, 0x000000, 0x4d6df3, 0x4d6df3, 0x4d6df3, 0x000000, 0x000000, 0x4d6df3, 0x4d6df3, 0x4d6df3, 0x000000, 0x000000, 0x4d6df3, 0x000000, 0x000000, 0xed1c24, 0xed1c24, 0xed1c24, 0xed1c24, 0xed1c24, 0xed1c24, 0xed1c24, 0xed1c24, 
  0x000000, 0x000000, 0x000000, 0x4d6df3, 0x000000, 0x000000, 0x000000, 0x4d6df3, 0x000000, 0x000000, 0x000000, 0x4d6df3, 0x000000, 0x000000, 0x000000, 0x000000, 0x4d6df3, 0x000000, 0x000000, 0x000000, 0x000000, 0x4d6df3, 0x000000, 0x000000, 0x000000, 0xed1c24, 0xed1c24, 0xed1c24, 0xed1c24, 0xed1c24, 0xed1c24, 0x000000, 
  0x4d6df3, 0x4d6df3, 0x4d6df3, 0x000000, 0x000000, 0x000000, 0x000000, 0x4d6df3, 0x000000, 0x000000, 0x000000, 0x4d6df3, 0x4d6df3, 0x4d6df3, 0x4d6df3, 0x000000, 0x4d6df3, 0x4d6df3, 0x4d6df3, 0x4d6df3, 0x000000, 0x4d6df3, 0x4d6df3, 0x4d6df3, 0x000000, 0x000000, 0xed1c24, 0xed1c24, 0xed1c24, 0xed1c24, 0x000000, 0x000000, 
  0x000000, 0x000000, 0x000000, 0x000000, 0x000000, 0x000000, 0x000000, 0x000000, 0x000000, 0x000000, 0x000000, 0x000000, 0x000000, 0x000000, 0x000000, 0x000000, 0x000000, 0x000000, 0x000000, 0x000000, 0x000000, 0x000000, 0x000000, 0x000000, 0x000000, 0x000000, 0x000000, 0xed1c24, 0xed1c24, 0x000000, 0x000000, 0x000000, 
  0x000000, 0x000000, 0x000000, 0x000000, 0x000000, 0x000000, 0x000000, 0x000000, 0x000000, 0x000000, 0x000000, 0x000000, 0x000000, 0x000000, 0x000000, 0x000000, 0x000000, 0x000000, 0x000000, 0x000000, 0x000000, 0x000000, 0x000000, 0x000000, 0x000000, 0x000000, 0x000000, 0x000000, 0x000000, 0x000000, 0x000000, 0x000000, 
  0x000000, 0x000000, 0x000000, 0x000000, 0x000000, 0x000000, 0x000000, 0xffffff, 0xffffff, 0xffffff, 0xffffff, 0xffffff, 0xffffff, 0xffffff, 0xffffff, 0xffffff, 0xffffff, 0xffffff, 0xffffff, 0xffffff, 0xffffff, 0xffffff, 0xffffff, 0xffffff, 0xffffff, 0xffffff, 0xffffff, 0x000000, 0x000000, 0x000000, 0x000000, 0x000000, 
  0x000000, 0x000000, 0x000000, 0x000000, 0x000000, 0x000000, 0x000000, 0x000000, 0xffffff, 0x000000, 0x000000, 0x000000, 0xffffff, 0x000000, 0x000000, 0x000000, 0x000000, 0x000000, 0x000000, 0x000000, 0x000000, 0x000000, 0x000000, 0x000000, 0x000000, 0x000000, 0xffffff, 0x000000, 0x000000, 0x000000, 0x000000, 0x000000, 
  0x000000, 0x000000, 0x000000, 0x000000, 0x000000, 0x000000, 0x000000, 0x000000, 0x000000, 0xffffff, 0x000000, 0x000000, 0xffffff, 0x000000, 0x000000, 0x000000, 0x000000, 0x000000, 0x000000, 0x000000, 0x000000, 0x000000, 0x000000, 0xffffff, 0xffffff, 0xffffff, 0x000000, 0x000000, 0x000000, 0x000000, 0x000000, 0x000000, 
  0x000000, 0x000000, 0x000000, 0x000000, 0x000000, 0x000000, 0x000000, 0x000000, 0x000000, 0x000000, 0xffffff, 0xffffff, 0xffffff, 0xffffff, 0x000000, 0x000000, 0x000000, 0x000000, 0x000000, 0x000000, 0x000000, 0x000000, 0xffffff, 0xffffff, 0x000000, 0x000000, 0x000000, 0x000000, 0x000000, 0x000000, 0x000000, 0x000000, 
  0x000000, 0x000000, 0x000000, 0x000000, 0x000000, 0x000000, 0x000000, 0x000000, 0x000000, 0x000000, 0x000000, 0x000000, 0x000000, 0x000000, 0xffffff, 0x000000, 0x000000, 0x000000, 0x000000, 0x000000, 0x000000, 0xffffff, 0x000000, 0x000000, 0x000000, 0x000000, 0x000000, 0x000000, 0x000000, 0x000000, 0x000000, 0x000000, 
  0x000000, 0x000000, 0x000000, 0x000000, 0x000000, 0x000000, 0x000000, 0x000000, 0x000000, 0x000000, 0x000000, 0x000000, 0x000000, 0x000000, 0xffffff, 0x000000, 0x000000, 0x000000, 0x000000, 0x000000, 0x000000, 0xffffff, 0x000000, 0x000000, 0x000000, 0x000000, 0x000000, 0x000000, 0x000000, 0x000000, 0x000000, 0x000000, 
  0x000000, 0x000000, 0x000000, 0x000000, 0x000000, 0x000000, 0x000000, 0x000000, 0x000000, 0x000000, 0x000000, 0x000000, 0x000000, 0xffffff, 0x000000, 0x000000, 0x000000, 0x000000, 0x000000, 0x000000, 0x000000, 0x000000, 0xffffff, 0x000000, 0x000000, 0x000000, 0x000000, 0x000000, 0x000000, 0x000000, 0x000000, 0x000000, 
  0x000000, 0x000000, 0x000000, 0x000000, 0x000000, 0x000000, 0x000000, 0x000000, 0x000000, 0x000000, 0x000000, 0x000000, 0xffffff, 0x000000, 0x000000, 0x000000, 0x000000, 0x000000, 0x000000, 0x000000, 0x000000, 0x000000, 0x000000, 0xffffff, 0x000000, 0x000000, 0x000000, 0x000000, 0x000000, 0x000000, 0x000000, 0x000000, 
  0x000000, 0x000000, 0x000000, 0x000000, 0x000000, 0x000000, 0x000000, 0x000000, 0x000000, 0x000000, 0x000000, 0x000000, 0x000000, 0xffffff, 0xffffff, 0xffffff, 0xffffff, 0xffffff, 0xffffff, 0xffffff, 0xffffff, 0xffffff, 0xffffff, 0x000000, 0x000000, 0x000000, 0x000000, 0x000000, 0x000000, 0x000000, 0x000000, 0x000000
};

//Spartans (997)
#define SPARTAN_HEIGHT 16
#define SPARTAN_WIDTH 32

// array size is 1536
static const int32_t SPARTAN[] PROGMEM  = {
  0x00009b, 0x00009b, 0x00009b, 0x00009b, 0x00009b, 0x00009b, 0x00009b, 0x00009b, 0x00009b, 0x00009b, 0x00009b, 0x00009b, 0x00009b, 0x00009b, 0x00009b, 0x00009b, 0x00009b, 0x00009b, 0x00009b, 0x00009b, 0x00009b, 0x00009b, 0x00009b, 0x00009b, 0x00009b, 0x00009b, 0x00009b, 0x00009b, 0x00009b, 0x00009b, 0x00009b, 0x00009b, 
  0x00009b, 0x00009b, 0x00009b, 0x00009b, 0x00009b, 0xffffff, 0xffffff, 0xffffff, 0xffffff, 0x00009b, 0x00009b, 0x00009b, 0x00009b, 0x00009b, 0x00009b, 0x00009b, 0x00009b, 0x00009b, 0x00009b, 0x00009b, 0x00009b, 0x00009b, 0xffffff, 0xffffff, 0xffffff, 0xffffff, 0x00009b, 0x00009b, 0x00009b, 0x00009b, 0x00009b, 0x00009b, 
  0x00009b, 0x00009b, 0x00009b, 0x00009b, 0x00009b, 0xffffff, 0xffffff, 0x00009b, 0x00009b, 0x00009b, 0x00009b, 0x00009b, 0x00009b, 0x00009b, 0x00009b, 0xffffff, 0xffffff, 0xffffff, 0xffffff, 0x00009b, 0x00009b, 0x00009b, 0x00009b, 0x00009b, 0xffffff, 0xffffff, 0x00009b, 0x00009b, 0x00009b, 0x00009b, 0x00009b, 0x00009b, 
  0x00009b, 0x00009b, 0x00009b, 0x00009b, 0x00009b, 0xffffff, 0x00009b, 0xffffff, 0x00009b, 0x00009b, 0x00009b, 0x00009b, 0xffffff, 0xffffff, 0xffffff, 0x00009b, 0x00009b, 0x00009b, 0xffffff, 0xffffff, 0xffffff, 0x00009b, 0x00009b, 0xffffff, 0x00009b, 0xffffff, 0x00009b, 0x00009b, 0x00009b, 0x00009b, 0x00009b, 0x00009b, 
  0x00009b, 0x00009b, 0x00009b, 0x00009b, 0x00009b, 0xffffff, 0x00009b, 0x00009b, 0xffffff, 0x00009b, 0x00009b, 0xffffff, 0xffffff, 0x00009b, 0x00009b, 0x00009b, 0x00009b, 0x00009b, 0x00009b, 0x00009b, 0x00009b, 0xffffff, 0xffffff, 0x00009b, 0x00009b, 0xffffff, 0x00009b, 0x00009b, 0x00009b, 0x00009b, 0x00009b, 0x00009b, 
  0x00009b, 0x00009b, 0x00009b, 0x00009b, 0x00009b, 0x00009b, 0x00009b, 0x00009b, 0x00009b, 0xffffff, 0xffffff, 0x00009b, 0x00009b, 0x00009b, 0x00009b, 0xffffff, 0xffffff, 0xffffff, 0xffffff, 0x00009b, 0x00009b, 0x00009b, 0xffffff, 0x00009b, 0x00009b, 0x00009b, 0x00009b, 0x00009b, 0x00009b, 0x00009b, 0x00009b, 0x00009b, 
  0x00009b, 0x00009b, 0x00009b, 0x00009b, 0x00009b, 0x00009b, 0x00009b, 0x00009b, 0x00009b, 0xffffff, 0x00009b, 0x00009b, 0x00009b, 0xffffff, 0xffffff, 0x00009b, 0x00009b, 0x00009b, 0x00009b, 0xffffff, 0x00009b, 0x00009b, 0x00009b, 0xffffff, 0x00009b, 0x00009b, 0x00009b, 0x00009b, 0x00009b, 0x00009b, 0x00009b, 0x00009b, 
  0x00009b, 0x00009b, 0x00009b, 0x00009b, 0x00009b, 0x00009b, 0x00009b, 0x00009b, 0xffffff, 0xffffff, 0x00009b, 0x00009b, 0xffffff, 0x00009b, 0x00009b, 0x00009b, 0xffffff, 0xffffff, 0x00009b, 0x00009b, 0xffffff, 0x00009b, 0x00009b, 0xffffff, 0x00009b, 0x00009b, 0x00009b, 0x00009b, 0x00009b, 0x00009b, 0x00009b, 0x00009b, 
  0x00009b, 0x00009b, 0x00009b, 0x00009b, 0x00009b, 0x00009b, 0x00009b, 0x00009b, 0xffffff, 0x00009b, 0x00009b, 0xffffff, 0x00009b, 0x00009b, 0xffffff, 0xffffff, 0xffffff, 0xffffff, 0xffffff, 0xffffff, 0x00009b, 0x00009b, 0x00009b, 0xffffff, 0x00009b, 0x00009b, 0x00009b, 0x00009b, 0x00009b, 0x00009b, 0x00009b, 0x00009b, 
  0x00009b, 0x00009b, 0x00009b, 0x00009b, 0x00009b, 0x00009b, 0x00009b, 0x00009b, 0xffffff, 0x00009b, 0xffffff, 0xffffff, 0x00009b, 0xffffff, 0xffffff, 0x00009b, 0x00009b, 0x00009b, 0x00009b, 0xffffff, 0xffffff, 0x00009b, 0x00009b, 0x00009b, 0xffffff, 0x00009b, 0x00009b, 0x00009b, 0x00009b, 0x00009b, 0x00009b, 0x00009b, 
  0x00009b, 0x00009b, 0x00009b, 0x00009b, 0x00009b, 0x00009b, 0x00009b, 0x00009b, 0xffffff, 0x00009b, 0xffffff, 0x00009b, 0xffffff, 0xffffff, 0x00009b, 0x00009b, 0x00009b, 0x00009b, 0x00009b, 0x00009b, 0xffffff, 0x00009b, 0x00009b, 0x00009b, 0xffffff, 0x00009b, 0x00009b, 0x00009b, 0x00009b, 0x00009b, 0x00009b, 0x00009b, 
  0x00009b, 0x00009b, 0x00009b, 0x00009b, 0x00009b, 0x00009b, 0x00009b, 0xffffff, 0x00009b, 0x00009b, 0xffffff, 0x00009b, 0xffffff, 0x00009b, 0x00009b, 0x00009b, 0xffffff, 0xffffff, 0xffffff, 0xffffff, 0xffffff, 0x00009b, 0x00009b, 0x00009b, 0xffffff, 0x00009b, 0x00009b, 0x00009b, 0x00009b, 0x00009b, 0x00009b, 0x00009b, 
  0x00009b, 0x00009b, 0x00009b, 0x00009b, 0x00009b, 0x00009b, 0x00009b, 0xffffff, 0x00009b, 0x00009b, 0xffffff, 0x00009b, 0xffffff, 0x00009b, 0x00009b, 0xffffff, 0xffffff, 0x00009b, 0x00009b, 0x00009b, 0x00009b, 0xffffff, 0x00009b, 0x00009b, 0x00009b, 0xffffff, 0x00009b, 0x00009b, 0x00009b, 0x00009b, 0x00009b, 0x00009b, 
  0x00009b, 0x00009b, 0x00009b, 0x00009b, 0x00009b, 0x00009b, 0x00009b, 0xffffff, 0x00009b, 0x00009b, 0xffffff, 0x00009b, 0xffffff, 0x00009b, 0x00009b, 0x00009b, 0xffffff, 0xffffff, 0xffffff, 0xffffff, 0x00009b, 0xffffff, 0x00009b, 0x00009b, 0x00009b, 0xffffff, 0x00009b, 0x00009b, 0x00009b, 0x00009b, 0x00009b, 0x00009b, 
  0x00009b, 0x00009b, 0x00009b, 0x00009b, 0x00009b, 0x00009b, 0xffffff, 0x00009b, 0x00009b, 0x00009b, 0xffffff, 0x00009b, 0xffffff, 0x00009b, 0x00009b, 0x00009b, 0x00009b, 0x00009b, 0x00009b, 0xffffff, 0x00009b, 0x00009b, 0x00009b, 0x00009b, 0x00009b, 0x00009b, 0xffffff, 0x00009b, 0x00009b, 0x00009b, 0x00009b, 0x00009b, 
  0x00009b, 0x00009b, 0x00009b, 0x00009b, 0x00009b, 0x00009b, 0xffffff, 0x00009b, 0x00009b, 0x00009b, 0xffffff, 0x00009b, 0xffffff, 0x00009b, 0x00009b, 0x00009b, 0x00009b, 0x00009b, 0x00009b, 0xffffff, 0x00009b, 0x00009b, 0x00009b, 0x00009b, 0x00009b, 0x00009b, 0xffffff, 0x00009b, 0x00009b, 0x00009b, 0x00009b, 0x00009b
};  

//Mean Machine (2471)
#define MEAN_MACHINE_HEIGHT 16
#define MEAN_MACHINE_WIDTH 32

// array size is 1536
static const uint32_t MEAN_MACHINE[] PROGMEM  = {
  0x000000, 0x000000, 0x000000, 0x000000, 0x000000, 0x000000, 0x000000, 0x000000, 0x000000, 0x000000, 0x000000, 0x000000, 0x000000, 0x000000, 0x000000, 0x000000, 0x000000, 0x000000, 0x000000, 0x000000, 0x000000, 0x000000, 0x000000, 0x000000, 0x000000, 0x000000, 0x000000, 0x000000, 0x000000, 0x000000, 0x000000, 0x000000, 
  0x000000, 0x000000, 0x000000, 0x000000, 0x000000, 0x000000, 0x000000, 0x000000, 0x000000, 0x000000, 0x000000, 0x000000, 0x000000, 0x000000, 0x000000, 0x000000, 0x000000, 0x000000, 0x000000, 0x000000, 0x000000, 0x000000, 0x000000, 0x000000, 0x000000, 0x000000, 0x000000, 0x000000, 0x000000, 0x000000, 0x000000, 0x000000, 
  0x000000, 0x000000, 0x000000, 0x000000, 0x000000, 0x000000, 0x000000, 0x000000, 0x000000, 0x000000, 0x000000, 0xffffff, 0x000000, 0x000000, 0x000000, 0x000000, 0x000000, 0x000000, 0x000000, 0x000000, 0xffffff, 0x000000, 0x000000, 0x000000, 0x000000, 0x000000, 0x000000, 0x000000, 0x000000, 0x000000, 0x000000, 0x000000, 
  0x000000, 0x000000, 0x000000, 0x000000, 0x000000, 0x000000, 0x000000, 0x000000, 0x000000, 0x000000, 0x000000, 0x000000, 0xffffff, 0x000000, 0x000000, 0x000000, 0x000000, 0x000000, 0x000000, 0xffffff, 0x000000, 0x000000, 0x000000, 0x000000, 0x000000, 0x000000, 0x000000, 0x000000, 0x000000, 0x000000, 0x000000, 0x000000, 
  0x000000, 0x000000, 0x000000, 0x000000, 0x000000, 0x000000, 0x000000, 0x000000, 0x000000, 0x000000, 0x000000, 0x000000, 0x000000, 0xffffff, 0xffffff, 0x000000, 0x000000, 0xffffff, 0xffffff, 0x000000, 0x000000, 0x000000, 0x000000, 0x000000, 0x000000, 0x000000, 0x000000, 0x000000, 0x000000, 0x000000, 0x000000, 0x000000, 
  0x000000, 0x000000, 0x000000, 0x000000, 0x000000, 0x000000, 0x000000, 0x000000, 0x000000, 0x000000, 0x000000, 0x000000, 0x000000, 0x000000, 0x000000, 0x000000, 0x000000, 0x000000, 0x000000, 0x000000, 0x000000, 0x000000, 0x000000, 0x000000, 0x000000, 0x000000, 0x000000, 0x000000, 0x000000, 0x000000, 0x000000, 0x000000, 
  0x000000, 0x000000, 0x000000, 0x000000, 0x000000, 0x000000, 0x000000, 0x000000, 0x000000, 0x000000, 0x000000, 0xffffff, 0xffffff, 0x000000, 0x000000, 0x000000, 0x000000, 0x000000, 0x000000, 0xffffff, 0xffffff, 0x000000, 0x000000, 0x000000, 0x000000, 0x000000, 0x000000, 0x000000, 0x000000, 0x000000, 0x000000, 0x000000, 
  0x000000, 0x000000, 0x000000, 0x000000, 0x000000, 0x000000, 0x000000, 0x000000, 0x000000, 0x000000, 0xffffff, 0x000000, 0x000000, 0xffffff, 0x000000, 0x000000, 0x000000, 0x000000, 0xffffff, 0x000000, 0x000000, 0xffffff, 0x000000, 0x000000, 0x000000, 0x000000, 0x000000, 0x000000, 0x000000, 0x000000, 0x000000, 0x000000, 
  0x000000, 0x000000, 0x000000, 0x000000, 0x000000, 0x000000, 0x000000, 0x000000, 0x000000, 0x000000, 0xffffff, 0x000000, 0x000000, 0xffffff, 0x000000, 0x000000, 0x000000, 0x000000, 0xffffff, 0x000000, 0x000000, 0xffffff, 0x000000, 0x000000, 0x000000, 0x000000, 0x000000, 0x000000, 0x000000, 0x000000, 0x000000, 0x000000, 
  0x000000, 0x000000, 0x000000, 0x000000, 0x000000, 0x000000, 0x000000, 0x000000, 0x000000, 0x000000, 0x000000, 0xffffff, 0xffffff, 0x000000, 0x000000, 0x000000, 0x000000, 0x000000, 0x000000, 0xffffff, 0xffffff, 0x000000, 0x000000, 0x000000, 0x000000, 0x000000, 0x000000, 0x000000, 0x000000, 0x000000, 0x000000, 0x000000, 
  0x000000, 0x000000, 0x000000, 0x000000, 0x000000, 0x000000, 0x000000, 0x000000, 0x000000, 0x000000, 0x000000, 0x000000, 0x000000, 0x000000, 0x000000, 0x000000, 0x000000, 0x000000, 0x000000, 0x000000, 0x000000, 0x000000, 0x000000, 0x000000, 0x000000, 0x000000, 0x000000, 0x000000, 0x000000, 0x000000, 0x000000, 0x000000, 
  0x000000, 0x000000, 0x000000, 0x000000, 0x000000, 0x000000, 0x000000, 0x000000, 0x000000, 0x000000, 0x000000, 0x000000, 0x000000, 0x000000, 0x000000, 0x000000, 0x000000, 0x000000, 0x000000, 0x000000, 0x000000, 0x000000, 0x000000, 0x000000, 0x000000, 0x000000, 0x000000, 0x000000, 0x000000, 0x000000, 0x000000, 0x000000, 
  0x000000, 0x000000, 0x000000, 0x000000, 0x000000, 0x000000, 0x000000, 0x000000, 0x000000, 0x000000, 0x000000, 0xffffff, 0x000000, 0x000000, 0xffffff, 0x000000, 0x000000, 0xffffff, 0x000000, 0x000000, 0xffffff, 0x000000, 0x000000, 0x000000, 0x000000, 0x000000, 0x000000, 0x000000, 0x000000, 0x000000, 0x000000, 0x000000, 
  0x000000, 0x000000, 0x000000, 0x000000, 0x000000, 0x000000, 0x000000, 0x000000, 0x000000, 0x000000, 0x000000, 0xffffff, 0x000000, 0x000000, 0xffffff, 0x000000, 0x000000, 0xffffff, 0x000000, 0x000000, 0xffffff, 0x000000, 0x000000, 0x000000, 0x000000, 0x000000, 0x000000, 0x000000, 0x000000, 0x000000, 0x000000, 0x000000, 
  0x000000, 0x000000, 0x000000, 0x000000, 0x000000, 0x000000, 0x000000, 0x000000, 0x000000, 0x000000, 0x000000, 0x000000, 0x000000, 0x000000, 0x000000, 0x000000, 0x000000, 0x000000, 0x000000, 0x000000, 0x000000, 0x000000, 0x000000, 0x000000, 0x000000, 0x000000, 0x000000, 0x000000, 0x000000, 0x000000, 0x000000, 0x000000, 
  0x000000, 0x000000, 0x000000, 0x000000, 0x000000, 0x000000, 0x000000, 0x000000, 0x000000, 0x000000, 0x000000, 0x000000, 0x000000, 0x000000, 0x000000, 0x000000, 0x000000, 0x000000, 0x000000, 0x000000, 0x000000, 0x000000, 0x000000, 0x000000, 0x000000, 0x000000, 0x000000, 0x000000, 0x000000, 0x000000, 0x000000, 0x000000
};

//High Desert Droids
#define HDD_HEIGHT 16
#define HDD_WIDTH 32

// array size is 1536
static const int32_t HDD[] PROGMEM  = {
  0x000000, 0x000000, 0x000000, 0x000000, 0x000000, 0x000000, 0x000000, 0x000000, 0x000000, 0x000000, 0x000000, 0x000000, 0x000000, 0x000000, 0x000000, 0x000000, 0x00a6ff, 0x000000, 0x000000, 0x000000, 0x000000, 0x000000, 0x000000, 0x000000, 0x000000, 0x000000, 0x000000, 0x000000, 0x000000, 0x000000, 0x000000, 0x000000, 
  0x000000, 0x000000, 0x000000, 0x000000, 0x000000, 0x000000, 0x000000, 0x000000, 0x000000, 0x000000, 0x000000, 0x000000, 0x000000, 0x000000, 0x000000, 0x00a6ff, 0x363636, 0x00a6ff, 0x000000, 0x000000, 0x000000, 0x000000, 0x000000, 0x000000, 0x000000, 0x000000, 0x000000, 0x000000, 0x000000, 0x000000, 0x000000, 0x000000, 
  0x000000, 0x000000, 0x000000, 0x000000, 0x000000, 0x000000, 0x000000, 0x000000, 0x000000, 0x000000, 0x000000, 0x000000, 0x000000, 0x000000, 0x000000, 0x00a6ff, 0x363636, 0x00a6ff, 0x000000, 0x000000, 0x000000, 0x000000, 0x000000, 0x000000, 0x000000, 0x000000, 0x000000, 0x000000, 0x000000, 0x000000, 0x000000, 0x000000, 
  0x000000, 0x000000, 0x000000, 0x000000, 0x000000, 0x000000, 0x000000, 0x000000, 0x000000, 0x000000, 0x000000, 0x000000, 0x000000, 0x000000, 0x000000, 0x00a6ff, 0x363636, 0x00a6ff, 0x000000, 0x000000, 0x000000, 0x000000, 0x000000, 0x000000, 0x000000, 0x000000, 0x000000, 0x000000, 0x000000, 0x000000, 0x000000, 0x000000, 
  0x000000, 0x000000, 0x000000, 0x000000, 0x000000, 0x000000, 0x000000, 0x000000, 0x000000, 0x000000, 0x000000, 0x000000, 0x000000, 0x000000, 0x00a6ff, 0x363636, 0x363636, 0x363636, 0x00a6ff, 0x000000, 0x000000, 0x000000, 0x000000, 0x000000, 0x000000, 0x000000, 0x000000, 0x000000, 0x000000, 0x000000, 0x000000, 0x000000, 
  0x000000, 0x000000, 0x000000, 0x000000, 0x000000, 0x000000, 0x000000, 0x000000, 0x00a6ff, 0x00a6ff, 0x00a6ff, 0x00a6ff, 0x00a6ff, 0x00a6ff, 0x00a6ff, 0x00a6ff, 0x00a6ff, 0x00a6ff, 0x00a6ff, 0x00a6ff, 0x00a6ff, 0x00a6ff, 0x00a6ff, 0x00a6ff, 0x00a6ff, 0x000000, 0x000000, 0x000000, 0x000000, 0x000000, 0x000000, 0x000000, 
  0x000000, 0x000000, 0x000000, 0x000000, 0x000000, 0x000000, 0x000000, 0x000000, 0x00a6ff, 0x363636, 0x363636, 0x363636, 0x363636, 0x363636, 0x363636, 0x363636, 0x363636, 0x363636, 0x363636, 0x363636, 0x363636, 0x363636, 0x363636, 0x363636, 0x00a6ff, 0x000000, 0x000000, 0x000000, 0x000000, 0x000000, 0x000000, 0x000000, 
  0x000000, 0x000000, 0x000000, 0x000000, 0x000000, 0x000000, 0x000000, 0x000000, 0x00a6ff, 0x363636, 0x00a6ff, 0x00a6ff, 0x00a6ff, 0x00a6ff, 0x00a6ff, 0x363636, 0x363636, 0x363636, 0x00a6ff, 0x00a6ff, 0x00a6ff, 0x00a6ff, 0x00a6ff, 0x363636, 0x00a6ff, 0x000000, 0x000000, 0x000000, 0x000000, 0x000000, 0x000000, 0x000000, 
  0x000000, 0x000000, 0x000000, 0x000000, 0x000000, 0x000000, 0x000000, 0x000000, 0x00a6ff, 0x363636, 0x00a6ff, 0xff0000, 0xfff200, 0xff7e00, 0x00a6ff, 0x363636, 0x363636, 0x363636, 0x00a6ff, 0x00ff00, 0x2f3699, 0x6f3198, 0x00a6ff, 0x363636, 0x00a6ff, 0x000000, 0x000000, 0x000000, 0x000000, 0x000000, 0x000000, 0x000000, 
  0x000000, 0x000000, 0x000000, 0x000000, 0x000000, 0x000000, 0x000000, 0x000000, 0x00a6ff, 0x363636, 0x00a6ff, 0x00a6ff, 0x00a6ff, 0x00a6ff, 0x00a6ff, 0x363636, 0x363636, 0x363636, 0x00a6ff, 0x00a6ff, 0x00a6ff, 0x00a6ff, 0x00a6ff, 0x363636, 0x00a6ff, 0x000000, 0x000000, 0x000000, 0x000000, 0x000000, 0x000000, 0x000000, 
  0x000000, 0x000000, 0x000000, 0x000000, 0x000000, 0x000000, 0x000000, 0x000000, 0x00a6ff, 0x363636, 0x363636, 0x363636, 0x363636, 0x363636, 0x363636, 0x363636, 0x363636, 0x363636, 0x363636, 0x363636, 0x363636, 0x363636, 0x363636, 0x363636, 0x00a6ff, 0x000000, 0x000000, 0x000000, 0x000000, 0x000000, 0x000000, 0x000000, 
  0x000000, 0x000000, 0x000000, 0x000000, 0x000000, 0x000000, 0x000000, 0x000000, 0x00a6ff, 0x363636, 0x00a6ff, 0x00a6ff, 0x00a6ff, 0x00a6ff, 0x00a6ff, 0x00a6ff, 0x00a6ff, 0x00a6ff, 0x00a6ff, 0x00a6ff, 0x00a6ff, 0x00a6ff, 0x00a6ff, 0x363636, 0x00a6ff, 0x000000, 0x000000, 0x000000, 0x000000, 0x000000, 0x000000, 0x000000, 
  0x000000, 0x000000, 0x000000, 0x000000, 0x000000, 0x000000, 0x000000, 0x000000, 0x00a6ff, 0x363636, 0x00a6ff, 0xff0000, 0x00a6ff, 0xfff200, 0x00a6ff, 0xff7e00, 0x00a6ff, 0x00ff00, 0x00a6ff, 0x2f3699, 0x00a6ff, 0x6f3198, 0x00a6ff, 0x363636, 0x00a6ff, 0x000000, 0x000000, 0x000000, 0x000000, 0x000000, 0x000000, 0x000000, 
  0x000000, 0x000000, 0x000000, 0x000000, 0x000000, 0x000000, 0x000000, 0x000000, 0x00a6ff, 0x363636, 0x00a6ff, 0x00a6ff, 0x00a6ff, 0x00a6ff, 0x00a6ff, 0x00a6ff, 0x00a6ff, 0x00a6ff, 0x00a6ff, 0x00a6ff, 0x00a6ff, 0x00a6ff, 0x00a6ff, 0x363636, 0x00a6ff, 0x000000, 0x000000, 0x000000, 0x000000, 0x000000, 0x000000, 0x000000, 
  0x000000, 0x000000, 0x000000, 0x000000, 0x000000, 0x000000, 0x000000, 0x000000, 0x00a6ff, 0x363636, 0x363636, 0x363636, 0x363636, 0x363636, 0x363636, 0x363636, 0x363636, 0x363636, 0x363636, 0x363636, 0x363636, 0x363636, 0x363636, 0x363636, 0x00a6ff, 0x000000, 0x000000, 0x000000, 0x000000, 0x000000, 0x000000, 0x000000, 
  0x000000, 0x000000, 0x000000, 0x000000, 0x000000, 0x000000, 0x000000, 0x000000, 0x00a6ff, 0x00a6ff, 0x00a6ff, 0x00a6ff, 0x00a6ff, 0x00a6ff, 0x00a6ff, 0x00a6ff, 0x00a6ff, 0x00a6ff, 0x00a6ff, 0x00a6ff, 0x00a6ff, 0x00a6ff, 0x00a6ff, 0x00a6ff, 0x00a6ff, 0x000000, 0x000000, 0x000000, 0x000000, 0x000000, 0x000000, 0x000000
};

//Byte Sized
#define BYTE_SIZED_HEIGHT 16
#define BYTE_SIZED_WIDTH 32

// array size is 1536
static const uint32_t BYTE_SIZED[] PROGMEM  = {
  0x000000, 0x000000, 0x000000, 0x000000, 0x000000, 0x000000, 0x000000, 0x000000, 0x000000, 0x000000, 0x000000, 0x000000, 0x000000, 0x000000, 0x000000, 0x000000, 0x000000, 0x000000, 0x000000, 0x000000, 0x000000, 0x000000, 0x000000, 0x000000, 0x000000, 0x000000, 0x000000, 0x000000, 0x000000, 0x000000, 0x000000, 0x000000, 
  0x000000, 0x000000, 0x000000, 0x000000, 0x000000, 0x000000, 0x000000, 0x000000, 0x000000, 0x000000, 0x8bc34a, 0x8bc34a, 0x8bc34a, 0x8bc34a, 0x8bc34a, 0x8bc34a, 0x8bc34a, 0x8bc34a, 0x8bc34a, 0x8bc34a, 0x8bc34a, 0x8bc34a, 0x000000, 0x000000, 0x000000, 0x000000, 0x000000, 0x000000, 0x000000, 0x000000, 0x000000, 0x000000, 
  0x000000, 0x000000, 0x000000, 0x000000, 0x000000, 0x000000, 0x000000, 0x000000, 0x000000, 0x000000, 0x8bc34a, 0x8bc34a, 0x8bc34a, 0x8bc34a, 0x8bc34a, 0x8bc34a, 0x8bc34a, 0x8bc34a, 0x8bc34a, 0x8bc34a, 0x8bc34a, 0x8bc34a, 0x000000, 0x000000, 0x000000, 0x000000, 0x000000, 0x000000, 0x000000, 0x000000, 0x000000, 0x000000, 
  0x000000, 0x000000, 0x000000, 0x000000, 0x000000, 0x000000, 0x000000, 0x000000, 0x000000, 0x8bc34a, 0x8bc34a, 0x8bc34a, 0x8bc34a, 0x8bc34a, 0x8bc34a, 0x8bc34a, 0x8bc34a, 0x8bc34a, 0x8bc34a, 0x8bc34a, 0x8bc34a, 0x8bc34a, 0x8bc34a, 0x000000, 0x000000, 0x000000, 0x000000, 0x000000, 0x000000, 0x000000, 0x000000, 0x000000, 
  0x000000, 0x000000, 0x000000, 0x000000, 0x000000, 0x000000, 0x000000, 0x000000, 0x000000, 0x8bc34a, 0x8bc34a, 0x8bc34a, 0x000000, 0x000000, 0x8bc34a, 0x8bc34a, 0x8bc34a, 0x8bc34a, 0x000000, 0x000000, 0x8bc34a, 0x8bc34a, 0x8bc34a, 0x000000, 0x000000, 0x000000, 0x000000, 0x000000, 0x000000, 0x000000, 0x000000, 0x000000, 
  0x000000, 0x000000, 0x000000, 0x000000, 0x000000, 0x000000, 0x000000, 0x000000, 0x000000, 0x8bc34a, 0x8bc34a, 0x8bc34a, 0x000000, 0x000000, 0x8bc34a, 0x8bc34a, 0x8bc34a, 0x8bc34a, 0x000000, 0x000000, 0x8bc34a, 0x8bc34a, 0x8bc34a, 0x000000, 0x000000, 0x000000, 0x000000, 0x000000, 0x000000, 0x000000, 0x000000, 0x000000, 
  0x000000, 0x000000, 0x000000, 0x000000, 0x000000, 0x000000, 0x000000, 0x000000, 0x000000, 0x8bc34a, 0x8bc34a, 0x8bc34a, 0x8bc34a, 0x8bc34a, 0x8bc34a, 0x8bc34a, 0x8bc34a, 0x8bc34a, 0x8bc34a, 0x8bc34a, 0x8bc34a, 0x8bc34a, 0x8bc34a, 0x000000, 0x000000, 0x000000, 0x000000, 0x000000, 0x000000, 0x000000, 0x000000, 0x000000, 
  0x000000, 0x000000, 0x000000, 0x000000, 0x000000, 0x000000, 0x000000, 0x000000, 0x000000, 0x8bc34a, 0x8bc34a, 0x8bc34a, 0x8bc34a, 0x8bc34a, 0x8bc34a, 0x8bc34a, 0x8bc34a, 0x8bc34a, 0x8bc34a, 0x8bc34a, 0x8bc34a, 0x8bc34a, 0x8bc34a, 0x000000, 0x000000, 0x000000, 0x000000, 0x000000, 0x000000, 0x000000, 0x000000, 0x000000, 
  0x000000, 0x000000, 0x000000, 0x000000, 0x000000, 0x000000, 0x000000, 0x000000, 0x000000, 0x8bc34a, 0x8bc34a, 0x8bc34a, 0x000000, 0x8bc34a, 0x8bc34a, 0x8bc34a, 0x8bc34a, 0x8bc34a, 0x8bc34a, 0x000000, 0x8bc34a, 0x8bc34a, 0x8bc34a, 0x000000, 0x000000, 0x000000, 0x000000, 0x000000, 0x000000, 0x000000, 0x000000, 0x000000, 
  0x000000, 0x000000, 0x000000, 0x000000, 0x000000, 0x000000, 0x000000, 0x000000, 0x000000, 0x8bc34a, 0x8bc34a, 0x8bc34a, 0x8bc34a, 0x000000, 0x000000, 0x000000, 0x000000, 0x000000, 0x000000, 0x8bc34a, 0x8bc34a, 0x8bc34a, 0x8bc34a, 0x000000, 0x000000, 0x000000, 0x000000, 0x000000, 0x000000, 0x000000, 0x000000, 0x000000, 
  0x000000, 0x000000, 0x000000, 0x000000, 0x000000, 0x000000, 0x000000, 0x000000, 0x000000, 0x000000, 0x8bc34a, 0x8bc34a, 0x8bc34a, 0x8bc34a, 0x8bc34a, 0x8bc34a, 0x8bc34a, 0x8bc34a, 0x8bc34a, 0x8bc34a, 0x8bc34a, 0x8bc34a, 0x000000, 0x000000, 0x000000, 0x000000, 0x000000, 0x000000, 0x000000, 0x000000, 0x000000, 0x000000, 
  0x000000, 0x000000, 0x000000, 0x000000, 0x000000, 0x000000, 0x000000, 0x000000, 0x000000, 0x000000, 0x000000, 0x8bc34a, 0x8bc34a, 0x000000, 0x000000, 0x000000, 0x000000, 0x000000, 0x000000, 0x8bc34a, 0x8bc34a, 0x000000, 0x000000, 0x000000, 0x000000, 0x000000, 0x000000, 0x000000, 0x000000, 0x000000, 0x000000, 0x000000, 
  0x000000, 0x000000, 0x000000, 0x000000, 0x000000, 0x000000, 0x000000, 0x000000, 0x000000, 0x000000, 0x000000, 0x8bc34a, 0x8bc34a, 0x000000, 0x000000, 0x000000, 0x000000, 0x000000, 0x000000, 0x8bc34a, 0x8bc34a, 0x000000, 0x000000, 0x000000, 0x000000, 0x000000, 0x000000, 0x000000, 0x000000, 0x000000, 0x000000, 0x000000, 
  0x000000, 0x000000, 0x000000, 0x000000, 0x000000, 0x000000, 0x000000, 0x000000, 0x000000, 0x000000, 0x8bc34a, 0x8bc34a, 0x8bc34a, 0x8bc34a, 0x000000, 0x000000, 0x000000, 0x000000, 0x8bc34a, 0x8bc34a, 0x8bc34a, 0x8bc34a, 0x000000, 0x000000, 0x000000, 0x000000, 0x000000, 0x000000, 0x000000, 0x000000, 0x000000, 0x000000, 
  0x000000, 0x000000, 0x000000, 0x000000, 0x000000, 0x000000, 0x000000, 0x000000, 0x000000, 0x000000, 0x000000, 0x000000, 0x000000, 0x000000, 0x000000, 0x000000, 0x000000, 0x000000, 0x000000, 0x000000, 0x000000, 0x000000, 0x000000, 0x000000, 0x000000, 0x000000, 0x000000, 0x000000, 0x000000, 0x000000, 0x000000, 0x000000, 
  0x000000, 0x000000, 0x000000, 0x000000, 0x000000, 0x000000, 0x000000, 0x000000, 0x000000, 0x000000, 0x000000, 0x000000, 0x000000, 0x000000, 0x000000, 0x000000, 0x000000, 0x000000, 0x000000, 0x000000, 0x000000, 0x000000, 0x000000, 0x000000, 0x000000, 0x000000, 0x000000, 0x000000, 0x000000, 0x000000, 0x000000, 0x000000
};


//Chaos Theory
#define CHAOS_THEORY_HEIGHT 16
#define CHAOS_THEORY_WIDTH 32

// array size is 1536
static const int32_t CHAOS_THEORY[] PROGMEM  = {
  0x000000, 0x000000, 0x000000, 0x000000, 0x000000, 0x000000, 0x000000, 0x000000, 0x14c600, 0x14c600, 0x14c600, 0x14c600, 0x000000, 0x000000, 0x000000, 0x000000, 0x000000, 0x000000, 0x000000, 0x000000, 0x14c600, 0x000000, 0x000000, 0x14c600, 0x000000, 0x000000, 0x000000, 0x000000, 0x000000, 0x000000, 0x000000, 0x000000, 
  0x000000, 0x000000, 0x000000, 0x000000, 0x000000, 0x000000, 0x000000, 0x14c600, 0x000000, 0x000000, 0x000000, 0x000000, 0x14c600, 0x14c600, 0x000000, 0x000000, 0x000000, 0x000000, 0x000000, 0x000000, 0x14c600, 0x000000, 0x14c600, 0x000000, 0x000000, 0x000000, 0x000000, 0x000000, 0x000000, 0x000000, 0x000000, 0x000000, 
  0x000000, 0x000000, 0x000000, 0x000000, 0x000000, 0x000000, 0x000000, 0x14c600, 0x000000, 0x000000, 0x000000, 0x000000, 0x000000, 0x000000, 0x14c600, 0x000000, 0x000000, 0x000000, 0x000000, 0x14c600, 0x14c600, 0x000000, 0x14c600, 0x000000, 0x000000, 0x000000, 0x000000, 0x000000, 0x000000, 0x000000, 0x000000, 0x000000, 
  0x000000, 0x000000, 0x000000, 0x000000, 0x000000, 0x000000, 0x000000, 0x14c600, 0x000000, 0x000000, 0x000000, 0x000000, 0x000000, 0x000000, 0x000000, 0x14c600, 0x000000, 0x000000, 0x000000, 0x14c600, 0x000000, 0x14c600, 0x000000, 0x000000, 0x000000, 0x000000, 0x000000, 0x000000, 0x000000, 0x000000, 0x000000, 0x000000, 
  0x000000, 0x000000, 0x000000, 0x000000, 0x000000, 0x000000, 0x000000, 0x000000, 0x14c600, 0x000000, 0x000000, 0x000000, 0x000000, 0x000000, 0x000000, 0x000000, 0x14c600, 0x000000, 0x14c600, 0x14c600, 0x000000, 0x14c600, 0x000000, 0x000000, 0x000000, 0x000000, 0x000000, 0x000000, 0x000000, 0x000000, 0x000000, 0x000000, 
  0x000000, 0x000000, 0x000000, 0x000000, 0x000000, 0x000000, 0x000000, 0x000000, 0x000000, 0x14c600, 0x000000, 0x000000, 0x000000, 0x000000, 0x000000, 0x000000, 0x000000, 0x14c600, 0x000000, 0x000000, 0x14c600, 0x000000, 0x000000, 0x14c600, 0x14c600, 0x14c600, 0x14c600, 0x14c600, 0x000000, 0x000000, 0x000000, 0x000000, 
  0x000000, 0x000000, 0x000000, 0x000000, 0x000000, 0x000000, 0x000000, 0x000000, 0x000000, 0x14c600, 0x14c600, 0x14c600, 0x000000, 0x000000, 0x000000, 0x000000, 0x000000, 0x14c600, 0x000000, 0x000000, 0x14c600, 0x14c600, 0x14c600, 0x000000, 0x000000, 0x000000, 0x000000, 0x14c600, 0x14c600, 0x000000, 0x000000, 0x000000, 
  0x000000, 0x000000, 0x000000, 0x000000, 0x000000, 0x000000, 0x000000, 0x000000, 0x000000, 0x14c600, 0x000000, 0x000000, 0x000000, 0x000000, 0x000000, 0x000000, 0x14c600, 0x000000, 0x000000, 0x14c600, 0x000000, 0x000000, 0x000000, 0x000000, 0x000000, 0x000000, 0x000000, 0x000000, 0x14c600, 0x14c600, 0x000000, 0x000000, 
  0x000000, 0x000000, 0x000000, 0x000000, 0x000000, 0x000000, 0x000000, 0x000000, 0x14c600, 0x000000, 0x000000, 0x000000, 0x000000, 0x000000, 0x000000, 0x000000, 0x14c600, 0x000000, 0x000000, 0x14c600, 0x000000, 0x000000, 0x000000, 0x000000, 0x000000, 0x000000, 0x000000, 0x000000, 0x000000, 0x000000, 0x14c600, 0x000000, 
  0x000000, 0x000000, 0x000000, 0x000000, 0x000000, 0x000000, 0x000000, 0x14c600, 0x000000, 0x000000, 0x000000, 0x000000, 0x000000, 0x000000, 0x000000, 0x14c600, 0x000000, 0x000000, 0x14c600, 0x000000, 0x000000, 0x000000, 0x000000, 0x000000, 0x000000, 0x000000, 0x000000, 0x000000, 0x000000, 0x14c600, 0x14c600, 0x000000, 
  0x000000, 0x000000, 0x000000, 0x000000, 0x000000, 0x000000, 0x000000, 0x14c600, 0x000000, 0x000000, 0x000000, 0x000000, 0x000000, 0x14c600, 0x14c600, 0x000000, 0x000000, 0x14c600, 0x000000, 0x000000, 0x000000, 0x000000, 0x14c600, 0x000000, 0x000000, 0x000000, 0x000000, 0x14c600, 0x14c600, 0x000000, 0x000000, 0x000000, 
  0x000000, 0x000000, 0x000000, 0x000000, 0x000000, 0x000000, 0x14c600, 0x14c600, 0x000000, 0x14c600, 0x000000, 0x000000, 0x14c600, 0x000000, 0x000000, 0x14c600, 0x000000, 0x000000, 0x000000, 0x000000, 0x000000, 0x000000, 0x000000, 0x14c600, 0x14c600, 0x14c600, 0x14c600, 0x14c600, 0x000000, 0x000000, 0x000000, 0x000000, 
  0x000000, 0x000000, 0x000000, 0x000000, 0x000000, 0x000000, 0x14c600, 0x14c600, 0x14c600, 0x000000, 0x14c600, 0x14c600, 0x000000, 0x000000, 0x000000, 0x14c600, 0x14c600, 0x000000, 0x000000, 0x000000, 0x000000, 0x000000, 0x000000, 0x14c600, 0x000000, 0x000000, 0x000000, 0x000000, 0x000000, 0x000000, 0x000000, 0x000000, 
  0x000000, 0x000000, 0x000000, 0x000000, 0x000000, 0x000000, 0x14c600, 0x000000, 0x000000, 0x000000, 0x000000, 0x000000, 0x000000, 0x000000, 0x000000, 0x000000, 0x14c600, 0x000000, 0x000000, 0x000000, 0x000000, 0x14c600, 0x14c600, 0x000000, 0x000000, 0x000000, 0x000000, 0x000000, 0x000000, 0x000000, 0x000000, 0x000000, 
  0x000000, 0x000000, 0x000000, 0x000000, 0x000000, 0x000000, 0x000000, 0x000000, 0x000000, 0x000000, 0x000000, 0x000000, 0x000000, 0x000000, 0x000000, 0x000000, 0x000000, 0x14c600, 0x14c600, 0x000000, 0x14c600, 0x000000, 0x000000, 0x000000, 0x000000, 0x000000, 0x000000, 0x000000, 0x000000, 0x000000, 0x000000, 0x000000, 
  0x000000, 0x000000, 0x000000, 0x000000, 0x000000, 0x000000, 0x000000, 0x000000, 0x000000, 0x000000, 0x000000, 0x000000, 0x000000, 0x000000, 0x000000, 0x000000, 0x000000, 0x000000, 0x14c600, 0x14c600, 0x000000, 0x000000, 0x000000, 0x000000, 0x000000, 0x000000, 0x000000, 0x000000, 0x000000, 0x000000, 0x000000, 0x000000
};

//Bear Metal
#define BEAR_METAL_HEIGHT 16
#define BEAR_METAL_WIDTH 32

// array size is 1536
static const uint32_t BEAR_METAL[] PROGMEM  = {
  0x000000, 0x000000, 0x000000, 0x000000, 0x000000, 0x000000, 0x000000, 0x000000, 0x000000, 0x000000, 0x000000, 0x000000, 0x000000, 0x000000, 0x000000, 0x000000, 0x000000, 0x000000, 0x000000, 0x000000, 0x000000, 0x000000, 0x000000, 0x000000, 0x000000, 0x000000, 0x000000, 0x000000, 0x000000, 0x000000, 0x000000, 0x000000, 
  0x000000, 0x000000, 0x000000, 0x000000, 0x000000, 0x000000, 0x000000, 0x000000, 0x000000, 0x000000, 0x000000, 0x000000, 0x000000, 0x000000, 0x000000, 0x000000, 0x000000, 0x000000, 0x000000, 0x000000, 0x000000, 0x000000, 0x000000, 0x000000, 0x000000, 0x000000, 0x000000, 0x000000, 0x000000, 0x000000, 0x000000, 0x000000, 
  0x000000, 0x000000, 0x000000, 0x000000, 0x000000, 0x000000, 0x000000, 0x000000, 0x000000, 0x000000, 0xfff120, 0xfff120, 0xfff120, 0xfff120, 0xfff120, 0xfff120, 0xfff120, 0xfff120, 0xfff120, 0xfff120, 0xfff120, 0xfff120, 0x000000, 0x000000, 0x000000, 0x000000, 0x000000, 0x000000, 0x000000, 0x000000, 0x000000, 0x000000, 
  0x000000, 0x000000, 0x000000, 0x000000, 0x000000, 0x000000, 0x000000, 0x000000, 0x000000, 0xfff120, 0x000000, 0x000000, 0x000000, 0x000000, 0x000000, 0x000000, 0x000000, 0x000000, 0x000000, 0x000000, 0x000000, 0x000000, 0xfff120, 0x000000, 0x000000, 0x000000, 0x000000, 0x000000, 0x000000, 0x000000, 0x000000, 0x000000, 
  0x000000, 0x000000, 0x000000, 0x000000, 0x000000, 0x000000, 0x000000, 0x000000, 0xfff120, 0x000000, 0x000000, 0x000000, 0x000000, 0x000000, 0x000000, 0x000000, 0x000000, 0x000000, 0x000000, 0x000000, 0x000000, 0x000000, 0x000000, 0xfff120, 0x000000, 0x000000, 0x000000, 0x000000, 0x000000, 0x000000, 0x000000, 0x000000, 
  0x000000, 0x000000, 0x000000, 0x000000, 0x000000, 0x000000, 0x000000, 0xfff120, 0x000000, 0xfff120, 0x000000, 0x000000, 0x000000, 0x000000, 0x000000, 0x000000, 0xfff120, 0x000000, 0x000000, 0x000000, 0xfff120, 0x000000, 0x000000, 0x000000, 0xfff120, 0x000000, 0x000000, 0x000000, 0x000000, 0x000000, 0x000000, 0x000000, 
  0x000000, 0x000000, 0x000000, 0x000000, 0x000000, 0x000000, 0xfff120, 0xfff120, 0xfff120, 0xfff120, 0xfff120, 0x000000, 0xfff120, 0xfff120, 0x000000, 0xfff120, 0xfff120, 0x000000, 0x000000, 0xfff120, 0xfff120, 0xfff120, 0xfff120, 0x000000, 0x000000, 0xfff120, 0x000000, 0x000000, 0x000000, 0x000000, 0x000000, 0x000000, 
  0x000000, 0x000000, 0x000000, 0x000000, 0x000000, 0xfff120, 0xfff120, 0xfff120, 0xfff120, 0xfff120, 0xfff120, 0xfff120, 0xfff120, 0xfff120, 0xfff120, 0xfff120, 0xfff120, 0xfff120, 0xfff120, 0x000000, 0xfff120, 0xfff120, 0xfff120, 0xfff120, 0xfff120, 0xfff120, 0xfff120, 0x000000, 0x000000, 0x000000, 0x000000, 0x000000, 
  0x000000, 0x000000, 0x000000, 0x000000, 0xfff120, 0xfff120, 0xfff120, 0xfff120, 0xfff120, 0xfff120, 0xfff120, 0xfff120, 0xfff120, 0xfff120, 0xfff120, 0xfff120, 0xfff120, 0x000000, 0xfff120, 0xfff120, 0xfff120, 0xfff120, 0xfff120, 0xfff120, 0xfff120, 0xfff120, 0xfff120, 0xfff120, 0x000000, 0x000000, 0x000000, 0x000000, 
  0x000000, 0x000000, 0x000000, 0xfff120, 0xfff120, 0xfff120, 0xfff120, 0xfff120, 0xfff120, 0xfff120, 0xfff120, 0xfff120, 0xfff120, 0xfff120, 0xfff120, 0xfff120, 0x000000, 0x000000, 0x000000, 0xfff120, 0xfff120, 0xfff120, 0xfff120, 0xfff120, 0xfff120, 0xfff120, 0xfff120, 0xfff120, 0xfff120, 0x000000, 0x000000, 0x000000, 
  0x000000, 0x000000, 0xfff120, 0xfff120, 0xfff120, 0x000000, 0xfff120, 0xfff120, 0xfff120, 0xfff120, 0x000000, 0x000000, 0xfff120, 0xfff120, 0xfff120, 0xfff120, 0xfff120, 0x000000, 0xfff120, 0xfff120, 0xfff120, 0xfff120, 0x000000, 0x000000, 0xfff120, 0x000000, 0xfff120, 0xfff120, 0xfff120, 0xfff120, 0x000000, 0x000000, 
  0x000000, 0xfff120, 0xfff120, 0x000000, 0x000000, 0x000000, 0xfff120, 0x000000, 0xfff120, 0x000000, 0x000000, 0x000000, 0x000000, 0xfff120, 0xfff120, 0x000000, 0xfff120, 0x000000, 0xfff120, 0x000000, 0x000000, 0xfff120, 0x000000, 0x000000, 0x000000, 0x000000, 0x000000, 0x000000, 0xfff120, 0xfff120, 0xfff120, 0x000000, 
  0xfff120, 0xfff120, 0x000000, 0x000000, 0x000000, 0x000000, 0xfff120, 0x000000, 0x000000, 0x000000, 0x000000, 0x000000, 0x000000, 0xfff120, 0x000000, 0x000000, 0x000000, 0x000000, 0x000000, 0x000000, 0x000000, 0xfff120, 0x000000, 0x000000, 0x000000, 0x000000, 0x000000, 0x000000, 0x000000, 0xfff120, 0xfff120, 0xfff120, 
  0x000000, 0x000000, 0x000000, 0x000000, 0x000000, 0x000000, 0x000000, 0x000000, 0x000000, 0x000000, 0x000000, 0x000000, 0x000000, 0x000000, 0x000000, 0x000000, 0x000000, 0x000000, 0x000000, 0x000000, 0x000000, 0x000000, 0x000000, 0x000000, 0x000000, 0x000000, 0x000000, 0x000000, 0x000000, 0x000000, 0x000000, 0x000000, 
  0x000000, 0x000000, 0x000000, 0x000000, 0x000000, 0x000000, 0x000000, 0x000000, 0x000000, 0x000000, 0x000000, 0x000000, 0x000000, 0x000000, 0x000000, 0x000000, 0x000000, 0x000000, 0x000000, 0x000000, 0x000000, 0x000000, 0x000000, 0x000000, 0x000000, 0x000000, 0x000000, 0x000000, 0x000000, 0x000000, 0x000000, 0x000000, 
  0x000000, 0x000000, 0x000000, 0x000000, 0x000000, 0x000000, 0x000000, 0x000000, 0x000000, 0x000000, 0x000000, 0x000000, 0x000000, 0x000000, 0x000000, 0x000000, 0x000000, 0x000000, 0x000000, 0x000000, 0x000000, 0x000000, 0x000000, 0x000000, 0x000000, 0x000000, 0x000000, 0x000000, 0x000000, 0x000000, 0x000000, 0x000000
};

//Sonic Squirrels
#define SONIC_HEIGHT 16
#define SONIC_WIDTH 32

// array size is 1536
static const uint32_t SONIC[] PROGMEM  = {
  0x000000, 0x000000, 0x000000, 0x000000, 0x000000, 0x000000, 0x000000, 0x000000, 0x000000, 0x000000, 0x000000, 0x636363, 0x636363, 0x4d4d4d, 0x4d4d4d, 0x000000, 0x000000, 0x000000, 0x000000, 0x000000, 0x000000, 0x000000, 0x000000, 0x000000, 0x000000, 0x000000, 0x000000, 0x000000, 0x000000, 0x000000, 0x000000, 0x000000, 
  0x000000, 0x000000, 0x000000, 0x000000, 0x000000, 0x000000, 0x000000, 0x000000, 0x000000, 0x000000, 0x4d4d4d, 0xababab, 0xababab, 0xababab, 0x7d777d, 0x7d777d, 0x000000, 0x000000, 0x000000, 0x000000, 0x000000, 0x000000, 0x000000, 0x000000, 0x000000, 0x000000, 0x000000, 0x000000, 0x000000, 0x000000, 0x000000, 0x000000, 
  0x000000, 0x000000, 0x000000, 0x000000, 0x000000, 0x000000, 0x000000, 0x000000, 0x000000, 0x4d4d4d, 0x636363, 0x575757, 0xababab, 0xababab, 0xababab, 0xababab, 0x7d777d, 0x000000, 0x000000, 0x000000, 0x000000, 0x000000, 0x000000, 0x000000, 0x000000, 0x000000, 0x000000, 0x000000, 0x000000, 0x000000, 0x000000, 0x000000, 
  0x000000, 0x000000, 0x000000, 0x000000, 0x000000, 0x1f1f1f, 0x7d777d, 0xa3a3a3, 0x000000, 0xa3a3a3, 0x7d777d, 0x575757, 0xababab, 0x636363, 0x636363, 0x7d777d, 0x4d4d4d, 0x000000, 0x000000, 0x000000, 0x000000, 0x000000, 0x000000, 0x000000, 0x000000, 0x000000, 0x000000, 0x000000, 0x000000, 0x000000, 0x000000, 0x000000, 
  0x000000, 0x000000, 0x000000, 0x000000, 0x000000, 0x1f1f1f, 0xa3a3a3, 0x919191, 0xa3a3a3, 0x919191, 0xa3a3a3, 0x7d777d, 0x000000, 0x7d777d, 0x7d777d, 0x7d777d, 0x1a1a1a, 0x000000, 0x000000, 0x000000, 0x000000, 0x000000, 0x000000, 0x000000, 0x000000, 0x000000, 0x000000, 0x000000, 0x000000, 0x000000, 0x000000, 0x000000, 
  0x000000, 0x000000, 0x000000, 0x000000, 0x000000, 0x000000, 0x919191, 0x919191, 0xa3a3a3, 0x919191, 0x919191, 0x575757, 0x000000, 0x1a1a1a, 0x636363, 0x1a1a1a, 0x000000, 0x000000, 0x000000, 0x000000, 0x000000, 0x000000, 0x000000, 0x000000, 0x000000, 0x000000, 0x000000, 0x000000, 0x000000, 0x000000, 0x000000, 0x000000, 
  0x000000, 0x000000, 0x000000, 0x000000, 0x000000, 0x1f1f1f, 0x919191, 0x000000, 0x919191, 0x000000, 0x919191, 0x363636, 0x000000, 0x000000, 0x000000, 0x000000, 0x000000, 0x000000, 0x000000, 0x000000, 0x000000, 0x000000, 0x000000, 0x000000, 0x000000, 0x000000, 0x000000, 0x000000, 0x000000, 0x000000, 0x000000, 0x000000, 
  0x000000, 0x000000, 0x000000, 0x000000, 0x000000, 0x7d777d, 0xa8a8a8, 0xc4c4c4, 0xc4c4c4, 0xc4c4c4, 0xa8a8a8, 0x7d777d, 0x000000, 0x000000, 0x000000, 0xff8000, 0xff8000, 0xff8000, 0x000000, 0xff8000, 0xff8000, 0xff8000, 0x000000, 0xff8000, 0xff8000, 0xff8000, 0x000000, 0xff8000, 0xff8000, 0xff8000, 0x000000, 0x000000, 
  0x000000, 0x000000, 0x000000, 0x000000, 0x000000, 0x000000, 0x000000, 0xa8a8a8, 0xc4c4c4, 0xa8a8a8, 0x000000, 0x000000, 0x000000, 0x000000, 0x000000, 0x000000, 0x000000, 0xff8000, 0x000000, 0xff8000, 0x000000, 0xff8000, 0x000000, 0x000000, 0x000000, 0xff8000, 0x000000, 0xff8000, 0x000000, 0xff8000, 0x000000, 0x000000, 
  0x000000, 0x000000, 0x000000, 0x000000, 0x000000, 0x000000, 0x333333, 0x422f31, 0x5e5e5e, 0x1f1f1f, 0x333333, 0x333333, 0x333333, 0x333333, 0x000000, 0xff8000, 0xff8000, 0xff8000, 0x000000, 0xff8000, 0xff8000, 0xff8000, 0x000000, 0xff8000, 0xff8000, 0xff8000, 0x000000, 0xff8000, 0x000000, 0xff8000, 0x000000, 0x000000, 
  0x000000, 0x000000, 0x000000, 0x000000, 0x000000, 0x333333, 0xb86a70, 0xff0000, 0x333333, 0x333333, 0x333333, 0x333333, 0x333333, 0x000000, 0x000000, 0xff8000, 0x000000, 0x000000, 0x000000, 0x000000, 0x000000, 0xff8000, 0x000000, 0x000000, 0x000000, 0xff8000, 0x000000, 0xff8000, 0x000000, 0xff8000, 0x000000, 0x000000, 
  0x000000, 0x000000, 0x000000, 0xff0000, 0xff0000, 0x6e6e6e, 0xff0000, 0xff0000, 0x333333, 0x333333, 0x1f1f1f, 0x858585, 0x000000, 0x000000, 0x000000, 0xff8000, 0xff8000, 0xff8000, 0x000000, 0x000000, 0x000000, 0xff8000, 0x000000, 0xff8000, 0xff8000, 0xff8000, 0x000000, 0xff8000, 0xff8000, 0xff8000, 0x000000, 0x000000, 
  0x000000, 0x000000, 0xff0000, 0xff0000, 0xff0000, 0x4d4d4d, 0xa13232, 0xff0000, 0x333333, 0x1f1f1f, 0x1f1f1f, 0x858585, 0x000000, 0x000000, 0x000000, 0x000000, 0x000000, 0x000000, 0x000000, 0x000000, 0x000000, 0x000000, 0x000000, 0x000000, 0x000000, 0x000000, 0x000000, 0x000000, 0x000000, 0x000000, 0x000000, 0x000000, 
  0x000000, 0x000000, 0x000000, 0x000000, 0x000000, 0xff0000, 0xff0000, 0xff0000, 0x732736, 0x1f1f1f, 0x1f1f1f, 0x000000, 0x000000, 0x000000, 0x000000, 0x000000, 0x000000, 0x000000, 0x000000, 0x000000, 0x000000, 0x000000, 0x000000, 0x000000, 0x000000, 0x000000, 0x000000, 0x000000, 0x000000, 0x000000, 0x000000, 0x000000, 
  0x000000, 0x000000, 0x000000, 0x000000, 0x000000, 0xff0000, 0xff0000, 0x858585, 0x858585, 0x858585, 0x858585, 0x000000, 0x000000, 0x000000, 0x000000, 0x000000, 0x000000, 0x000000, 0x000000, 0x000000, 0x000000, 0x000000, 0x000000, 0x000000, 0x000000, 0x000000, 0x000000, 0x000000, 0x000000, 0x000000, 0x000000, 0x000000, 
  0x000000, 0x000000, 0x000000, 0xff0000, 0xff0000, 0xff0000, 0x787878, 0x5c5c5c, 0x3d3d3d, 0x000000, 0x5c5c5c, 0x5c5c5c, 0x000000, 0x000000, 0x000000, 0x000000, 0x000000, 0x000000, 0x000000, 0x000000, 0x000000, 0x000000, 0x000000, 0x000000, 0x000000, 0x000000, 0x000000, 0x000000, 0x000000, 0x000000, 0x000000, 0x000000
};

//IRS
#define IRS_HEIGHT 16
#define IRS_WIDTH 32

static const uint32_t IRS[] PROGMEM  = {
  0x000000, 0x000000, 0x000000, 0x000000, 0x000000, 0x000000, 0x000000, 0x000000, 0x000000, 0x000000, 0x000000, 0x000000, 0x000000, 0x662382, 0x662382, 0x662382, 0x662382, 0x662382, 0xf9b234, 0x000000, 0x662382, 0x662382, 0x662382, 0x662382, 0x662382, 0x662382, 0x000000, 0x000000, 0x000000, 0x000000, 0x000000, 0x000000, 
  0x000000, 0x000000, 0x000000, 0x000000, 0x000000, 0x000000, 0x000000, 0x000000, 0x000000, 0x000000, 0x000000, 0xf9b234, 0x662382, 0x662382, 0x662382, 0x662382, 0x662382, 0xf9b234, 0xf9b234, 0x662382, 0x662382, 0x662382, 0x662382, 0x662382, 0x662382, 0x000000, 0x000000, 0x000000, 0x000000, 0x000000, 0x000000, 0x000000, 
  0x000000, 0x000000, 0x000000, 0x000000, 0x000000, 0x000000, 0x000000, 0x000000, 0x000000, 0x000000, 0xf9b234, 0x662382, 0x662382, 0x662382, 0x662382, 0x662382, 0xffffff, 0x662382, 0x662382, 0x662382, 0x662382, 0x662382, 0x662382, 0x662382, 0x000000, 0x000000, 0x000000, 0x000000, 0x000000, 0x000000, 0x000000, 0x000000, 
  0x000000, 0x000000, 0x000000, 0x000000, 0x000000, 0x000000, 0x000000, 0x000000, 0x000000, 0x000000, 0xf9b234, 0x662382, 0x662382, 0x662382, 0x662382, 0xffffff, 0x662382, 0x662382, 0x662382, 0x662382, 0x662382, 0x662382, 0x662382, 0x662382, 0x000000, 0x000000, 0x000000, 0x000000, 0x000000, 0x000000, 0x000000, 0x000000, 
  0x000000, 0x000000, 0x000000, 0x000000, 0x000000, 0x000000, 0x000000, 0x000000, 0x000000, 0xf9b234, 0xf9b234, 0x662382, 0x662382, 0x662382, 0x662382, 0x662382, 0x662382, 0x662382, 0x662382, 0x662382, 0x662382, 0x662382, 0x662382, 0x000000, 0x000000, 0x000000, 0x000000, 0x000000, 0x000000, 0x000000, 0x000000, 0x000000, 
  0x000000, 0x000000, 0x000000, 0x000000, 0x000000, 0x000000, 0x000000, 0x000000, 0xffffff, 0xffffff, 0xffffff, 0x662382, 0x662382, 0x662382, 0x662382, 0x662382, 0x662382, 0x662382, 0x662382, 0x662382, 0x662382, 0x662382, 0xf9b234, 0x000000, 0x000000, 0x000000, 0x000000, 0x000000, 0x000000, 0x000000, 0x000000, 0x000000, 
  0x000000, 0x000000, 0x000000, 0x000000, 0x000000, 0x000000, 0x000000, 0x000000, 0xffffff, 0xffffff, 0xffffff, 0x662382, 0x662382, 0x662382, 0x662382, 0x662382, 0x662382, 0x662382, 0x662382, 0xffffff, 0xffffff, 0xf9b234, 0xf9b234, 0x000000, 0x000000, 0x000000, 0x000000, 0x000000, 0x000000, 0x000000, 0x000000, 0x000000, 
  0x000000, 0x000000, 0x000000, 0x000000, 0x000000, 0x000000, 0x000000, 0xff7e00, 0xffffff, 0xffffff, 0xffffff, 0x662382, 0x662382, 0x662382, 0x662382, 0x662382, 0x662382, 0x662382, 0xffffff, 0xffffff, 0xffffff, 0xf9b234, 0xf9b234, 0x000000, 0x000000, 0x000000, 0x000000, 0x000000, 0x000000, 0x000000, 0x000000, 0x000000, 
  0x000000, 0x000000, 0x464646, 0x464646, 0x464646, 0x000000, 0xff7e00, 0xff7e00, 0xffffff, 0xffffff, 0x662382, 0x662382, 0x662382, 0x662382, 0x662382, 0x662382, 0x662382, 0xffffff, 0x662382, 0x662382, 0xffffff, 0xf9b234, 0xf9b234, 0x000000, 0x000000, 0x000000, 0x000000, 0x000000, 0x000000, 0x000000, 0x000000, 0x000000, 
  0x000000, 0x000000, 0x464646, 0x000000, 0x464646, 0x000000, 0x000000, 0x000000, 0x000000, 0xf9b234, 0x662382, 0x662382, 0x662382, 0x662382, 0x662382, 0x662382, 0x662382, 0x662382, 0x662382, 0x662382, 0xf9b234, 0xf9b234, 0xf9b234, 0x000000, 0x000000, 0x000000, 0x000000, 0x000000, 0x000000, 0x000000, 0x000000, 0x000000, 
  0x000000, 0x000000, 0x464646, 0x464646, 0x464646, 0x464646, 0x000000, 0x000000, 0x000000, 0x662382, 0x662382, 0x662382, 0xffffff, 0x662382, 0x662382, 0x662382, 0x662382, 0x662382, 0x662382, 0x662382, 0xf9b234, 0xf9b234, 0x000000, 0x000000, 0x000000, 0x000000, 0x000000, 0x000000, 0x000000, 0x000000, 0x000000, 0x000000, 
  0x000000, 0x000000, 0x000000, 0x000000, 0x000000, 0x464646, 0x464646, 0xff7e00, 0xff7e00, 0x662382, 0x662382, 0xf9b234, 0x662382, 0x662382, 0x662382, 0xffffff, 0x662382, 0x662382, 0x662382, 0xf9b234, 0xf9b234, 0xf9b234, 0x000000, 0x000000, 0x000000, 0x000000, 0x000000, 0x000000, 0x000000, 0x000000, 0x000000, 0x000000, 
  0x000000, 0x000000, 0x000000, 0x000000, 0x000000, 0x000000, 0x000000, 0xff7e00, 0x464646, 0xff7e00, 0xff7e00, 0x662382, 0x662382, 0x662382, 0xf9b234, 0xf9b234, 0xf9b234, 0xf9b234, 0xf9b234, 0xf9b234, 0xf9b234, 0x000000, 0x000000, 0x000000, 0x000000, 0x000000, 0x000000, 0x000000, 0x000000, 0x000000, 0x000000, 0x000000, 
  0x000000, 0x000000, 0x000000, 0x000000, 0x000000, 0x000000, 0x000000, 0x000000, 0x000000, 0xff7e00, 0x464646, 0x464646, 0x464646, 0xf9b234, 0xf9b234, 0xf9b234, 0xf9b234, 0xf9b234, 0xf9b234, 0x000000, 0x000000, 0x000000, 0x000000, 0x000000, 0x000000, 0x000000, 0x000000, 0x000000, 0x000000, 0x000000, 0x000000, 0x000000, 
  0x000000, 0x000000, 0x000000, 0x000000, 0x000000, 0x000000, 0x000000, 0x000000, 0x000000, 0x000000, 0x464646, 0x000000, 0x464646, 0x000000, 0x000000, 0x000000, 0x000000, 0x000000, 0x000000, 0x000000, 0x000000, 0x000000, 0x000000, 0x000000, 0x000000, 0x000000, 0x000000, 0x000000, 0x000000, 0x000000, 0x000000, 0x000000, 
  0x000000, 0x000000, 0x000000, 0x000000, 0x000000, 0x000000, 0x000000, 0x000000, 0x000000, 0x000000, 0x464646, 0x464646, 0x000000, 0x000000, 0x000000, 0x000000, 0x000000, 0x000000, 0x000000, 0x000000, 0x000000, 0x000000, 0x000000, 0x000000, 0x000000, 0x000000, 0x000000, 0x000000, 0x000000, 0x000000, 0x000000, 0x000000
};

//CHUCK
#define CHUCK_HEIGHT 16
#define CHUCK_WIDTH 32

static const int32_t CHUCK[] PROGMEM  = {
  0x000000, 0x000000, 0x000000, 0x000000, 0x000000, 0x000000, 0x000000, 0x000000, 0x000000, 0x000000, 0x000000, 0x000000, 0x000000, 0x000000, 0x000000, 0x000000, 0x000000, 0x000000, 0x000000, 0x000000, 0x000000, 0x000000, 0x000000, 0x000000, 0x000000, 0x000000, 0x000000, 0x000000, 0x000000, 0x000000, 0x000000, 0x000000, 
  0x000000, 0x000000, 0x000000, 0x000000, 0x000000, 0x000000, 0x26a8d8, 0x26a8d8, 0x26a8d8, 0x26a8d8, 0x26a8d8, 0x26a8d8, 0x26a8d8, 0x26a8d8, 0x26a8d8, 0x26a8d8, 0x26a8d8, 0x26a8d8, 0x26a8d8, 0x26a8d8, 0x26a8d8, 0x26a8d8, 0x26a8d8, 0x26a8d8, 0x26a8d8, 0x26a8d8, 0x000000, 0x000000, 0x000000, 0x000000, 0x000000, 0x000000, 
  0x000000, 0x000000, 0x000000, 0x000000, 0x000000, 0x000000, 0x26a8d8, 0x000000, 0x000000, 0x000000, 0x000000, 0x000000, 0x000000, 0x000000, 0x26a8d8, 0x000000, 0x000000, 0x26a8d8, 0x000000, 0x000000, 0x000000, 0x000000, 0x000000, 0x000000, 0x000000, 0x26a8d8, 0x000000, 0x000000, 0x000000, 0x000000, 0x000000, 0x000000, 
  0x000000, 0x000000, 0x000000, 0x000000, 0x000000, 0x000000, 0x26a8d8, 0x000000, 0x000000, 0x000000, 0x000000, 0x000000, 0x000000, 0x000000, 0x26a8d8, 0x000000, 0x000000, 0x26a8d8, 0x000000, 0x000000, 0x000000, 0x000000, 0x000000, 0x000000, 0x000000, 0x26a8d8, 0x000000, 0x000000, 0x000000, 0x000000, 0x000000, 0x000000, 
  0x000000, 0x000000, 0x000000, 0x000000, 0x000000, 0x000000, 0x26a8d8, 0x000000, 0x000000, 0x000000, 0x000000, 0x000000, 0x000000, 0x000000, 0x26a8d8, 0x000000, 0x000000, 0x26a8d8, 0x000000, 0x000000, 0x000000, 0x000000, 0x000000, 0x000000, 0x000000, 0x26a8d8, 0x000000, 0x000000, 0x000000, 0x000000, 0x000000, 0x000000, 
  0x000000, 0x000000, 0x000000, 0x000000, 0x000000, 0x000000, 0x26a8d8, 0x000000, 0x000000, 0x000000, 0x000000, 0x000000, 0x000000, 0x000000, 0x26a8d8, 0x000000, 0x000000, 0x26a8d8, 0x000000, 0x000000, 0x000000, 0x000000, 0x000000, 0x000000, 0x000000, 0x26a8d8, 0x000000, 0x000000, 0x000000, 0x000000, 0x000000, 0x000000, 
  0x000000, 0x000000, 0x000000, 0x000000, 0x000000, 0x000000, 0x000000, 0x26a8d8, 0x000000, 0x000000, 0x000000, 0x000000, 0x000000, 0x26a8d8, 0x000000, 0x000000, 0x000000, 0x000000, 0x26a8d8, 0x000000, 0x000000, 0x000000, 0x000000, 0x000000, 0x26a8d8, 0x000000, 0x000000, 0x000000, 0x000000, 0x000000, 0x000000, 0x000000, 
  0x000000, 0x000000, 0x000000, 0x000000, 0x000000, 0x000000, 0x000000, 0x000000, 0x26a8d8, 0x000000, 0x000000, 0x000000, 0x26a8d8, 0x000000, 0x000000, 0x000000, 0x000000, 0x000000, 0x000000, 0x26a8d8, 0x000000, 0x000000, 0x000000, 0x26a8d8, 0x000000, 0x000000, 0x000000, 0x000000, 0x000000, 0x000000, 0x000000, 0x000000, 
  0x000000, 0x000000, 0x000000, 0x000000, 0x000000, 0x000000, 0x000000, 0x000000, 0x000000, 0x26a8d8, 0x26a8d8, 0x26a8d8, 0x000000, 0x000000, 0x000000, 0xffffff, 0xffffff, 0x000000, 0x000000, 0x000000, 0x26a8d8, 0x26a8d8, 0x26a8d8, 0x000000, 0x000000, 0x000000, 0x000000, 0x000000, 0x000000, 0x000000, 0x000000, 0x000000, 
  0x000000, 0x000000, 0x000000, 0x000000, 0x000000, 0x000000, 0xffffff, 0x000000, 0x000000, 0x000000, 0x000000, 0x000000, 0x000000, 0x000000, 0xffffff, 0xffffff, 0xffffff, 0xffffff, 0x000000, 0x000000, 0x000000, 0x000000, 0x000000, 0x000000, 0x000000, 0xffffff, 0x000000, 0x000000, 0x000000, 0x000000, 0x000000, 0x000000, 
  0x000000, 0x000000, 0x000000, 0x000000, 0x000000, 0xffffff, 0x000000, 0xffffff, 0x000000, 0x000000, 0x000000, 0x000000, 0x000000, 0xffffff, 0xffffff, 0xffffff, 0xffffff, 0xffffff, 0xffffff, 0x000000, 0x000000, 0x000000, 0x000000, 0x000000, 0xffffff, 0x000000, 0xffffff, 0x000000, 0x000000, 0x000000, 0x000000, 0x000000, 
  0x000000, 0x000000, 0x000000, 0x000000, 0x000000, 0xffffff, 0x000000, 0x000000, 0x000000, 0x000000, 0x000000, 0x000000, 0xffffff, 0xffffff, 0xffffff, 0xffffff, 0xffffff, 0xffffff, 0xffffff, 0xffffff, 0x000000, 0x000000, 0x000000, 0x000000, 0x000000, 0x000000, 0xffffff, 0x000000, 0x000000, 0x000000, 0x000000, 0x000000, 
  0x000000, 0x000000, 0x000000, 0x000000, 0x000000, 0xffffff, 0xffffff, 0xffffff, 0xffffff, 0xffffff, 0xffffff, 0xffffff, 0xffffff, 0xffffff, 0x000000, 0x000000, 0x000000, 0x000000, 0xffffff, 0xffffff, 0xffffff, 0xffffff, 0xffffff, 0xffffff, 0xffffff, 0xffffff, 0xffffff, 0x000000, 0x000000, 0x000000, 0x000000, 0x000000, 
  0x000000, 0x000000, 0x000000, 0x000000, 0x000000, 0x000000, 0xffffff, 0xffffff, 0xffffff, 0xffffff, 0xffffff, 0xffffff, 0xffffff, 0x000000, 0x000000, 0x000000, 0x000000, 0x000000, 0x000000, 0xffffff, 0xffffff, 0xffffff, 0xffffff, 0xffffff, 0xffffff, 0xffffff, 0x000000, 0x000000, 0x000000, 0x000000, 0x000000, 0x000000, 
  0x000000, 0x000000, 0x000000, 0x000000, 0x000000, 0x000000, 0x000000, 0x000000, 0x000000, 0x000000, 0x000000, 0x000000, 0x000000, 0x000000, 0x000000, 0x000000, 0x000000, 0x000000, 0x000000, 0x000000, 0x000000, 0x000000, 0x000000, 0x000000, 0x000000, 0x000000, 0x000000, 0x000000, 0x000000, 0x000000, 0x000000, 0x000000, 
  0x000000, 0x000000, 0x000000, 0x000000, 0x000000, 0x000000, 0x000000, 0x000000, 0x000000, 0x000000, 0x000000, 0x000000, 0x000000, 0x000000, 0x000000, 0x000000, 0x000000, 0x000000, 0x000000, 0x000000, 0x000000, 0x000000, 0x000000, 0x000000, 0x000000, 0x000000, 0x000000, 0x000000, 0x000000, 0x000000, 0x000000, 0x000000
};

//Jack in the Bot

#define JACK_HEIGHT 16
#define JACK_WIDTH 32

static const int32_t JACK[] PROGMEM  = {
  0x000000, 0x000000, 0x000000, 0x000000, 0x000201, 0x000000, 0x000000, 0x000000, 0x000000, 0x000000, 0x000000, 0x000000, 0x000000, 0x000000, 0x010100, 0x000000, 0x000100, 0x000000, 0x000000, 0x000000, 0x010101, 0x000000, 0x000000, 0x000000, 0x000000, 0x000000, 0x000000, 0x000000, 0x000000, 0x000000, 0x000000, 0x000000, 
  0x000000, 0x000000, 0x000000, 0x000000, 0x000000, 0x000000, 0x000000, 0x010000, 0x000000, 0x000000, 0x6f3196, 0x6f3099, 0x6f3098, 0x6f3098, 0x713098, 0x6f3098, 0x000000, 0x000000, 0x000000, 0x25b150, 0x24b24e, 0x000000, 0x010101, 0x000000, 0x010101, 0x000000, 0x000000, 0x000000, 0x010100, 0x000000, 0x000000, 0x000000, 
  0x000000, 0x000000, 0x000000, 0x000002, 0x000000, 0x000000, 0x000000, 0x000100, 0x000000, 0x6e3199, 0x6f3098, 0x702f97, 0xfef200, 0xfef200, 0x000100, 0xf8ec02, 0x010101, 0x25b24c, 0x23b14d, 0x25b04d, 0x23b14d, 0x24b250, 0x000000, 0x000002, 0x000000, 0x000000, 0x000000, 0x000000, 0x000000, 0x000000, 0x000000, 0x010002, 
  0x000000, 0x000000, 0x000000, 0x000000, 0x010101, 0x000000, 0x000200, 0x000002, 0x6f3098, 0x6f3098, 0x6f3098, 0xfef200, 0xfef200, 0x23b14d, 0xfff300, 0xfef200, 0xfff301, 0x23b14d, 0x20b14c, 0x23b14d, 0x24b04d, 0x24b04d, 0x24b24e, 0x000000, 0x000000, 0x000000, 0x000000, 0x010101, 0x000000, 0x010100, 0x010101, 0x000000, 
  0x010000, 0x000000, 0x000000, 0x000000, 0x000000, 0x010103, 0x23b14d, 0x23b14d, 0x6f3098, 0x6f3098, 0xfef200, 0xfef200, 0xfdf200, 0x23b14d, 0x21b24b, 0xfaef01, 0x23b14d, 0x23b14d, 0x23b14d, 0x24b24e, 0x000002, 0x000000, 0x000000, 0x6f3098, 0x000000, 0x000000, 0x010101, 0x000000, 0x000000, 0x000000, 0x000000, 0x000000, 
  0x000000, 0x000000, 0x000002, 0x000000, 0x010101, 0x25b14e, 0x23b44f, 0x6f3098, 0x6f3196, 0xfdf100, 0xfff301, 0xfef301, 0x23b14d, 0x24b24e, 0x24b04f, 0x23b14d, 0x22b34e, 0x22b04c, 0x23b14d, 0x22b34e, 0x000000, 0x000000, 0x703199, 0x6f3098, 0x70319a, 0x000000, 0x000000, 0x010101, 0x000000, 0x000000, 0x000000, 0x000000, 
  0x000000, 0x000000, 0x000000, 0x000000, 0x000000, 0x24b24e, 0xf6ea08, 0x25b14e, 0x6f3099, 0xfef200, 0xfef200, 0xfff301, 0x25b14e, 0x23b14d, 0x23b14d, 0x23b14d, 0x23b14d, 0x21b34e, 0xfef200, 0xf9ee00, 0x23b14f, 0x000000, 0x000000, 0x6f3098, 0x000000, 0x000000, 0x000000, 0x000100, 0x000000, 0x000000, 0x000000, 0x000000, 
  0x000000, 0x010000, 0x000000, 0x010000, 0x000002, 0x24b24c, 0x25b14e, 0x6f3098, 0x25b34f, 0xfff201, 0xfef200, 0x25b351, 0x22b04a, 0x24b24e, 0x23b14d, 0x23b14d, 0xfdf100, 0xfef200, 0xfcf100, 0xfdf300, 0xf9ee00, 0x713098, 0x000000, 0x000000, 0x000000, 0x000000, 0x000000, 0x000000, 0x000000, 0x000000, 0x010000, 0x000000, 
  0x000000, 0x000002, 0x010200, 0x000000, 0x000000, 0x000000, 0x24b24e, 0x25b34f, 0xfaef00, 0x21b24b, 0x25b34f, 0x21b24d, 0x23b14d, 0x23b14d, 0x23b14d, 0xfef200, 0xfef200, 0xfff300, 0x6f3098, 0x723199, 0x6f3098, 0x000000, 0xfff001, 0x000000, 0x000000, 0x000000, 0x000000, 0x000000, 0x000000, 0x000000, 0x000000, 0x000000, 
  0x010101, 0x000000, 0x000000, 0x010000, 0x000000, 0x000000, 0x000000, 0x24b24e, 0x24b24e, 0x6e2f98, 0x24b24c, 0x21b24d, 0x23b14d, 0x23b14f, 0x23b14b, 0xfef200, 0xfef200, 0x6f3098, 0x6f3098, 0x703199, 0x000000, 0xfaef01, 0xfff100, 0xf5e907, 0x000000, 0x000000, 0x000000, 0x000000, 0x000000, 0x000000, 0x000000, 0x000000, 
  0x010101, 0x000000, 0x010101, 0x000000, 0x000000, 0x000000, 0x000000, 0x000000, 0x24b24e, 0x23b14d, 0xf6eb06, 0x24b24e, 0x24b04d, 0x22b04c, 0xfff301, 0xfef200, 0x6f3196, 0x703199, 0x000000, 0x000000, 0x000000, 0x000000, 0xfef200, 0x000000, 0x000000, 0x000000, 0x000000, 0x000000, 0x000000, 0x000000, 0x000000, 0x000000, 
  0x000000, 0x010101, 0x000002, 0x000000, 0x000000, 0x010101, 0x010101, 0x000000, 0x010103, 0x24b24c, 0x24b250, 0x712f99, 0x23b14d, 0x22b34c, 0xfef102, 0xfdf100, 0x6e2f97, 0x6f3099, 0x000000, 0x000000, 0x010101, 0x000000, 0x020202, 0x000000, 0x000000, 0x000000, 0x000000, 0x000000, 0x000000, 0x000000, 0x000000, 0x000000, 
  0x000004, 0x000000, 0x000000, 0x000002, 0x000000, 0x010101, 0x010000, 0x010101, 0x000000, 0x000201, 0x25b24c, 0x21b14f, 0xf7eb09, 0x21b14f, 0xfef200, 0xfff301, 0x703199, 0x000000, 0x000000, 0x010100, 0x000000, 0x000000, 0x000000, 0x000000, 0x000000, 0x000000, 0x000000, 0x000000, 0x000000, 0x000000, 0x000000, 0x000000, 
  0x000000, 0x000000, 0x000000, 0x010101, 0x000000, 0x010100, 0x000000, 0x000000, 0x010101, 0x000000, 0x000002, 0x24b24e, 0x24b250, 0x723197, 0x24b24e, 0x6e2f97, 0x24b24e, 0x000002, 0x000000, 0x000000, 0x000100, 0x000000, 0x010101, 0x000000, 0x000000, 0x000000, 0x000000, 0x000000, 0x000000, 0x000000, 0x000000, 0x000000, 
  0x000000, 0x000100, 0x000000, 0x000000, 0x000000, 0x000000, 0x000000, 0x000000, 0x000000, 0x000000, 0x000000, 0x000000, 0x24b24c, 0x24b24e, 0xf6ea08, 0x6f3098, 0x24b24c, 0x010101, 0x000000, 0x000000, 0x000000, 0x010000, 0x000000, 0x000000, 0x000000, 0x000000, 0x000000, 0x000000, 0x000000, 0x000000, 0x000000, 0x000000, 
  0x000201, 0x000000, 0x000002, 0x000000, 0x000000, 0x000000, 0x010101, 0x000000, 0x010101, 0x010101, 0x010101, 0x000000, 0x000000, 0x24b24e, 0x24b24e, 0x24b24e, 0x000000, 0x000000, 0x010000, 0x010000, 0x010101, 0x000000, 0x000000, 0x000000, 0x000000, 0x000000, 0x000000, 0x000000, 0x000000, 0x000000, 0x000000, 0x000000
};

//West Linn Robotics
#define WEST_LINN_HEIGHT 16
#define WEST_LINN_WIDTH 32

// array size is 1536
static const int32_t WEST_LINN[] PROGMEM  = {
  0x00000c, 0x000107, 0x000100, 0x000100, 0x000209, 0x040000, 0x3d2709, 0x3b1f00, 0x655017, 0x0e0200, 0x030400, 0x020400, 0x2f2502, 0x0b0000, 0x010200, 0x000b00, 0x001700, 0x001c00, 0x001600, 0x001100, 0x110500, 0x1c0200, 0x130600, 0x000b00, 0x001b00, 0x001f00, 0x001100, 0x000500, 0x110500, 0x150000, 0x170000, 0x180000, 
  0x000109, 0x000004, 0x060500, 0x030100, 0x000002, 0x0a0300, 0x3a2200, 0xffe5a3, 0xdec780, 0x594b0c, 0x110f00, 0x2d2b06, 0xf8ecbb, 0x2c1f00, 0x070400, 0x000600, 0x6c9061, 0x699a62, 0x5f9665, 0x001200, 0xc7bc71, 0xd1b467, 0xc9b679, 0x020a00, 0x6ca056, 0x5a9754, 0x6c8d67, 0x000900, 0xcdc48b, 0x160100, 0xd6bd87, 0x1e0200, 
  0x030302, 0x010000, 0x050000, 0x090200, 0x050000, 0x0b0000, 0xe3c97a, 0xe9c964, 0xedd16f, 0xf6e18d, 0x5c5216, 0xdad198, 0xd9c67a, 0xfbe8a3, 0x554a25, 0x040200, 0x000600, 0x000c00, 0x5f9362, 0x001b00, 0xc2b970, 0x270600, 0xd6b66a, 0x0e0600, 0x001300, 0x001600, 0x6e906e, 0x000d00, 0xc4c158, 0x1a0b00, 0xd5c05e, 0x1b0300, 
  0x020100, 0x030000, 0x060000, 0x070000, 0x070000, 0x120400, 0xcdb252, 0xf1d058, 0x230300, 0xeed578, 0x5e4e0d, 0xbbac6c, 0x1e0700, 0xe2ca79, 0x604f24, 0x0d0400, 0x0a0800, 0x000a00, 0x669863, 0x001400, 0xcbc070, 0x240000, 0xe1b861, 0x150400, 0x001700, 0x639966, 0x001100, 0x000e00, 0xcccf6c, 0xd7cb56, 0xd8c357, 0x220800, 
  0x000100, 0x070502, 0x050000, 0x211717, 0x070000, 0x6c5b37, 0xccaf4f, 0xeecb53, 0x270500, 0xe6c871, 0x766127, 0xc1ae74, 0x1f0500, 0xe3c97a, 0x5d4821, 0x0a0000, 0x000100, 0x000d00, 0x639558, 0x001800, 0xd1c260, 0x2a0000, 0xe3b459, 0x180500, 0x001400, 0x001b00, 0x619f67, 0x001200, 0x000900, 0x0f0200, 0xdfc674, 0x210200, 
  0x141714, 0x030503, 0x1d1b1c, 0x2f2a2c, 0x1a1214, 0x6f5f45, 0xccb060, 0xefcd68, 0xeecd73, 0xe7cb83, 0xdcc89d, 0x756238, 0xc3aa67, 0xe0c889, 0x59472a, 0x0e0400, 0x040402, 0x000700, 0x668e5a, 0x001100, 0xc9bd6f, 0xddbb6d, 0xceaa63, 0x140700, 0x739559, 0x5f9761, 0x659a6a, 0x000f00, 0x000500, 0x0d0400, 0xcbb781, 0x1b0300, 
  0x4d5655, 0x495250, 0x232927, 0x1d2021, 0x737078, 0x80746d, 0x7c6335, 0xc6a768, 0xc2a66c, 0xa38c60, 0xae9f8b, 0xd7cab9, 0x9b8965, 0x998865, 0xfffbee, 0x040000, 0x030002, 0x000200, 0x000b00, 0x000a00, 0x040200, 0x0b0000, 0x0b0300, 0x020400, 0x000800, 0x000900, 0x000700, 0x000600, 0x000200, 0x010100, 0x080600, 0x090600, 
  0x323e3d, 0x333f3c, 0x2c3931, 0x242e2b, 0x6c6f77, 0xb8b1b3, 0xc0ab98, 0xa18768, 0xa08a6a, 0xe0d0b8, 0xb2aaa4, 0x9c9592, 0xd5cabc, 0xd4cbbd, 0xa09f9b, 0xd8d8db, 0x020006, 0x010002, 0x000400, 0x000700, 0x000004, 0x000007, 0x000300, 0x000400, 0x000306, 0x000206, 0x080301, 0x050000, 0x030200, 0x000100, 0x000200, 0x000200, 
  0x323e3c, 0x45534d, 0x67796b, 0x162519, 0x767f7e, 0xa4a2a5, 0xc8b7b7, 0xedd7d2, 0xd4c5b9, 0xb9b1a6, 0xa5a4a1, 0x9fa1a0, 0xa2a19f, 0x9c9c9a, 0x9ba2a1, 0x192124, 0x747780, 0x78767b, 0x747068, 0x575248, 0x514b4b, 0x727373, 0x98a89f, 0x96a79d, 0x9ca49e, 0x030100, 0x0a0000, 0x110203, 0x040003, 0x05020a, 0x010004, 0x010003, 
  0x4b5455, 0x6b7773, 0x6f8074, 0x6e7e71, 0x0f1a14, 0x7b7b7c, 0x887b83, 0xac9ba3, 0xd3c9ca, 0xd7d3d0, 0xb1b6b2, 0x989f9d, 0x8a8e90, 0x93989b, 0x1e2a29, 0x6b7678, 0xd6dbe2, 0xd5d4da, 0xaea7a4, 0x9f9792, 0x565252, 0x4b4f4f, 0x94a59e, 0x98a99f, 0x000600, 0x040000, 0x0d0000, 0x0b0000, 0x08000a, 0x07020e, 0x020005, 0x020003, 
  0x74767d, 0x757a7e, 0x434f4b, 0x6f7d75, 0x2e372d, 0x646560, 0x7f747b, 0x8c7e88, 0x8c8489, 0x838280, 0xd6ddd4, 0xa7b0a6, 0xadb2af, 0x232928, 0x6e7976, 0x757f7e, 0x72777b, 0x797a7e, 0x787678, 0x767678, 0x71747b, 0x000108, 0x000405, 0x000602, 0x000300, 0x040200, 0x060001, 0x070006, 0x04000b, 0x010008, 0x080505, 0x040200, 
  0x7a7682, 0x7c7c85, 0x4f585c, 0x44504d, 0x141c13, 0x5a5b55, 0xb5acb1, 0xa99da7, 0xaea9b0, 0x7b7b7c, 0x82887e, 0xc9d1c5, 0xcacfca, 0x161b18, 0x9da4a2, 0x757b79, 0x797c7b, 0x313331, 0x000200, 0x000300, 0x000301, 0x000607, 0x00090b, 0x000303, 0x000200, 0x000000, 0x010003, 0x030008, 0x02000b, 0x000005, 0x000100, 0x000300, 
  0x807886, 0x56535f, 0x464d56, 0x566164, 0x2a322d, 0x1f201b, 0x655d60, 0x8d838a, 0x949097, 0x98999c, 0x8d928d, 0x7b8079, 0x434541, 0x2a2a28, 0x585857, 0x535352, 0x020100, 0x000200, 0x2a371c, 0x000b00, 0x000800, 0x000b00, 0x000300, 0x000308, 0x000309, 0x00050a, 0x000607, 0x000103, 0x000007, 0x030405, 0x000400, 0x000900, 
  0x3e3540, 0x4d4a53, 0x424b51, 0x4f5c5e, 0x727b79, 0x2f312f, 0x4e494a, 0x4a4447, 0x4c4a4f, 0x48494d, 0x000303, 0x000100, 0x010000, 0x030000, 0x040000, 0x080300, 0xafaa9c, 0x080900, 0x000800, 0x4c5c36, 0x7d8b6c, 0x000a00, 0x000200, 0x0a0c0f, 0x000209, 0x000207, 0x000301, 0x000805, 0x000003, 0x020303, 0x030a00, 0x000500, 
  0xb8b5b5, 0x373a38, 0x45544f, 0x6b7d78, 0x36423f, 0x111716, 0x030201, 0x030101, 0x000101, 0x000204, 0x000006, 0x000106, 0x010002, 0x030000, 0x050000, 0x070000, 0x0a0300, 0xd0cca6, 0x040500, 0x010400, 0x030300, 0x030100, 0x040000, 0x030000, 0x000002, 0x0c1011, 0x000600, 0x000300, 0x020000, 0x030000, 0x030302, 0x000100, 
  0x878681, 0xb6bbb4, 0x324339, 0x3b4f46, 0x000806, 0x000202, 0x000000, 0x010100, 0x000301, 0x000103, 0x000008, 0x000009, 0x020005, 0x0a0405, 0x080000, 0x080000, 0x0a0200, 0x0d0600, 0xd9d5b1, 0x050100, 0x050000, 0x050001, 0x060000, 0x070100, 0x010000, 0x020503, 0x000200, 0x030600, 0x040000, 0x040000, 0x010004, 0x020107
};

//Mercer Island Robotics

#define MIR_SNAIL_HEIGHT 16
#define MIR_SNAIL_WIDTH 32

// array size is 1536
static const int32_t MIR_SNAIL[] PROGMEM  = {
  0x000000, 0x000000, 0x000000, 0x000000, 0x000000, 0x000000, 0x000000, 0x000000, 0x000000, 0x000000, 0x000000, 0x000000, 0x000000, 0x000000, 0x000000, 0x000000, 0x000000, 0x000000, 0x000000, 0x000000, 0x000000, 0x000000, 0x000000, 0x000000, 0x000000, 0x000000, 0x000000, 0x000000, 0x000000, 0x000000, 0x000000, 0x000000, 
  0x000000, 0x000000, 0x000000, 0x000000, 0x000000, 0x000000, 0x000000, 0x000000, 0x000000, 0x000000, 0x000000, 0x000000, 0x000000, 0x000000, 0x000000, 0x000000, 0x000000, 0x000000, 0x000000, 0x000000, 0x000000, 0x000000, 0x000000, 0x000000, 0x000000, 0x000000, 0x000000, 0x000000, 0x000000, 0x000000, 0x000000, 0x000000, 
  0x671715, 0x000000, 0x000000, 0x000000, 0x000000, 0x671715, 0x671715, 0x000000, 0x000000, 0x000000, 0x000000, 0x000000, 0x000000, 0x000000, 0x000000, 0x000000, 0x000000, 0x000000, 0x000000, 0x000000, 0x000000, 0x000000, 0x000000, 0x000000, 0x000000, 0x000000, 0x000000, 0x000000, 0x000000, 0x000000, 0x000000, 0x000000, 
  0x000000, 0x671715, 0x000000, 0x000000, 0x671715, 0x000000, 0x000000, 0x000000, 0x671715, 0x671715, 0x671715, 0x671715, 0x671715, 0x671715, 0x671715, 0x671715, 0x000000, 0x000000, 0x000000, 0x000000, 0x000000, 0x000000, 0x000000, 0x000000, 0x000000, 0x000000, 0x000000, 0x000000, 0x000000, 0x000000, 0x000000, 0x000000, 
  0x000000, 0x000000, 0x671715, 0x671715, 0x000000, 0x000000, 0x000000, 0x671715, 0x851e1b, 0x851e1b, 0x851e1b, 0x851e1b, 0x851e1b, 0x851e1b, 0x851e1b, 0x851e1b, 0x671715, 0x000000, 0x000000, 0x000000, 0x000000, 0x000000, 0x000000, 0x000000, 0x000000, 0x000000, 0x000000, 0x000000, 0x000000, 0x000000, 0x000000, 0x000000, 
  0x000000, 0x761815, 0xffffff, 0xffffff, 0x761815, 0x000000, 0x671715, 0x851e1b, 0x851e1b, 0x851e1b, 0x851e1b, 0x671715, 0x671715, 0x671715, 0x851e1b, 0x851e1b, 0x851e1b, 0x671715, 0x000000, 0x000000, 0x000000, 0x000000, 0x000000, 0x000000, 0x000000, 0x000000, 0x000000, 0x000000, 0x000000, 0x000000, 0x000000, 0x000000, 
  0x761815, 0xffffff, 0xffffff, 0xffffff, 0xffffff, 0x671715, 0x851e1b, 0x851e1b, 0x851e1b, 0x851e1b, 0x671715, 0x851e1b, 0x851e1b, 0x851e1b, 0x671715, 0x851e1b, 0x851e1b, 0x851e1b, 0x000000, 0x000000, 0x000000, 0x000000, 0x000000, 0x000000, 0x000000, 0x000000, 0x000000, 0x000000, 0x000000, 0x000000, 0x000000, 0x000000, 
  0x761815, 0x671715, 0xffffff, 0x671715, 0xffffff, 0x671715, 0x851e1b, 0x851e1b, 0x851e1b, 0x851e1b, 0x671715, 0x671715, 0x851e1b, 0x851e1b, 0x851e1b, 0x671715, 0x851e1b, 0x851e1b, 0x000000, 0x000000, 0x000000, 0x000000, 0x000000, 0x000000, 0x000000, 0x000000, 0x000000, 0x000000, 0x000000, 0x000000, 0x000000, 0x000000, 
  0x761815, 0xffffff, 0xffffff, 0xffffff, 0xffffff, 0x671715, 0x851e1b, 0x851e1b, 0x851e1b, 0x851e1b, 0x851e1b, 0x851e1b, 0x851e1b, 0x851e1b, 0x851e1b, 0x671715, 0x851e1b, 0x851e1b, 0x000000, 0x000000, 0x000000, 0x000000, 0x000000, 0x000000, 0x000000, 0x000000, 0x000000, 0x000000, 0x000000, 0x000000, 0x000000, 0x000000, 
  0x761815, 0xffffff, 0xffffff, 0xffffff, 0xffffff, 0x671715, 0x851e1b, 0x851e1b, 0x851e1b, 0x851e1b, 0x851e1b, 0x851e1b, 0x851e1b, 0x671715, 0x671715, 0x851e1b, 0x851e1b, 0x851e1b, 0x000000, 0x000000, 0x000000, 0x000000, 0x000000, 0x000000, 0x000000, 0x000000, 0x000000, 0x000000, 0x000000, 0x000000, 0x000000, 0x000000, 
  0x761815, 0xffffff, 0xffffff, 0xffffff, 0xffffff, 0x671715, 0x851e1b, 0x851e1b, 0x671715, 0x671715, 0x671715, 0x671715, 0x671715, 0x851e1b, 0x851e1b, 0x851e1b, 0x851e1b, 0x761815, 0x000000, 0x000000, 0x000000, 0x000000, 0x000000, 0x000000, 0x000000, 0x000000, 0x000000, 0x000000, 0x000000, 0x000000, 0x000000, 0x000000, 
  0x761815, 0xffffff, 0xffffff, 0xffffff, 0xffffff, 0xffffff, 0x671715, 0x671715, 0x851e1b, 0x851e1b, 0x851e1b, 0x851e1b, 0x851e1b, 0x851e1b, 0x851e1b, 0x851e1b, 0x671715, 0x000000, 0x000000, 0x000000, 0x000000, 0x000000, 0x000000, 0x000000, 0x000000, 0x000000, 0x000000, 0x000000, 0x000000, 0x000000, 0x000000, 0x000000, 
  0x761815, 0xffffff, 0xffffff, 0xffffff, 0xffffff, 0xffffff, 0xffffff, 0xffffff, 0x671715, 0x671715, 0x671715, 0x671715, 0x671715, 0x671715, 0x671715, 0x671715, 0x671715, 0x671715, 0x000000, 0x000000, 0x000000, 0x000000, 0x000000, 0x000000, 0x000000, 0x000000, 0x000000, 0x000000, 0x000000, 0x000000, 0x000000, 0x000000, 
  0x000000, 0x761815, 0xffffff, 0xffffff, 0xffffff, 0xffffff, 0xffffff, 0xffffff, 0xffffff, 0xffffff, 0xffffff, 0xffffff, 0xffffff, 0xffffff, 0xffffff, 0xffffff, 0xffffff, 0x671715, 0x000000, 0x000000, 0x000000, 0x000000, 0x000000, 0x000000, 0x000000, 0x000000, 0x000000, 0x000000, 0x000000, 0x000000, 0x000000, 0x000000, 
  0x000000, 0x000000, 0x761815, 0xffffff, 0xffffff, 0xffffff, 0xffffff, 0xffffff, 0xffffff, 0xffffff, 0xffffff, 0xffffff, 0xffffff, 0xffffff, 0xffffff, 0xffffff, 0xffffff, 0x671715, 0x000000, 0x000000, 0x000000, 0x000000, 0x000000, 0x000000, 0x000000, 0x000000, 0x000000, 0x000000, 0x000000, 0x000000, 0x000000, 0x000000, 
  0x000000, 0x000000, 0x000000, 0x761815, 0x761815, 0x761815, 0x761815, 0x761815, 0x761815, 0x761815, 0x761815, 0x761815, 0x761815, 0x761815, 0x761815, 0x761815, 0x761815, 0x000000, 0x000000, 0x000000, 0x000000, 0x000000, 0x000000, 0x000000, 0x000000, 0x000000, 0x000000, 0x000000, 0x000000, 0x000000, 0x000000, 0x000000
};

//Cresent Valley: Ctrl + C (955)
#define CTRL_C_HEIGHT 16
#define CTRL_C_WIDTH 32

// array size is 1536
static const int32_t CTRL_C[] PROGMEM  = {
  0x000000, 0x000000, 0x000000, 0x000000, 0x000000, 0x000000, 0x000000, 0x000000, 0x000000, 0x000000, 0x000000, 0x000000, 0x000000, 0x000000, 0x000000, 0x000000, 0x000000, 0x000000, 0x000000, 0x000000, 0x000000, 0x000000, 0x000000, 0x000000, 0x000000, 0x000000, 0x000000, 0x000000, 0x000000, 0x000000, 0x000000, 0x000000, 
  0x000000, 0x000000, 0x000000, 0x000000, 0x000000, 0x000000, 0x000000, 0x000000, 0x000000, 0xb71c1c, 0xb71c1c, 0xb71c1c, 0xb71c1c, 0x000000, 0x000000, 0x000000, 0x000000, 0x000000, 0x000000, 0xff1744, 0xff1744, 0xb71c1c, 0x000000, 0xb71c1c, 0xb71c1c, 0x000000, 0xb71c1c, 0xb71c1c, 0x000000, 0xb71c1c, 0x000000, 0x000000, 
  0x000000, 0x000000, 0x000000, 0x000000, 0x000000, 0x000000, 0x000000, 0xb71c1c, 0xb71c1c, 0xb71c1c, 0xb71c1c, 0xb71c1c, 0xff1744, 0x000000, 0x000000, 0x000000, 0x000000, 0x000000, 0x000000, 0xf44336, 0x000000, 0xb71c1c, 0x000000, 0xff1744, 0x000000, 0x000000, 0xff1744, 0x000000, 0x000000, 0xff1744, 0x000000, 0x000000, 
  0x000000, 0x000000, 0x000000, 0x000000, 0x000000, 0x000000, 0xb71c1c, 0xb71c1c, 0xb71c1c, 0xb71c1c, 0x000000, 0xf44336, 0xff1744, 0x000000, 0x000000, 0x000000, 0xd32f2f, 0x000000, 0x000000, 0xd32f2f, 0xf44336, 0xff1744, 0x000000, 0xf44336, 0xff1744, 0x000000, 0xf44336, 0xff1744, 0x000000, 0xff1744, 0x000000, 0x000000, 
  0x000000, 0x000000, 0x000000, 0x000000, 0x000000, 0xb71c1c, 0xb71c1c, 0xd32f2f, 0xd32f2f, 0xf44336, 0xf44336, 0xff1744, 0x000000, 0x000000, 0x000000, 0x000000, 0x000000, 0xd32f2f, 0x000000, 0x000000, 0x000000, 0xf44336, 0x000000, 0x000000, 0xf44336, 0x000000, 0x000000, 0xf44336, 0x000000, 0x000000, 0x000000, 0x000000, 
  0x000000, 0x000000, 0xffffff, 0xffffff, 0xb71c1c, 0xb71c1c, 0xb71c1c, 0xd32f2f, 0xf44336, 0xf44336, 0xf44336, 0xff1744, 0x000000, 0x000000, 0xf44336, 0xff1744, 0xff1744, 0xd32f2f, 0xd32f2f, 0x000000, 0x000000, 0xd32f2f, 0x000000, 0xd32f2f, 0xd32f2f, 0x000000, 0xd32f2f, 0xd32f2f, 0x000000, 0xd32f2f, 0x000000, 0x000000, 
  0x000000, 0x000000, 0xbbdefb, 0x9575cd, 0x64b5f6, 0x64b5f6, 0xffffff, 0xffffff, 0xffffff, 0xd32f2f, 0xff1744, 0x000000, 0x000000, 0x000000, 0x000000, 0x000000, 0xf44336, 0xd32f2f, 0xd32f2f, 0x000000, 0x000000, 0x000000, 0x000000, 0x000000, 0x000000, 0x000000, 0x000000, 0x000000, 0x000000, 0x000000, 0x000000, 0x000000, 
  0x000000, 0x000000, 0x64b5f6, 0x9575cd, 0xba68c8, 0x90caf9, 0xb3e5fc, 0xb71c1c, 0xb71c1c, 0x2196f3, 0xb3e5fc, 0xb3e5fc, 0x000000, 0x000000, 0x000000, 0x000000, 0x000000, 0xd32f2f, 0xb71c1c, 0x000000, 0x2196f3, 0x000000, 0x000000, 0x000000, 0x000000, 0x000000, 0x000000, 0x000000, 0x000000, 0x000000, 0x000000, 0x000000, 
  0x000000, 0x000000, 0x2196f3, 0xb71c1c, 0x4a148c, 0xffffff, 0xb3e5fc, 0x651fff, 0xffffff, 0xb3e5fc, 0xba68c8, 0x607d8b, 0x2196f3, 0x2196f3, 0x90caf9, 0x2196f3, 0x2196f3, 0xb3e5fc, 0xe3f2fd, 0xe3f2fd, 0x90caf9, 0x000000, 0x000000, 0x000000, 0x80deea, 0xb2ebf2, 0xb2ebf2, 0x000000, 0x000000, 0x000000, 0x000000, 0x000000, 
  0x000000, 0x000000, 0x2196f3, 0x6a1b9a, 0xffffff, 0x7b1fa2, 0xb71c1c, 0xffffff, 0xb3e5fc, 0xd32f2f, 0xba68c8, 0xb3e5fc, 0x607d8b, 0x607d8b, 0x607d8b, 0x607d8b, 0xd32f2f, 0xb71c1c, 0xb71c1c, 0x90caf9, 0x90caf9, 0x000000, 0x000000, 0x000000, 0x0091ea, 0x000000, 0x80deea, 0x000000, 0x000000, 0x000000, 0x000000, 0x000000, 
  0x000000, 0x000000, 0x2196f3, 0x4a148c, 0x607d8b, 0x4a148c, 0xffffff, 0xb3e5fc, 0x8e24aa, 0xd32f2f, 0xd32f2f, 0xba68c8, 0xb3e5fc, 0xb3e5fc, 0xb3e5fc, 0xba68c8, 0xd32f2f, 0x4a148c, 0x607d8b, 0x536dfe, 0x2196f3, 0x000000, 0x000000, 0x000000, 0x01579b, 0x01579b, 0x0091ea, 0x000000, 0x000000, 0x000000, 0x000000, 0x000000, 
  0x000000, 0x000000, 0x2196f3, 0x5c6bc0, 0x5c6bc0, 0x4a148c, 0xbbdefb, 0xb3e5fc, 0x651fff, 0xd32f2f, 0xd32f2f, 0xd32f2f, 0xba68c8, 0xba68c8, 0xd32f2f, 0xd32f2f, 0x4a148c, 0x607d8b, 0x607d8b, 0x90caf9, 0x000000, 0x000000, 0x000000, 0x000000, 0x000000, 0x000000, 0x000000, 0x000000, 0x000000, 0x000000, 0x000000, 0x000000, 
  0x000000, 0x000000, 0x000000, 0x2196f3, 0x283593, 0x607d8b, 0xb3e5fc, 0x4a148c, 0x4a148c, 0xb71c1c, 0xb71c1c, 0xb71c1c, 0xb71c1c, 0xd32f2f, 0x8e24aa, 0xb71c1c, 0x607d8b, 0x536dfe, 0x283593, 0x2196f3, 0x000000, 0x000000, 0x000000, 0x000000, 0x000000, 0x000000, 0x000000, 0x000000, 0x00b0ff, 0xb2ebf2, 0x000000, 0x000000, 
  0x000000, 0x000000, 0x000000, 0x000000, 0x90caf9, 0x283593, 0x283593, 0x5c6bc0, 0x5c6bc0, 0x4a148c, 0x4a148c, 0x4a148c, 0x8e24aa, 0x8e24aa, 0x4a148c, 0x5c6bc0, 0x283593, 0x283593, 0x2196f3, 0x000000, 0x000000, 0x000000, 0x000000, 0x000000, 0x000000, 0x000000, 0x000000, 0x000000, 0x01579b, 0x80deea, 0x000000, 0x000000, 
  0x000000, 0x000000, 0x000000, 0x000000, 0x000000, 0x2196f3, 0x2196f3, 0x2196f3, 0x2196f3, 0x2196f3, 0x2196f3, 0x2196f3, 0x2196f3, 0x2196f3, 0x2196f3, 0x90caf9, 0x2196f3, 0x2196f3, 0x000000, 0x000000, 0x000000, 0x000000, 0x000000, 0x000000, 0x000000, 0x000000, 0x000000, 0x000000, 0x000000, 0x000000, 0x000000, 0x000000, 
  0x000000, 0x000000, 0x000000, 0x000000, 0x000000, 0x000000, 0x000000, 0x000000, 0x000000, 0x000000, 0x000000, 0x000000, 0x000000, 0x000000, 0x000000, 0x000000, 0x000000, 0x000000, 0x000000, 0x000000, 0x000000, 0x000000, 0x000000, 0x000000, 0x000000, 0x000000, 0x000000, 0x000000, 0x000000, 0x000000, 0x000000, 0x000000
};

//Radical Racoons
#define RADICAL_RACOONS_HEIGHT 16
#define RADICAL_RACOONS_WIDTH 32

// array size is 1536
static const int32_t RADICAL_RACOONS[] PROGMEM  = {
  0x000000, 0x000000, 0x000000, 0x000000, 0x3a7217, 0x3a7217, 0x3a7217, 0x3a7217, 0x3a7217, 0x3a7217, 0x3a7217, 0x3a7217, 0x3a7217, 0x3a7217, 0x3a7217, 0x3a7217, 0x3a7217, 0x3a7217, 0x3a7217, 0x3a7217, 0x3a7217, 0x3a7217, 0x3a7217, 0x3a7217, 0x3a7217, 0x3a7217, 0x3a7217, 0x3a7217, 0x000000, 0x000000, 0x000000, 0x000000, 
  0x000000, 0x000000, 0x000000, 0x000000, 0x3a7217, 0x3a7217, 0x3a7217, 0x3a7217, 0x3a7217, 0x3a7217, 0x3a7217, 0x3a7217, 0x3a7217, 0x3a7217, 0x3a7217, 0x3a7217, 0x3a7217, 0x3a7217, 0x3a7217, 0x3a7217, 0x3a7217, 0x3a7217, 0x3a7217, 0x3a7217, 0x3a7217, 0x3a7217, 0x3a7217, 0x3a7217, 0x000000, 0x000000, 0x000000, 0x000000, 
  0x000000, 0x000000, 0x000000, 0x000000, 0x3a7217, 0x3a7217, 0x000000, 0x000000, 0x000000, 0x000000, 0x000000, 0x000000, 0x000000, 0x000000, 0x000000, 0x000000, 0x000000, 0x000000, 0x000000, 0x000000, 0x000000, 0x000000, 0x000000, 0x000000, 0x000000, 0x000000, 0x000000, 0x000000, 0x000000, 0x000000, 0x000000, 0x000000, 
  0x000000, 0x000000, 0x000000, 0x000000, 0x3a7217, 0x3a7217, 0x000000, 0x000000, 0x3b3330, 0x3b3330, 0x3b3330, 0x3b3330, 0x000000, 0x000000, 0x000000, 0x000000, 0x000000, 0x000000, 0x000000, 0x000000, 0x3b3330, 0x3b3330, 0x3b3330, 0x3b3330, 0x000000, 0x000000, 0x000000, 0x000000, 0x000000, 0x000000, 0x000000, 0x000000, 
  0x000000, 0x000000, 0x000000, 0x000000, 0x3a7217, 0x3a7217, 0x000000, 0x000000, 0x3b3330, 0x3a7217, 0x3a7217, 0x3a7217, 0x3b3330, 0x000000, 0x000000, 0x000000, 0x000000, 0x000000, 0x000000, 0x3b3330, 0x3a7217, 0x3a7217, 0x3a7217, 0x3b3330, 0x000000, 0x000000, 0x000000, 0x000000, 0x000000, 0x000000, 0x000000, 0x000000, 
  0x000000, 0x000000, 0x000000, 0x000000, 0x3a7217, 0x3a7217, 0x000000, 0x000000, 0x3b3330, 0x3a7217, 0x3a7217, 0x3a7217, 0x3b3330, 0x5e5755, 0x5e5755, 0x5e5755, 0x5e5755, 0x5e5755, 0x5e5755, 0x3b3330, 0x3a7217, 0x3a7217, 0x3a7217, 0x3b3330, 0x000000, 0x000000, 0x000000, 0x000000, 0x000000, 0x000000, 0x000000, 0x000000, 
  0x000000, 0x000000, 0x000000, 0x000000, 0x3a7217, 0x3a7217, 0x000000, 0x000000, 0x3b3330, 0x3a7217, 0x3a7217, 0x5e5755, 0x5e5755, 0x5e5755, 0x5e5755, 0x5e5755, 0x5e5755, 0x5e5755, 0x5e5755, 0x5e5755, 0x5e5755, 0x3a7217, 0x3a7217, 0x3b3330, 0x000000, 0x000000, 0x000000, 0x000000, 0x000000, 0x000000, 0x000000, 0x000000, 
  0x000000, 0x000000, 0x000000, 0x000000, 0x3a7217, 0x3a7217, 0x000000, 0x000000, 0x000000, 0x3b3330, 0x5e5755, 0xffffff, 0xffffff, 0xffffff, 0x5e5755, 0x5e5755, 0x5e5755, 0x5e5755, 0xffffff, 0xffffff, 0xffffff, 0x5e5755, 0x3b3330, 0x000000, 0x000000, 0x000000, 0x000000, 0x000000, 0x000000, 0x000000, 0x000000, 0x000000, 
  0x000000, 0x000000, 0x000000, 0x3a7217, 0x3a7217, 0x000000, 0x000000, 0x000000, 0xffffff, 0xffffff, 0xffffff, 0x3b3330, 0x3b3330, 0x3b3330, 0xffffff, 0x5e5755, 0x5e5755, 0xffffff, 0x3b3330, 0x3b3330, 0x3b3330, 0xffffff, 0xffffff, 0xffffff, 0x000000, 0x000000, 0x000000, 0x000000, 0x000000, 0x000000, 0x000000, 0x000000, 
  0x3a7217, 0x3a7217, 0x000000, 0x3a7217, 0x3a7217, 0x000000, 0x000000, 0x000000, 0xffffff, 0xffffff, 0x3b3330, 0x3b3330, 0x3a7217, 0x3a7217, 0x3b3330, 0x5e5755, 0x5e5755, 0x3b3330, 0x3a7217, 0x3a7217, 0x3b3330, 0x3b3330, 0xffffff, 0xffffff, 0x000000, 0x000000, 0x000000, 0x000000, 0x000000, 0x000000, 0x000000, 0x000000, 
  0x3a7217, 0x3a7217, 0x000000, 0x3a7217, 0x3a7217, 0x000000, 0x000000, 0x000000, 0x3b3330, 0xffffff, 0x3b3330, 0x3a7217, 0x000000, 0xffffff, 0x3b3330, 0x5e5755, 0x5e5755, 0x3b3330, 0x000000, 0xffffff, 0x3a7217, 0x3b3330, 0xffffff, 0x3b3330, 0x000000, 0x000000, 0x000000, 0x000000, 0x000000, 0x000000, 0x000000, 0x000000, 
  0x000000, 0x3a7217, 0x3a7217, 0x3a7217, 0x3a7217, 0x000000, 0x000000, 0x000000, 0x3b3330, 0x3b3330, 0x3b3330, 0x3a7217, 0x000000, 0x000000, 0x3b3330, 0x5e5755, 0x5e5755, 0x3b3330, 0x000000, 0x000000, 0x3a7217, 0x3b3330, 0x3b3330, 0x3b3330, 0x000000, 0x000000, 0x000000, 0x000000, 0x000000, 0x000000, 0x000000, 0x000000, 
  0x000000, 0x3a7217, 0x3a7217, 0x3a7217, 0x3a7217, 0x000000, 0x000000, 0x000000, 0x000000, 0x3b3330, 0x3b3330, 0x3b3330, 0x3b3330, 0x3b3330, 0x5e5755, 0x5e5755, 0x5e5755, 0x5e5755, 0x3b3330, 0x3b3330, 0x3b3330, 0x3b3330, 0x3b3330, 0x000000, 0x000000, 0x000000, 0x000000, 0x000000, 0x000000, 0x000000, 0x000000, 0x000000, 
  0x000000, 0x000000, 0x3a7217, 0x3a7217, 0x3a7217, 0x000000, 0x000000, 0x000000, 0x3b3330, 0x3b3330, 0x3b3330, 0x3b3330, 0x5e5755, 0x5e5755, 0x5e5755, 0x000000, 0x000000, 0x5e5755, 0x5e5755, 0x5e5755, 0x3b3330, 0x3b3330, 0x3b3330, 0x3b3330, 0x000000, 0x000000, 0x000000, 0x000000, 0x000000, 0x000000, 0x000000, 0x000000, 
  0x000000, 0x000000, 0x3a7217, 0x3a7217, 0x3a7217, 0x000000, 0x000000, 0x000000, 0x000000, 0x000000, 0x000000, 0x000000, 0x000000, 0x5e5755, 0x5e5755, 0x5e5755, 0x5e5755, 0x5e5755, 0x5e5755, 0x000000, 0x000000, 0x000000, 0x000000, 0x000000, 0x000000, 0x000000, 0x000000, 0x000000, 0x000000, 0x000000, 0x000000, 0x000000, 
  0x000000, 0x000000, 0x3a7217, 0x3a7217, 0x3a7217, 0x000000, 0x000000, 0x000000, 0x000000, 0x000000, 0x000000, 0x000000, 0x000000, 0x000000, 0x000000, 0x000000, 0x000000, 0x000000, 0x000000, 0x000000, 0x000000, 0x000000, 0x000000, 0x000000, 0x000000, 0x000000, 0x000000, 0x000000, 0x000000, 0x000000, 0x000000, 0x000000
};

//Nerd Herd
#define NERD_HERD_HEIGHT 16
#define NERD_HERD_WIDTH 32

// array size is 1536
static const int32_t NERD_HERD[] PROGMEM  = {
  0x000000, 0x000000, 0x000000, 0x000000, 0x000000, 0x000000, 0x000000, 0x000000, 0x000000, 0x000000, 0x000000, 0x000000, 0x000000, 0x000000, 0x000000, 0x000000, 0x000000, 0x000000, 0x000000, 0x000000, 0x000000, 0x000000, 0x000000, 0x000000, 0x000000, 0x000000, 0x000000, 0x000000, 0x000000, 0x000000, 0x000000, 0x000000, 
  0x2f3699, 0x000000, 0x000000, 0x2f3699, 0x000000, 0x000000, 0x000000, 0x000000, 0x000000, 0x000000, 0x000000, 0x000000, 0x000000, 0x000000, 0x000000, 0x000000, 0x000000, 0x000000, 0x000000, 0x000000, 0x000000, 0x000000, 0x000000, 0x000000, 0x000000, 0x4d6df2, 0x4d6df2, 0x000000, 0x000000, 0x3c54ca, 0x4d6df2, 0x4d6df2, 
  0x2f3699, 0x000000, 0x000000, 0x2f3699, 0x000000, 0x000000, 0x000000, 0x000000, 0x2f3699, 0x000000, 0x000000, 0x000000, 0x000000, 0x000000, 0x000000, 0x000000, 0x000000, 0x000000, 0x000000, 0x000000, 0x000000, 0x000000, 0x000000, 0x3c54ca, 0x4d6df2, 0x4d6df2, 0x4d6df2, 0x4d6df2, 0x4d6df2, 0x4d6df2, 0x4d6df2, 0x4d6df2, 
  0x2f3699, 0x2f3699, 0x000000, 0x2f3699, 0x000000, 0x000000, 0x2f3699, 0x2f3699, 0x000325, 0x000000, 0x000000, 0x000000, 0x000000, 0x000000, 0x000000, 0x000000, 0x000000, 0x000000, 0x000000, 0x000000, 0x000000, 0x000000, 0x3c54ca, 0x4d6df2, 0x4d6df2, 0x4d6df2, 0x4d6df2, 0x3c54ca, 0x4d6df2, 0x4d6df2, 0x4d6df2, 0x4d6df2, 
  0x2f3699, 0x000325, 0x2f3699, 0x2f3699, 0x000000, 0x000000, 0x000325, 0x2f3699, 0x000000, 0x000000, 0x000000, 0x000000, 0x000000, 0x000000, 0x000000, 0x000000, 0x000000, 0x000000, 0x000000, 0x000000, 0x000000, 0x000000, 0x3c54ca, 0x3c54ca, 0x4d6df2, 0x4d6df2, 0x4d6df2, 0x3c54ca, 0x4d6df2, 0x4d6df2, 0x4d6df2, 0x4d6df2, 
  0x2f3699, 0x000000, 0x000325, 0x2f3699, 0x000000, 0x000000, 0x2f3699, 0x000325, 0x000000, 0x2f3699, 0x2f3699, 0x2f3699, 0x000000, 0x2f3699, 0x2f3699, 0x2f3699, 0x000000, 0x000000, 0x2f3699, 0x2f3699, 0x2f3699, 0x000000, 0x000325, 0x000325, 0x3c54ca, 0x3c54ca, 0x3c54ca, 0x000325, 0x3c54ca, 0x4d6df2, 0x4d6df2, 0x4d6df2, 
  0x2f3699, 0x000000, 0x000000, 0x2f3699, 0x000000, 0x2f3699, 0x2f3699, 0x000000, 0x000000, 0x2f3699, 0x000325, 0x000325, 0x000000, 0x2f3699, 0x000325, 0x000325, 0x2f3699, 0x000000, 0x2f3699, 0x000325, 0x000325, 0x2f3699, 0x000000, 0x000000, 0x000325, 0x000325, 0x000325, 0x000000, 0x4d6df2, 0x4d6df2, 0x4d6df2, 0x4d6df2, 
  0x000325, 0x000000, 0x000000, 0x000325, 0x000000, 0x000325, 0x2f3699, 0x000000, 0x000000, 0x2f3699, 0x000000, 0x000000, 0x000000, 0x2f3699, 0x000000, 0x000000, 0x2f3699, 0x000000, 0x2f3699, 0x000000, 0x000000, 0x2f3699, 0x000000, 0x000000, 0x2f3699, 0x000325, 0x000000, 0x000000, 0x4d6df2, 0x4d6df2, 0x4d6df2, 0x4d6df2, 
  0x000000, 0x000000, 0x000000, 0x000000, 0x000000, 0x000000, 0x2f3699, 0x000000, 0x000000, 0x2f3699, 0x2f3699, 0x2f3699, 0x000000, 0x2f3699, 0x2f3699, 0x2f3699, 0x000325, 0x000000, 0x2f3699, 0x000000, 0x000000, 0x2f3699, 0x000000, 0x000000, 0x2f3699, 0x000325, 0x000000, 0x000000, 0x3c54ca, 0x4d6df2, 0x4d6df2, 0x4d6df2, 
  0x2f3699, 0x000000, 0x000000, 0x2f3699, 0x000000, 0x2f3699, 0x2f3699, 0x000000, 0x000000, 0x2f3699, 0x000325, 0x000325, 0x000000, 0x2f3699, 0x000325, 0x000325, 0x2f3699, 0x000000, 0x2f3699, 0x000000, 0x000000, 0x2f3699, 0x000000, 0x000000, 0x2f3699, 0x2f3699, 0x000000, 0x000000, 0x3c54ca, 0x4d6df2, 0x4d6df2, 0x4d6df2, 
  0x2f3699, 0x000000, 0x000000, 0x2f3699, 0x000000, 0x000325, 0x2f3699, 0x000000, 0x000000, 0x2f3699, 0x2f3699, 0x2f3699, 0x000000, 0x2f3699, 0x000000, 0x000000, 0x2f3699, 0x000000, 0x2f3699, 0x2f3699, 0x2f3699, 0x000325, 0x000000, 0x000000, 0x2f3699, 0x000325, 0x000000, 0x000000, 0x000325, 0x3c54ca, 0x4d6df2, 0x4d6df2, 
  0x2f3699, 0x2f3699, 0x2f3699, 0x2f3699, 0x000000, 0x000000, 0x000325, 0x2f3699, 0x000000, 0x000325, 0x000325, 0x000325, 0x000000, 0x000325, 0x000000, 0x000000, 0x000325, 0x000000, 0x000325, 0x000325, 0x000325, 0x000000, 0x000000, 0x2f3699, 0x000325, 0x000000, 0x000000, 0x000000, 0x000000, 0x4d6df2, 0x4d6df2, 0x4d6df2, 
  0x2f3699, 0x000325, 0x000325, 0x2f3699, 0x000000, 0x000000, 0x2f3699, 0x2f3699, 0x000000, 0x000000, 0x000000, 0x000000, 0x000000, 0x000000, 0x000000, 0x000000, 0x000000, 0x000000, 0x000000, 0x000000, 0x000000, 0x000000, 0x000000, 0x2f3699, 0x2f3699, 0x000000, 0x000000, 0x000000, 0x000000, 0x3c54ca, 0x4d6df2, 0x4d6df2, 
  0x2f3699, 0x000000, 0x000000, 0x2f3699, 0x000000, 0x000000, 0x000325, 0x000325, 0x2f3699, 0x000000, 0x000000, 0x000000, 0x000000, 0x000000, 0x000000, 0x000000, 0x000000, 0x000000, 0x000000, 0x000000, 0x000000, 0x000000, 0x2f3699, 0x000325, 0x000325, 0x000000, 0x000000, 0x000000, 0x000000, 0x000325, 0x3c54ca, 0x4d6df2, 
  0x2f3699, 0x000000, 0x000000, 0x2f3699, 0x000000, 0x000000, 0x000000, 0x000000, 0x000325, 0x000000, 0x000000, 0x000000, 0x000000, 0x000000, 0x000000, 0x000000, 0x000000, 0x000000, 0x000000, 0x000000, 0x000000, 0x000000, 0x000325, 0x000000, 0x000000, 0x000000, 0x000000, 0x000000, 0x000000, 0x000000, 0x3c54ca, 0x3c54ca, 
  0x000325, 0x000000, 0x000000, 0x000325, 0x000000, 0x000000, 0x000000, 0x000000, 0x000000, 0x000000, 0x000000, 0x000000, 0x000000, 0x000000, 0x000000, 0x000000, 0x000000, 0x000000, 0x000000, 0x000000, 0x000000, 0x000000, 0x000000, 0x000000, 0x000000, 0x000000, 0x000000, 0x000000, 0x000000, 0x000000, 0x000325, 0x000325
};

//SOTAbots
#define SOTABOTS_HEIGHT 16
#define SOTABOTS_WIDTH 32

// array size is 1536
static const int32_t SOTABOTS[] PROGMEM  = {
  0x000000, 0x000000, 0x000000, 0x000000, 0xccfe00, 0x000000, 0xccfe00, 0x000000, 0xccfe00, 0x000000, 0x000000, 0x000000, 0x000000, 0x000000, 0x000000, 0xccfe00, 0x000000, 0xccfe00, 0x000000, 0xccfe00, 0x000000, 0x000000, 0x000000, 0x000000, 0x000000, 0x000000, 0x000000, 0x000000, 0x000000, 0x000000, 0x000000, 0x000000, 
  0x000000, 0x000000, 0x000000, 0xccfe00, 0x000000, 0xccfe00, 0xccfe00, 0xccfe00, 0x000000, 0xccfe00, 0x000000, 0x000000, 0x000000, 0x000000, 0xccfe00, 0x000000, 0xccfe00, 0xccfe00, 0xccfe00, 0x000000, 0xccfe00, 0x000000, 0x000000, 0x000000, 0x000000, 0x000000, 0x000000, 0x000000, 0x000000, 0x000000, 0x000000, 0x000000, 
  0x000000, 0x000000, 0xccfe00, 0x000000, 0xccfe00, 0x000000, 0x000000, 0x000000, 0xccfe00, 0x000000, 0xccfe00, 0x000000, 0x000000, 0xccfe00, 0x000000, 0xccfe00, 0x607d8b, 0x000000, 0x000000, 0x607d8b, 0x000000, 0xccfe00, 0x000000, 0xccfe00, 0xccfe00, 0xccfe00, 0xccfe00, 0x000000, 0xccfe00, 0xccfe00, 0xccfe00, 0xccfe00, 
  0x000000, 0x000000, 0x000000, 0xccfe00, 0x000000, 0x000000, 0x000000, 0xccfe00, 0xccfe00, 0xccfe00, 0x000000, 0x000000, 0x000000, 0x000000, 0xccfe00, 0x000000, 0x000000, 0x000000, 0x000000, 0x607d8b, 0xccfe00, 0x000000, 0x000000, 0x000000, 0x000000, 0x000000, 0xccfe00, 0x000000, 0xccfe00, 0x000000, 0x000000, 0x000000, 
  0x000000, 0x000000, 0xccfe00, 0xccfe00, 0x000000, 0x000000, 0x607d8b, 0xccfe00, 0x000000, 0xccfe00, 0xccfe00, 0x000000, 0x000000, 0xccfe00, 0xccfe00, 0x000000, 0x607d8b, 0x000000, 0x607d8b, 0x607d8b, 0xccfe00, 0xccfe00, 0x000000, 0x000000, 0xccfe00, 0xccfe00, 0xccfe00, 0x000000, 0xccfe00, 0xccfe00, 0xccfe00, 0x000000, 
  0x000000, 0x000000, 0x000000, 0xccfe00, 0x000000, 0x000000, 0xccfe00, 0x607d8b, 0xccfe00, 0xccfe00, 0x000000, 0x000000, 0x000000, 0x000000, 0xccfe00, 0x000000, 0x607d8b, 0x607d8b, 0x000000, 0x607d8b, 0xccfe00, 0x000000, 0x000000, 0xccfe00, 0xccfe00, 0x000000, 0x000000, 0x000000, 0x000000, 0x000000, 0xccfe00, 0xccfe00, 
  0x000000, 0x000000, 0xccfe00, 0x000000, 0xccfe00, 0x000000, 0xccfe00, 0x000000, 0xccfe00, 0x000000, 0xccfe00, 0x000000, 0x000000, 0xccfe00, 0x000000, 0xccfe00, 0x607d8b, 0x000000, 0x607d8b, 0xccfe00, 0xccfe00, 0xccfe00, 0x000000, 0xccfe00, 0xccfe00, 0xccfe00, 0xccfe00, 0x000000, 0xccfe00, 0xccfe00, 0xccfe00, 0xccfe00, 
  0x000000, 0x000000, 0x000000, 0xccfe00, 0x000000, 0xccfe00, 0xccfe00, 0xccfe00, 0x000000, 0xccfe00, 0x000000, 0x000000, 0x607d8b, 0x000000, 0xccfe00, 0x000000, 0xccfe00, 0xccfe00, 0xccfe00, 0x000000, 0xccfe00, 0x000000, 0x000000, 0x000000, 0x000000, 0x000000, 0x000000, 0x000000, 0x000000, 0x000000, 0x000000, 0x000000, 
  0x000000, 0x000000, 0x000000, 0x000000, 0xccfe00, 0x000000, 0xccfe00, 0x000000, 0xccfe00, 0x000000, 0x000000, 0x607d8b, 0x000000, 0x607d8b, 0x607d8b, 0xccfe00, 0x000000, 0xccfe00, 0x000000, 0xccfe00, 0x000000, 0x000000, 0x000000, 0xccfe00, 0xccfe00, 0xccfe00, 0xccfe00, 0x000000, 0xccfe00, 0xccfe00, 0xccfe00, 0xccfe00, 
  0x000000, 0x000000, 0x000000, 0x000000, 0x000000, 0x000000, 0x000000, 0x000000, 0x000000, 0x000000, 0x607d8b, 0x000000, 0x607d8b, 0x000000, 0x000000, 0x000000, 0x607d8b, 0x000000, 0x607d8b, 0x000000, 0x000000, 0x000000, 0x000000, 0xccfe00, 0x000000, 0x000000, 0x000000, 0x000000, 0x000000, 0x000000, 0x000000, 0xccfe00, 
  0x000000, 0x000000, 0x000000, 0x000000, 0x000000, 0x000000, 0x000000, 0x000000, 0x000000, 0x000000, 0x000000, 0x607d8b, 0x000000, 0x000000, 0xccfe00, 0xccfe00, 0xccfe00, 0x607d8b, 0x000000, 0x000000, 0x000000, 0x000000, 0x000000, 0xccfe00, 0xccfe00, 0xccfe00, 0x000000, 0x000000, 0x000000, 0x000000, 0x000000, 0xccfe00, 
  0x000000, 0x000000, 0x000000, 0x000000, 0x000000, 0x000000, 0x000000, 0x000000, 0x000000, 0x000000, 0x607d8b, 0x607d8b, 0x000000, 0xccfe00, 0xccfe00, 0x000000, 0xccfe00, 0x607d8b, 0x607d8b, 0x000000, 0x000000, 0x000000, 0x000000, 0x000000, 0x000000, 0xccfe00, 0xccfe00, 0x000000, 0x000000, 0x000000, 0xccfe00, 0x000000, 
  0x000000, 0x000000, 0x000000, 0x000000, 0x000000, 0x000000, 0x000000, 0x000000, 0x000000, 0x000000, 0x000000, 0x607d8b, 0xccfe00, 0xccfe00, 0x000000, 0xccfe00, 0xccfe00, 0x607d8b, 0x000000, 0x000000, 0x000000, 0x000000, 0x000000, 0xccfe00, 0xccfe00, 0xccfe00, 0xccfe00, 0x000000, 0x000000, 0x000000, 0xccfe00, 0x000000, 
  0x000000, 0x000000, 0x000000, 0x000000, 0x000000, 0x000000, 0x000000, 0x000000, 0x000000, 0x000000, 0x607d8b, 0x000000, 0x607d8b, 0xccfe00, 0x000000, 0xccfe00, 0x607d8b, 0x000000, 0x607d8b, 0x000000, 0x000000, 0x000000, 0x000000, 0x000000, 0x000000, 0x000000, 0x000000, 0x000000, 0x000000, 0x000000, 0x000000, 0x000000, 
  0x000000, 0x000000, 0x000000, 0x000000, 0x000000, 0x000000, 0x000000, 0x000000, 0x000000, 0x000000, 0x000000, 0x607d8b, 0x000000, 0x607d8b, 0x607d8b, 0x607d8b, 0x000000, 0x607d8b, 0x000000, 0x000000, 0x000000, 0x000000, 0x000000, 0x000000, 0x000000, 0x000000, 0x000000, 0x000000, 0x000000, 0x000000, 0x000000, 0x000000, 
  0x000000, 0x000000, 0x000000, 0x000000, 0x000000, 0x000000, 0x000000, 0x000000, 0x000000, 0x000000, 0x000000, 0x000000, 0x607d8b, 0x000000, 0x607d8b, 0x000000, 0x607d8b, 0x000000, 0x000000, 0x000000, 0x000000, 0x000000, 0x000000, 0x000000, 0x000000, 0x000000, 0x000000, 0x000000, 0x000000, 0x000000, 0x000000, 0x000000
};

//Skyview StormBots
#define STORM_BOTS_HEIGHT 16
#define STORM_BOTS_WIDTH 32

// array size is 1536
static const int32_t STORM_BOTS[] PROGMEM  = {
  0x000000, 0x000000, 0x000000, 0x000000, 0x000000, 0x000000, 0x000000, 0x000000, 0x000000, 0x000000, 0x000000, 0x000000, 0x000000, 0x000000, 0x000000, 0x000000, 0x000000, 0x020201, 0x060503, 0x221e11, 0x39321d, 0x3b341e, 0x010101, 0x000000, 0x000000, 0x000000, 0x000000, 0x000000, 0x000000, 0x000000, 0x000000, 0x000000, 
  0x000000, 0x000000, 0x000000, 0x000000, 0x000000, 0x000000, 0x000000, 0x000000, 0x000000, 0x000000, 0x000000, 0x000000, 0x000000, 0x000000, 0x000000, 0x000000, 0x0d0c07, 0xd0b868, 0xf7db7c, 0xf9dd7d, 0xfcdf7e, 0xc8b164, 0x080704, 0x000000, 0x000000, 0x000000, 0x000000, 0x000000, 0x000000, 0x000000, 0x000000, 0x000000, 
  0x000000, 0x000000, 0x000000, 0x000000, 0x000000, 0x000000, 0x000000, 0x000000, 0x000000, 0x000000, 0x000000, 0x000105, 0x01030c, 0x000103, 0x000001, 0x010102, 0x7b6d3f, 0x75673d, 0xc7b167, 0xf0d680, 0xd7bf70, 0x030304, 0x000000, 0x000000, 0x000000, 0x000000, 0x000000, 0x000000, 0x000000, 0x000000, 0x000000, 0x000000, 
  0x000000, 0x000000, 0x000000, 0x000000, 0x000000, 0x000000, 0x000000, 0x000000, 0x000000, 0x000002, 0x01030d, 0x050c35, 0x0a196e, 0x0d1f8d, 0x0d208e, 0x2239bf, 0x1d36ca, 0x2039d0, 0x3045cc, 0x3045c9, 0x070f43, 0x01020a, 0x000002, 0x000000, 0x000000, 0x000000, 0x000000, 0x000000, 0x000000, 0x000000, 0x000000, 0x000000, 
  0x000000, 0x000000, 0x000000, 0x000000, 0x000000, 0x000000, 0x000000, 0x000000, 0x000000, 0x01030c, 0x060f43, 0x0d2194, 0x112abb, 0x1027af, 0x28389f, 0x706f89, 0xc9b681, 0xe0ca88, 0x848089, 0x132fd3, 0x0f24a2, 0x020413, 0x000103, 0x000000, 0x000000, 0x000000, 0x000000, 0x000000, 0x000000, 0x000000, 0x000000, 0x000000, 
  0x000000, 0x000000, 0x000000, 0x000000, 0x000000, 0x000000, 0x000000, 0x000000, 0x000000, 0x02061c, 0x0b1d80, 0x1029b8, 0x0d2193, 0x242530, 0xc9b369, 0xe5cc76, 0xecd383, 0x887a55, 0x030822, 0x091662, 0x050d3c, 0x01020a, 0x000002, 0x000000, 0x000000, 0x000000, 0x000000, 0x000000, 0x000000, 0x000000, 0x000000, 0x000000, 
  0x000000, 0x000000, 0x000000, 0x000000, 0x000000, 0x000000, 0x000000, 0x000000, 0x000000, 0x030823, 0x0d2194, 0x122cc5, 0x1127a5, 0x8c826b, 0xd5bd75, 0xebd284, 0x4f4f64, 0x0c1864, 0x0c1654, 0x030927, 0x020413, 0x01020a, 0x000103, 0x000000, 0x000000, 0x000000, 0x000000, 0x000000, 0x000000, 0x000000, 0x000000, 0x000000, 
  0x000000, 0x000000, 0x000000, 0x000000, 0x000000, 0x000000, 0x000000, 0x000000, 0x000000, 0x020517, 0x0a1a74, 0x112bc1, 0x1732d1, 0x1531d1, 0x1b36d3, 0x1c36d1, 0x1a35d1, 0x1a35d3, 0x1b36d3, 0x273cbe, 0x0f1959, 0x030822, 0x010208, 0x000000, 0x000000, 0x000000, 0x000000, 0x000000, 0x000000, 0x000000, 0x000000, 0x000000, 
  0x000000, 0x000000, 0x000000, 0x000000, 0x000000, 0x000000, 0x000000, 0x000000, 0x000000, 0x000000, 0x01030c, 0x2e3155, 0x4551ac, 0x283ec3, 0x253cc8, 0x293fcb, 0x263fcf, 0x223bd1, 0x1a34d4, 0x1531d5, 0x112bc2, 0x0b1c7f, 0x020411, 0x000000, 0x000000, 0x000000, 0x000000, 0x000000, 0x000000, 0x000000, 0x000000, 0x000000, 
  0x000000, 0x000000, 0x000000, 0x000000, 0x000000, 0x000000, 0x000000, 0x000000, 0x000000, 0x000000, 0x000103, 0x02030b, 0x242222, 0x272425, 0xd3bd76, 0xe5cc7e, 0xd3be80, 0xa29578, 0x121d68, 0x1029b8, 0x132fd5, 0x1028b5, 0x01030d, 0x000000, 0x000000, 0x000000, 0x000000, 0x000000, 0x000000, 0x000000, 0x000000, 0x000000, 
  0x000000, 0x000000, 0x000000, 0x000000, 0x000000, 0x000000, 0x000000, 0x000000, 0x000000, 0x03071e, 0x112bbf, 0x061046, 0x26262c, 0xd4c083, 0xcfbc86, 0xcfbb83, 0x5b5650, 0x061046, 0x0e24a1, 0x122ecd, 0x132fd3, 0x0e24a3, 0x01020a, 0x000000, 0x000000, 0x000000, 0x000000, 0x000000, 0x000000, 0x000000, 0x000000, 0x000000, 
  0x000000, 0x000000, 0x000000, 0x000000, 0x000000, 0x000000, 0x000000, 0x000000, 0x000000, 0x06104a, 0x1330d7, 0x132fd7, 0x1532d6, 0x1732d6, 0x1531d7, 0x132fd4, 0x1330d6, 0x1330d6, 0x132fd5, 0x132fd5, 0x0e229b, 0x050c34, 0x000105, 0x000000, 0x000000, 0x000000, 0x000000, 0x000000, 0x000000, 0x000000, 0x000000, 0x000000, 
  0x000000, 0x000000, 0x000000, 0x000000, 0x000000, 0x000000, 0x000000, 0x000000, 0x000000, 0x010206, 0x2c346d, 0x3b4fc8, 0x676eb5, 0x575ea0, 0x0c1d85, 0x0c1e8a, 0x0d2094, 0x0d1f8d, 0x0b1c81, 0x09155f, 0x050d3a, 0x01030f, 0x000102, 0x000000, 0x000000, 0x000000, 0x000000, 0x000000, 0x000000, 0x000000, 0x000000, 0x000000, 
  0x000000, 0x000000, 0x000000, 0x000000, 0x000000, 0x000000, 0x000000, 0x000000, 0x000000, 0x221e13, 0xf5db7e, 0xf1d67d, 0x71653e, 0x000002, 0x000000, 0x000000, 0x000000, 0x000000, 0x000000, 0x000001, 0x000105, 0x000102, 0x000000, 0x000000, 0x000000, 0x000000, 0x000000, 0x000000, 0x000000, 0x000000, 0x000000, 0x000000, 
  0x000000, 0x000000, 0x000000, 0x000000, 0x000000, 0x000000, 0x000000, 0x000000, 0x000000, 0x594f2d, 0xe9ce77, 0x4f462a, 0x000001, 0x000001, 0x000000, 0x000000, 0x000000, 0x000000, 0x000001, 0x000001, 0x000000, 0x000000, 0x000000, 0x000000, 0x000000, 0x000000, 0x000000, 0x000000, 0x000000, 0x000000, 0x000000, 0x000000, 
  0x000000, 0x000000, 0x000000, 0x000000, 0x000000, 0x000000, 0x000000, 0x000000, 0x000000, 0x090805, 0x1a170d, 0x000000, 0x000000, 0x000000, 0x000000, 0x000000, 0x000000, 0x000000, 0x000000, 0x000000, 0x000000, 0x000000, 0x000000, 0x000000, 0x000000, 0x000000, 0x000000, 0x000000, 0x000000, 0x000000, 0x000000, 0x000000
};

//Skyview Storm Breakers

#define STORM_BREAKERS_HEIGHT 16
#define STORM_BREAKERS_WIDTH 32

// array size is 1536
static const int32_t STORM_BREAKERS[] PROGMEM  = {
  0x000000, 0x000000, 0x000000, 0x000000, 0x000000, 0x000000, 0x000000, 0x000000, 0x000000, 0x000000, 0x000000, 0x0e0f11, 0x1e2126, 0x131518, 0x040405, 0x000000, 0x000000, 0x000000, 0x000000, 0x000000, 0x000000, 0x000000, 0x000000, 0x000000, 0x000000, 0x000000, 0x000000, 0x000000, 0x000000, 0x000000, 0x000000, 0x000000, 
  0x000000, 0x000000, 0x000000, 0x000000, 0x000000, 0x000000, 0x000000, 0x000000, 0x000000, 0x000000, 0x040405, 0x32353e, 0x636b7d, 0x505765, 0x1c1e22, 0x030304, 0x000000, 0x000000, 0x000000, 0x000000, 0x000000, 0x000000, 0x000000, 0x000000, 0x000000, 0x000000, 0x000000, 0x000000, 0x000000, 0x000000, 0x000000, 0x000000, 
  0x000000, 0x000000, 0x000000, 0x000000, 0x000000, 0x000000, 0x000000, 0x000000, 0x030202, 0x0d0808, 0x201416, 0x5e5c6d, 0x909cbf, 0x8d9ab9, 0x4c5363, 0x111318, 0x010103, 0x000102, 0x000103, 0x010309, 0x000205, 0x000102, 0x000000, 0x000000, 0x000000, 0x000000, 0x000000, 0x000000, 0x000000, 0x000000, 0x000000, 0x000000, 
  0x000000, 0x000000, 0x000000, 0x000000, 0x010101, 0x040404, 0x111214, 0x2c2e32, 0x3c3e45, 0x463e43, 0x4e3337, 0x625176, 0x1849d9, 0x1749dc, 0x1947d3, 0x1041d3, 0x1042d8, 0x0f42d7, 0x0e3cc3, 0x0d38b8, 0x051443, 0x01030a, 0x000102, 0x000000, 0x000000, 0x000000, 0x000000, 0x000000, 0x000000, 0x000000, 0x000000, 0x000000, 
  0x000000, 0x000000, 0x000000, 0x010101, 0x0a0b0c, 0x303237, 0x6b707a, 0x9297a2, 0x989da9, 0x9194a9, 0x3250c4, 0x1243dc, 0x1745d7, 0x1545d6, 0x1341ca, 0x0e3093, 0x071a54, 0x04123c, 0x06174d, 0x0e39bd, 0x071b5a, 0x010614, 0x000103, 0x000000, 0x000000, 0x000000, 0x000000, 0x000000, 0x000000, 0x000000, 0x000000, 0x000000, 
  0x000000, 0x000000, 0x000000, 0x040404, 0x212326, 0x686d78, 0xaab1c2, 0xc4cbdd, 0xbec6d9, 0x879dd9, 0x1144dd, 0x5167c5, 0x825b62, 0x42262a, 0x150f14, 0x030406, 0x01040e, 0x010612, 0x030b23, 0x030d2b, 0x02091d, 0x01030a, 0x000102, 0x000000, 0x000000, 0x000000, 0x000000, 0x000000, 0x000000, 0x000000, 0x000000, 0x000000, 
  0x000000, 0x000000, 0x000000, 0x010202, 0x141517, 0x51555d, 0x9da4b4, 0xc2cbdf, 0xc5cee3, 0x587add, 0x1245dd, 0x7e86a1, 0x5b4850, 0x4e2b2c, 0x382021, 0x211c2a, 0x0b1948, 0x071f65, 0x061a54, 0x030c28, 0x010613, 0x01030a, 0x000103, 0x000000, 0x000000, 0x000000, 0x000000, 0x000000, 0x000000, 0x000000, 0x000000, 0x000000, 
  0x000000, 0x000000, 0x000000, 0x000000, 0x030303, 0x1e2023, 0x676c76, 0xacb3c4, 0xc5cee2, 0x9cadda, 0x1244dd, 0x1141d3, 0x0d2f97, 0x2c1819, 0x562f30, 0x4b2d2e, 0x143fc5, 0x0f41d7, 0x0f41d5, 0x0d38b8, 0x061c5b, 0x040d2b, 0x010309, 0x000000, 0x000000, 0x000000, 0x000000, 0x000000, 0x000000, 0x000000, 0x000000, 0x000000, 
  0x000000, 0x000000, 0x000000, 0x000000, 0x000000, 0x040505, 0x2d2f34, 0x7e8490, 0xadb6c7, 0xb0b9ca, 0x112561, 0x0a2c8f, 0x0b2d96, 0x0d2c8c, 0x27181b, 0x593134, 0x4c2e2f, 0x272d5d, 0x113ec9, 0x0f40d4, 0x1042d6, 0x0e3cc3, 0x020a20, 0x000000, 0x000000, 0x000000, 0x000000, 0x000000, 0x000000, 0x000000, 0x000000, 0x000000, 
  0x000000, 0x000000, 0x000000, 0x000000, 0x000000, 0x000000, 0x090a0b, 0x3d4046, 0x868d9b, 0x232429, 0x080f39, 0x09113b, 0x020308, 0x01030a, 0x06050b, 0x1d1117, 0x422935, 0x3e2c41, 0x2c232f, 0x12121b, 0x0b2b8c, 0x0a2883, 0x01040c, 0x000000, 0x000000, 0x000000, 0x000000, 0x000000, 0x000000, 0x000000, 0x000000, 0x000000, 
  0x000000, 0x000000, 0x000000, 0x000000, 0x000000, 0x000000, 0x010101, 0x101012, 0x26282c, 0x050713, 0x213cd9, 0x1d34bd, 0x0c1650, 0x101e6a, 0x122179, 0x17268c, 0x1f36bc, 0x2342e6, 0x30379f, 0x332a5a, 0x18319e, 0x061238, 0x000205, 0x000000, 0x000000, 0x000000, 0x000000, 0x000000, 0x000000, 0x000000, 0x000000, 0x000000, 
  0x000000, 0x000000, 0x000000, 0x000000, 0x000000, 0x000000, 0x000000, 0x010101, 0x070809, 0x000000, 0x162891, 0x213ddc, 0x1a32b3, 0x1138bb, 0x1c3ed7, 0x1c39c9, 0x1937bf, 0x1936b9, 0x233cbe, 0x503966, 0x4c2f3f, 0x191622, 0x030405, 0x000000, 0x000000, 0x000000, 0x000000, 0x000000, 0x000000, 0x000000, 0x000000, 0x000000, 
  0x000000, 0x000000, 0x000000, 0x000000, 0x000000, 0x000000, 0x000000, 0x000000, 0x010101, 0x020203, 0x010102, 0x010105, 0x01030b, 0x02091f, 0x020717, 0x000000, 0x000205, 0x01040f, 0x080404, 0x3f2324, 0x5d3437, 0x48292b, 0x261718, 0x030203, 0x000000, 0x000000, 0x000000, 0x000000, 0x000000, 0x000000, 0x000000, 0x000000, 
  0x000000, 0x000000, 0x000000, 0x000000, 0x000000, 0x000000, 0x000000, 0x000000, 0x000000, 0x000000, 0x000000, 0x000001, 0x000001, 0x000001, 0x000000, 0x000000, 0x000000, 0x000000, 0x000001, 0x050304, 0x2f191a, 0x392022, 0x251416, 0x331c1c, 0x0a090a, 0x000000, 0x000000, 0x000000, 0x000000, 0x000000, 0x000000, 0x000000, 
  0x000000, 0x000000, 0x000000, 0x000000, 0x000000, 0x000000, 0x000000, 0x000000, 0x000000, 0x000000, 0x000000, 0x000000, 0x000000, 0x000000, 0x000000, 0x000000, 0x000000, 0x000000, 0x000000, 0x000000, 0x020101, 0x190d0e, 0x311b1d, 0x281616, 0x0f0808, 0x000000, 0x000000, 0x000000, 0x000000, 0x000000, 0x000000, 0x000000, 
  0x000000, 0x000000, 0x000000, 0x000000, 0x000000, 0x000000, 0x000000, 0x000000, 0x000000, 0x000000, 0x000000, 0x000000, 0x000000, 0x000000, 0x000000, 0x000000, 0x000000, 0x000000, 0x000000, 0x000000, 0x000000, 0x000000, 0x020101, 0x060303, 0x060303, 0x000000, 0x000000, 0x000000, 0x000000, 0x000000, 0x000000, 0x000000
};

//NRG (948)
#define NRG_HEIGHT 16
#define NRG_WIDTH 32

// array size is 1536
static const int32_t NRG[] PROGMEM  = {
  0x000000, 0x000000, 0x000000, 0x000000, 0x000000, 0x000000, 0x000000, 0x000000, 0x000000, 0x000000, 0x000000, 0xf44336, 0xf44336, 0xf44336, 0xf44336, 0xf44336, 0xf44336, 0xf44336, 0xf44336, 0xf44336, 0xf44336, 0x000000, 0x000000, 0x000000, 0x000000, 0x000000, 0x000000, 0x000000, 0x000000, 0x000000, 0x000000, 0x000000, 
  0x000000, 0x000000, 0x000000, 0x000000, 0x000000, 0x000000, 0x000000, 0x000000, 0x000000, 0x000000, 0xf44336, 0xf44336, 0xffeb3b, 0xffeb3b, 0xffeb3b, 0xffeb3b, 0xffeb3b, 0xffeb3b, 0xffeb3b, 0xffeb3b, 0xf44336, 0xf44336, 0x000000, 0x000000, 0x000000, 0x000000, 0x000000, 0x000000, 0x000000, 0x000000, 0x000000, 0x000000, 
  0x000000, 0x000000, 0x000000, 0x000000, 0x000000, 0x000000, 0x000000, 0x000000, 0x000000, 0xf44336, 0xf44336, 0xf44336, 0xffeb3b, 0xffeb3b, 0xffeb3b, 0xffeb3b, 0xffeb3b, 0xffeb3b, 0xffeb3b, 0xf44336, 0xf44336, 0xf44336, 0xf44336, 0x000000, 0x000000, 0x000000, 0x000000, 0x000000, 0x000000, 0x000000, 0x000000, 0x000000, 
  0x000000, 0x000000, 0x000000, 0x000000, 0x000000, 0x000000, 0x000000, 0x000000, 0xf44336, 0xf44336, 0xf44336, 0xffeb3b, 0xffeb3b, 0xffeb3b, 0xffeb3b, 0xffeb3b, 0xffeb3b, 0xffeb3b, 0xf44336, 0xf44336, 0xf44336, 0xf44336, 0xf44336, 0xf44336, 0x000000, 0x000000, 0x000000, 0x000000, 0x000000, 0x000000, 0x000000, 0x000000, 
  0x000000, 0x000000, 0x000000, 0x000000, 0x000000, 0x000000, 0x000000, 0xf44336, 0xf44336, 0xf44336, 0xf44336, 0xffeb3b, 0xffeb3b, 0xffeb3b, 0xffeb3b, 0xffeb3b, 0xffeb3b, 0xf44336, 0xf44336, 0xf44336, 0xf44336, 0xf44336, 0xf44336, 0xf44336, 0x000000, 0x000000, 0x000000, 0x000000, 0x000000, 0x000000, 0x000000, 0x000000, 
  0x000000, 0x000000, 0x000000, 0x000000, 0x000000, 0x000000, 0x000000, 0xf44336, 0xf44336, 0xf44336, 0xffeb3b, 0xffeb3b, 0xffeb3b, 0xffeb3b, 0xffeb3b, 0xffeb3b, 0xf44336, 0xf44336, 0xf44336, 0xf44336, 0xf44336, 0xf44336, 0xf44336, 0xf44336, 0x000000, 0x000000, 0x000000, 0x000000, 0x000000, 0x000000, 0x000000, 0x000000, 
  0x000000, 0x000000, 0x000000, 0x000000, 0x000000, 0x000000, 0x000000, 0xf44336, 0xf44336, 0xf44336, 0xffeb3b, 0xffeb3b, 0xffeb3b, 0xffeb3b, 0xffeb3b, 0xffeb3b, 0xffeb3b, 0xffeb3b, 0xffeb3b, 0xf44336, 0xf44336, 0xf44336, 0xf44336, 0xf44336, 0x000000, 0x000000, 0x000000, 0x000000, 0x000000, 0x000000, 0x000000, 0x000000, 
  0x000000, 0x000000, 0x000000, 0x000000, 0x000000, 0x000000, 0x000000, 0xf44336, 0xf44336, 0xffeb3b, 0xffeb3b, 0xffeb3b, 0xffeb3b, 0xffeb3b, 0xffeb3b, 0xffeb3b, 0xffeb3b, 0xffeb3b, 0xffeb3b, 0xf44336, 0xf44336, 0xf44336, 0xf44336, 0xf44336, 0x000000, 0x000000, 0x000000, 0x000000, 0x000000, 0x000000, 0x000000, 0x000000, 
  0x000000, 0x000000, 0x000000, 0x000000, 0x000000, 0x000000, 0x000000, 0xf44336, 0xf44336, 0xffeb3b, 0xffeb3b, 0xffeb3b, 0xffeb3b, 0xffeb3b, 0xffeb3b, 0xffeb3b, 0xffeb3b, 0xffeb3b, 0xf44336, 0xf44336, 0xf44336, 0xf44336, 0xf44336, 0xf44336, 0x000000, 0x000000, 0x000000, 0x000000, 0x000000, 0x000000, 0x000000, 0x000000, 
  0x000000, 0x000000, 0x000000, 0x000000, 0x000000, 0x000000, 0x000000, 0xf44336, 0xf44336, 0xf44336, 0xf44336, 0xf44336, 0xf44336, 0xffeb3b, 0xffeb3b, 0xffeb3b, 0xffeb3b, 0xffeb3b, 0xf44336, 0xf44336, 0xf44336, 0xf44336, 0xf44336, 0xf44336, 0x000000, 0x000000, 0x000000, 0x000000, 0x000000, 0x000000, 0x000000, 0x000000, 
  0x000000, 0x000000, 0x000000, 0x000000, 0x000000, 0x000000, 0x000000, 0xf44336, 0xf44336, 0xf44336, 0xf44336, 0xf44336, 0xf44336, 0xffeb3b, 0xffeb3b, 0xffeb3b, 0xffeb3b, 0xf44336, 0xf44336, 0xf44336, 0xf44336, 0xf44336, 0xf44336, 0xf44336, 0x000000, 0x000000, 0x000000, 0x000000, 0x000000, 0x000000, 0x000000, 0x000000, 
  0x000000, 0x000000, 0x000000, 0x000000, 0x000000, 0x000000, 0x000000, 0xf44336, 0xf44336, 0xf44336, 0xf44336, 0xf44336, 0xf44336, 0xffeb3b, 0xffeb3b, 0xffeb3b, 0xf44336, 0xf44336, 0xf44336, 0xf44336, 0xf44336, 0xf44336, 0xf44336, 0xf44336, 0x000000, 0x000000, 0x000000, 0x000000, 0x000000, 0x000000, 0x000000, 0x000000, 
  0x000000, 0x000000, 0x000000, 0x000000, 0x000000, 0x000000, 0x000000, 0x000000, 0xf44336, 0xf44336, 0xf44336, 0xf44336, 0xf44336, 0xffeb3b, 0xffeb3b, 0xffeb3b, 0xf44336, 0xf44336, 0xf44336, 0xf44336, 0xf44336, 0xf44336, 0xf44336, 0x000000, 0x000000, 0x000000, 0x000000, 0x000000, 0x000000, 0x000000, 0x000000, 0x000000, 
  0x000000, 0x000000, 0x000000, 0x000000, 0x000000, 0x000000, 0x000000, 0x000000, 0x000000, 0xf44336, 0xf44336, 0xf44336, 0xffeb3b, 0xffeb3b, 0xffeb3b, 0xf44336, 0xf44336, 0xf44336, 0xf44336, 0xf44336, 0xf44336, 0xf44336, 0x000000, 0x000000, 0x000000, 0x000000, 0x000000, 0x000000, 0x000000, 0x000000, 0x000000, 0x000000, 
  0x000000, 0x000000, 0x000000, 0x000000, 0x000000, 0x000000, 0x000000, 0x000000, 0x000000, 0x000000, 0xf44336, 0xf44336, 0xffeb3b, 0xf44336, 0xf44336, 0xf44336, 0xf44336, 0xf44336, 0xf44336, 0xf44336, 0xf44336, 0x000000, 0x000000, 0x000000, 0x000000, 0x000000, 0x000000, 0x000000, 0x000000, 0x000000, 0x000000, 0x000000, 
  0x000000, 0x000000, 0x000000, 0x000000, 0x000000, 0x000000, 0x000000, 0x000000, 0x000000, 0x000000, 0x000000, 0xf44336, 0xf44336, 0xf44336, 0xf44336, 0xf44336, 0xf44336, 0xf44336, 0xf44336, 0xf44336, 0x000000, 0x000000, 0x000000, 0x000000, 0x000000, 0x000000, 0x000000, 0x000000, 0x000000, 0x000000, 0x000000, 0x000000
};


//Flaming Chickens
#define FLAMING_CHICKENS_HEIGHT 16
#define FLAMING_CHICKENS_WIDTH 32

// array size is 1536
static const int32_t FLAMING_CHICKENS[] PROGMEM  = {
  0x000000, 0x000000, 0x000000, 0x000000, 0x000000, 0x000000, 0x000000, 0x000000, 0x000000, 0x000000, 0x000000, 0x000000, 0x000000, 0x000000, 0x000000, 0x000000, 0x000000, 0x000000, 0x000000, 0x000000, 0x000000, 0x000000, 0x000000, 0x000000, 0x000000, 0xf44336, 0x000000, 0x000000, 0x000000, 0x000000, 0x000000, 0x000000, 
  0x000000, 0x000000, 0xf44336, 0xf44336, 0x000000, 0x000000, 0xff5722, 0xf44336, 0xf44336, 0x000000, 0x000000, 0x000000, 0x000000, 0x000000, 0x000000, 0x000000, 0x000000, 0x000000, 0x000000, 0x000000, 0x000000, 0x000000, 0x000000, 0x000000, 0x000000, 0xf44336, 0x000000, 0x000000, 0x000000, 0x000000, 0x000000, 0xf44336, 
  0x000000, 0x000000, 0xf44336, 0xf44336, 0x000000, 0x000000, 0xf44336, 0xff5722, 0xf44336, 0xf44336, 0x000000, 0x000000, 0x000000, 0x000000, 0xff5722, 0xff5722, 0xff5722, 0xff5722, 0xff5722, 0x000000, 0x000000, 0x000000, 0x000000, 0x000000, 0x000000, 0xf44336, 0xf44336, 0x000000, 0x000000, 0x000000, 0x000000, 0xf44336, 
  0x000000, 0xf44336, 0xf44336, 0x000000, 0x000000, 0x000000, 0x000000, 0xf44336, 0xff5722, 0xf44336, 0x000000, 0x000000, 0xff5722, 0xff5722, 0x03a9f4, 0x03a9f4, 0x03a9f4, 0x03a9f4, 0x03a9f4, 0xff5722, 0xff5722, 0x000000, 0x000000, 0x000000, 0xf44336, 0xf44336, 0xf44336, 0x000000, 0x000000, 0x000000, 0xf44336, 0xff5722, 
  0x000000, 0xf44336, 0xff5722, 0xf44336, 0x000000, 0x000000, 0x000000, 0xf44336, 0xff5722, 0xf44336, 0x000000, 0xff5722, 0x03a9f4, 0x03a9f4, 0x03a9f4, 0x03a9f4, 0x03a9f4, 0x03a9f4, 0x03a9f4, 0x03a9f4, 0x03a9f4, 0xff5722, 0x000000, 0xf44336, 0xf44336, 0xff5722, 0xf44336, 0xf44336, 0x000000, 0x000000, 0xf44336, 0xff5722, 
  0xf44336, 0xff5722, 0xff5722, 0xf44336, 0x000000, 0x000000, 0xf44336, 0xff5722, 0xff9800, 0xf44336, 0xf44336, 0xff5722, 0x03a9f4, 0x03a9f4, 0x03a9f4, 0x03a9f4, 0x03a9f4, 0xff5722, 0x03a9f4, 0x03a9f4, 0x03a9f4, 0xff5722, 0x000000, 0xf44336, 0xff5722, 0xff9800, 0xf44336, 0xf44336, 0x000000, 0xf44336, 0xff5722, 0xff9800, 
  0xff5722, 0xff9800, 0xff9800, 0xff5722, 0xf44336, 0xf44336, 0xff5722, 0xff9800, 0xff9800, 0xf44336, 0xff5722, 0x03a9f4, 0x03a9f4, 0x03a9f4, 0x03a9f4, 0x03a9f4, 0xffc107, 0xffc107, 0x03a9f4, 0x03a9f4, 0x03a9f4, 0x03a9f4, 0xff5722, 0xf44336, 0xff5722, 0xff9800, 0xff5722, 0xff5722, 0xf44336, 0xff5722, 0xff5722, 0xff9800, 
  0xff9800, 0xff9800, 0xff9800, 0xff5722, 0xff5722, 0xff5722, 0xff5722, 0xff9800, 0xff5722, 0xf44336, 0xff5722, 0x03a9f4, 0x03a9f4, 0x03a9f4, 0x03a9f4, 0xffc107, 0xffc107, 0x03a9f4, 0x03a9f4, 0x03a9f4, 0x03a9f4, 0x03a9f4, 0xff5722, 0xf44336, 0xff9800, 0xff9800, 0xff9800, 0xff9800, 0xf44336, 0xf44336, 0xff5722, 0xff9800, 
  0xff9800, 0xffc107, 0xffc107, 0xffc107, 0xff9800, 0xff5722, 0xff9800, 0xff9800, 0xff5722, 0xf44336, 0xff5722, 0x03a9f4, 0xff5722, 0x03a9f4, 0xff9800, 0xffc107, 0xffc107, 0x03a9f4, 0x03a9f4, 0xff5722, 0x03a9f4, 0x03a9f4, 0xff5722, 0xf44336, 0xff9800, 0xffc107, 0xffc107, 0xff9800, 0xff5722, 0xf44336, 0xff5722, 0xffc107, 
  0xffc107, 0xffc107, 0xffeb3b, 0xffc107, 0xff9800, 0xff9800, 0xffc107, 0xff9800, 0xff5722, 0xf44336, 0xff5722, 0x03a9f4, 0xffc107, 0xffc107, 0x03a9f4, 0xffc107, 0xffc107, 0x03a9f4, 0xffc107, 0xff9800, 0x03a9f4, 0x03a9f4, 0xff5722, 0xf44336, 0xff9800, 0xffc107, 0xffc107, 0xff9800, 0xff5722, 0xf44336, 0xff9800, 0xffc107, 
  0xffc107, 0xffeb3b, 0xf44336, 0xf44336, 0xffc107, 0xffc107, 0xffc107, 0xff9800, 0xff5722, 0xf44336, 0xff5722, 0x03a9f4, 0x03a9f4, 0xff9800, 0xffc107, 0xffc107, 0xffc107, 0xffc107, 0xff9800, 0x03a9f4, 0x03a9f4, 0x03a9f4, 0xff5722, 0xf44336, 0xff9800, 0xffc107, 0xffc107, 0xff9800, 0xff9800, 0xf44336, 0xff9800, 0xffc107, 
  0xffc107, 0xffeb3b, 0xf44336, 0xff5722, 0xffeb3b, 0xffeb3b, 0xffc107, 0xff9800, 0xff5722, 0xf44336, 0xf44336, 0xff5722, 0x03a9f4, 0x03a9f4, 0xffc107, 0xffc107, 0xffc107, 0xffc107, 0x03a9f4, 0x03a9f4, 0x03a9f4, 0xff5722, 0xf44336, 0xf44336, 0xff9800, 0xffc107, 0xffc107, 0xffc107, 0xff9800, 0xf44336, 0xf44336, 0xff9800, 
  0xffeb3b, 0xf44336, 0xff5722, 0xff5722, 0xf44336, 0xffeb3b, 0xffc107, 0xff9800, 0xf44336, 0xf44336, 0xf44336, 0xff5722, 0x03a9f4, 0xffc107, 0xffc107, 0xffc107, 0xffc107, 0xffc107, 0xff9800, 0x03a9f4, 0x03a9f4, 0xff5722, 0xf44336, 0xff5722, 0xff9800, 0xffc107, 0xffeb3b, 0xffc107, 0xf44336, 0xff5722, 0xf44336, 0xff9800, 
  0xf44336, 0xff5722, 0xff9800, 0xff9800, 0xff5722, 0xf44336, 0xf44336, 0xf44336, 0xf44336, 0xff5722, 0xff5722, 0xf44336, 0xff5722, 0xff5722, 0xffc107, 0xffc107, 0xffc107, 0xffc107, 0xffc107, 0xff5722, 0xff5722, 0xf44336, 0xf44336, 0xff5722, 0xff9800, 0xffc107, 0xffeb3b, 0xf44336, 0xf44336, 0xff5722, 0xf44336, 0xf44336, 
  0xf44336, 0xff9800, 0xffc107, 0xff9800, 0xff5722, 0xff5722, 0xff5722, 0xf44336, 0xff5722, 0xff9800, 0xff5722, 0xf44336, 0xf44336, 0xf44336, 0xff5722, 0xff5722, 0xff5722, 0xff5722, 0xff5722, 0xf44336, 0xf44336, 0xf44336, 0xff5722, 0xff9800, 0xff9800, 0xffc107, 0xf44336, 0xff5722, 0xff9800, 0xff9800, 0xff5722, 0xf44336, 
  0xff9800, 0xffc107, 0xffeb3b, 0xffc107, 0xff9800, 0xff9800, 0xff5722, 0xf44336, 0xff5722, 0xffc107, 0xff5722, 0xff5722, 0xff5722, 0xf44336, 0xf44336, 0xf44336, 0xf44336, 0xf44336, 0xf44336, 0xf44336, 0xff9800, 0xf44336, 0xff9800, 0xff9800, 0xffc107, 0xffeb3b, 0xf44336, 0xff9800, 0xffc107, 0xffc107, 0xff9800, 0xff5722
};


//SRF
#define SRF_HEIGHT 16
#define SRF_WIDTH 32

// array size is 1536
static const int32_t SRF[] PROGMEM  = {
  0xb3e5fc, 0xb3e5fc, 0xb3e5fc, 0xb3e5fc, 0xb3e5fc, 0xb3e5fc, 0xb3e5fc, 0xb3e5fc, 0xb3e5fc, 0xb3e5fc, 0xb3e5fc, 0xb3e5fc, 0xb3e5fc, 0xb3e5fc, 0xb3e5fc, 0xb3e5fc, 0xb3e5fc, 0xb3e5fc, 0xb3e5fc, 0xb3e5fc, 0xb3e5fc, 0xb3e5fc, 0xffee58, 0xfff176, 0xfff176, 0xfff176, 0xb3e5fc, 0xfff59d, 0xfff9c4, 0xfff9c4, 0xfff9c4, 0xfff9c4, 
  0xb3e5fc, 0xb3e5fc, 0xb3e5fc, 0xb3e5fc, 0xb3e5fc, 0xb3e5fc, 0x81d4fa, 0x81d4fa, 0x81d4fa, 0x81d4fa, 0x81d4fa, 0x81d4fa, 0xb3e5fc, 0xb3e5fc, 0xb3e5fc, 0xb3e5fc, 0xb3e5fc, 0xb3e5fc, 0xb3e5fc, 0xb3e5fc, 0xb3e5fc, 0xb3e5fc, 0xb3e5fc, 0xb3e5fc, 0xb3e5fc, 0xb3e5fc, 0xb3e5fc, 0xfff59d, 0xfff9c4, 0xfff9c4, 0xfff9c4, 0xfff9c4, 
  0xb3e5fc, 0xb3e5fc, 0xb3e5fc, 0xb3e5fc, 0x81d4fa, 0x81d4fa, 0x81d4fa, 0x81d4fa, 0x81d4fa, 0x81d4fa, 0x1a237e, 0x1a237e, 0x81d4fa, 0x81d4fa, 0xb3e5fc, 0x1a237e, 0x1a237e, 0xb3e5fc, 0xb3e5fc, 0xb3e5fc, 0x1a237e, 0x1a237e, 0xb3e5fc, 0xb3e5fc, 0xfff176, 0xfff59d, 0x1a237e, 0xb3e5fc, 0xfff59d, 0xfff9c4, 0xfff9c4, 0xfff9c4, 
  0xb3e5fc, 0xb3e5fc, 0xb3e5fc, 0x81d4fa, 0x81d4fa, 0x81d4fa, 0x4fc3f7, 0x4fc3f7, 0x4fc3f7, 0x1a237e, 0x4fc3f7, 0x4fc3f7, 0x1a237e, 0x81d4fa, 0x1a237e, 0xb3e5fc, 0xb3e5fc, 0x1a237e, 0xb3e5fc, 0x1a237e, 0xb3e5fc, 0xb3e5fc, 0x1a237e, 0xffee58, 0xb3e5fc, 0x1a237e, 0xb3e5fc, 0xb3e5fc, 0xb3e5fc, 0xfff59d, 0xfff59d, 0xfff59d, 
  0xb3e5fc, 0xb3e5fc, 0x81d4fa, 0x81d4fa, 0x4fc3f7, 0x4fc3f7, 0x0277bd, 0x0277bd, 0x0277bd, 0x0277bd, 0x0277bd, 0x0277bd, 0x1a237e, 0x4fc3f7, 0x1a237e, 0xb3e5fc, 0xb3e5fc, 0x1a237e, 0xb3e5fc, 0xb3e5fc, 0xb3e5fc, 0xb3e5fc, 0x1a237e, 0xb3e5fc, 0x1a237e, 0xb3e5fc, 0xb3e5fc, 0xfff59d, 0xb3e5fc, 0xb3e5fc, 0xb3e5fc, 0xb3e5fc, 
  0xb3e5fc, 0x81d4fa, 0x4fc3f7, 0x4fc3f7, 0x0277bd, 0x0277bd, 0x0277bd, 0x0288d1, 0x0288d1, 0x0288d1, 0x1a237e, 0x1a237e, 0x0288d1, 0x0288d1, 0x4fc3f7, 0x1a237e, 0x1a237e, 0xb3e5fc, 0xb3e5fc, 0xb3e5fc, 0xb3e5fc, 0x1a237e, 0xb3e5fc, 0xb3e5fc, 0x1a237e, 0x1a237e, 0x1a237e, 0xb3e5fc, 0xb3e5fc, 0xfff59d, 0xb3e5fc, 0xfff59d, 
  0x81d4fa, 0x4fc3f7, 0x0277bd, 0x0277bd, 0x0277bd, 0x0288d1, 0x0288d1, 0x0288d1, 0x039be5, 0x039be5, 0xb3e5fc, 0xb3e5fc, 0x1a237e, 0x039be5, 0x1a237e, 0xb3e5fc, 0xb3e5fc, 0x1a237e, 0xb3e5fc, 0xb3e5fc, 0x1a237e, 0xb3e5fc, 0xb3e5fc, 0xb3e5fc, 0x1a237e, 0xffee58, 0xb3e5fc, 0x1a237e, 0xb3e5fc, 0xfff176, 0xb3e5fc, 0xfff176, 
  0x4fc3f7, 0x0277bd, 0x0277bd, 0x0288d1, 0x0288d1, 0x0288d1, 0x039be5, 0x039be5, 0x039be5, 0x1a237e, 0xb3e5fc, 0xb3e5fc, 0x1a237e, 0xb3e5fc, 0x1a237e, 0xb3e5fc, 0xb3e5fc, 0x1a237e, 0xb3e5fc, 0x1a237e, 0xb3e5fc, 0xb3e5fc, 0xb3e5fc, 0xb3e5fc, 0x1a237e, 0xb3e5fc, 0xb3e5fc, 0x1a237e, 0xffee58, 0xb3e5fc, 0xb3e5fc, 0xfff176, 
  0x4fc3f7, 0x0277bd, 0x0288d1, 0x0288d1, 0x039be5, 0x039be5, 0x039be5, 0x039be5, 0x039be5, 0xb3e5fc, 0x1a237e, 0x1a237e, 0xb3e5fc, 0xb3e5fc, 0xb3e5fc, 0x1a237e, 0x1a237e, 0xb3e5fc, 0xb3e5fc, 0x1a237e, 0x1a237e, 0x1a237e, 0x1a237e, 0x81d4fa, 0xb3e5fc, 0x1a237e, 0x1a237e, 0xb3e5fc, 0xb3e5fc, 0xb3e5fc, 0xb3e5fc, 0xffee58, 
  0x0277bd, 0x0288d1, 0x0288d1, 0x0288d1, 0x039be5, 0x039be5, 0x039be5, 0x29b6f6, 0x29b6f6, 0xb3e5fc, 0xb3e5fc, 0xb3e5fc, 0xb3e5fc, 0xb3e5fc, 0xb3e5fc, 0xb3e5fc, 0xb3e5fc, 0xb3e5fc, 0xb3e5fc, 0x81d4fa, 0x4fc3f7, 0x4fc3f7, 0x4fc3f7, 0x81d4fa, 0x81d4fa, 0xb3e5fc, 0xb3e5fc, 0xb3e5fc, 0xb3e5fc, 0xb3e5fc, 0xb3e5fc, 0xb3e5fc, 
  0x0288d1, 0x0288d1, 0x0288d1, 0x039be5, 0x039be5, 0x039be5, 0x4fc3f7, 0x4fc3f7, 0x29b6f6, 0x29b6f6, 0xb3e5fc, 0xb3e5fc, 0xb3e5fc, 0xb3e5fc, 0x1a237e, 0x1a237e, 0x1a237e, 0xb3e5fc, 0x1a237e, 0x1a237e, 0x1a237e, 0x0277bd, 0x1a237e, 0x1a237e, 0x1a237e, 0x4fc3f7, 0xb3e5fc, 0xb3e5fc, 0xb3e5fc, 0xb3e5fc, 0xb3e5fc, 0xb3e5fc, 
  0x0288d1, 0x0288d1, 0x0288d1, 0x4fc3f7, 0x4fc3f7, 0x4fc3f7, 0x29b6f6, 0x29b6f6, 0x4fc3f7, 0x29b6f6, 0x29b6f6, 0xb3e5fc, 0xb3e5fc, 0x1a237e, 0xb3e5fc, 0xb3e5fc, 0xb3e5fc, 0x81d4fa, 0x1a237e, 0x4fc3f7, 0x1a237e, 0x0288d1, 0x1a237e, 0xb3e5fc, 0xb3e5fc, 0x4fc3f7, 0xb3e5fc, 0xb3e5fc, 0xb3e5fc, 0xb3e5fc, 0xb3e5fc, 0xb3e5fc, 
  0x0288d1, 0x0288d1, 0x4fc3f7, 0x0288d1, 0x0288d1, 0x4fc3f7, 0x039be5, 0x039be5, 0x29b6f6, 0x4fc3f7, 0x4fc3f7, 0x4fc3f7, 0xb3e5fc, 0xb3e5fc, 0x1a237e, 0x1a237e, 0x81d4fa, 0x4fc3f7, 0x1a237e, 0x1a237e, 0x1a237e, 0x039be5, 0x1a237e, 0x1a237e, 0x1a237e, 0xb3e5fc, 0xb3e5fc, 0xb3e5fc, 0xb3e5fc, 0xb3e5fc, 0xb3e5fc, 0x0288d1, 
  0x4fc3f7, 0x4fc3f7, 0x039be5, 0x039be5, 0x039be5, 0x0288d1, 0x4fc3f7, 0x29b6f6, 0x039be5, 0x29b6f6, 0x29b6f6, 0x29b6f6, 0x29b6f6, 0x039be5, 0x039be5, 0x81d4fa, 0x1a237e, 0x4fc3f7, 0x1a237e, 0x1a237e, 0x29b6f6, 0x29b6f6, 0x1a237e, 0x0288d1, 0xb3e5fc, 0xb3e5fc, 0xb3e5fc, 0xb3e5fc, 0xb3e5fc, 0x0288d1, 0x0288d1, 0x039be5, 
  0x039be5, 0x039be5, 0x29b6f6, 0x29b6f6, 0x039be5, 0x039be5, 0x0288d1, 0x4fc3f7, 0x4fc3f7, 0x039be5, 0x039be5, 0x039be5, 0x039be5, 0x1a237e, 0x1a237e, 0x1a237e, 0x0288d1, 0x0288d1, 0x1a237e, 0x29b6f6, 0x1a237e, 0x29b6f6, 0x1a237e, 0x039be5, 0x0288d1, 0x0288d1, 0x039be5, 0x039be5, 0x0288d1, 0x4fc3f7, 0x4fc3f7, 0x29b6f6, 
  0x29b6f6, 0x29b6f6, 0x29b6f6, 0x29b6f6, 0x29b6f6, 0x039be5, 0x039be5, 0x0288d1, 0x0288d1, 0x4fc3f7, 0x4fc3f7, 0x29b6f6, 0x29b6f6, 0x039be5, 0x039be5, 0x039be5, 0x29b6f6, 0x29b6f6, 0x29b6f6, 0x29b6f6, 0x29b6f6, 0x039be5, 0x039be5, 0x039be5, 0x039be5, 0x29b6f6, 0x29b6f6, 0x4fc3f7, 0x4fc3f7, 0x29b6f6, 0x039be5, 0x039be5
};

//RAID (4469)
#define RAID_HEIGHT 16
#define RAID_WIDTH 32

// array size is 1536
static const uint32_t RAID[] PROGMEM  = {
  0x000000, 0x000000, 0x000000, 0x000000, 0x000000, 0x000000, 0x000000, 0x000000, 0x000000, 0x000000, 0x000000, 0x000000, 0xf44336, 0xf44336, 0xf44336, 0xf44336, 0xf44336, 0xf44336, 0xf44336, 0x000000, 0x000000, 0x000000, 0x000000, 0x000000, 0x000000, 0x000000, 0x000000, 0x000000, 0x000000, 0x000000, 0x000000, 0x000000, 
  0x000000, 0x000000, 0x000000, 0x000000, 0x000000, 0x000000, 0x000000, 0x000000, 0x000000, 0x000000, 0x000000, 0xf44336, 0xf44336, 0xf44336, 0xf44336, 0xf44336, 0xffc107, 0xf44336, 0xf44336, 0xf44336, 0x000000, 0x000000, 0x000000, 0x000000, 0x000000, 0x000000, 0x000000, 0x000000, 0x000000, 0x000000, 0x000000, 0x000000, 
  0x000000, 0x000000, 0x000000, 0x000000, 0x000000, 0x000000, 0x000000, 0x000000, 0x000000, 0x000000, 0xf44336, 0xf44336, 0xf44336, 0xffc107, 0xffc107, 0xf44336, 0xffc107, 0xffc107, 0xf44336, 0xf44336, 0xf44336, 0x000000, 0x000000, 0x000000, 0x000000, 0x000000, 0x000000, 0x000000, 0x000000, 0x000000, 0x000000, 0x000000, 
  0x000000, 0x000000, 0x000000, 0x000000, 0x000000, 0x000000, 0x000000, 0x000000, 0x000000, 0xf44336, 0xf44336, 0xffc107, 0xffc107, 0xffc107, 0xf44336, 0xf44336, 0xf44336, 0xf44336, 0xf44336, 0xf44336, 0xf44336, 0xf44336, 0x000000, 0x000000, 0x000000, 0x000000, 0x000000, 0x000000, 0x000000, 0x000000, 0x000000, 0x000000, 
  0x000000, 0x000000, 0x000000, 0x000000, 0x000000, 0x000000, 0x000000, 0x000000, 0x000000, 0xf44336, 0xf44336, 0xf44336, 0xf44336, 0xf44336, 0xf44336, 0xf44336, 0xf44336, 0xf44336, 0xf44336, 0xffc107, 0xffc107, 0xf44336, 0x000000, 0x000000, 0x000000, 0x000000, 0x000000, 0x000000, 0x000000, 0x000000, 0x000000, 0x000000, 
  0x000000, 0x000000, 0x000000, 0x000000, 0x000000, 0x000000, 0x000000, 0x000000, 0x000000, 0xf44336, 0xffc107, 0xffc107, 0xffc107, 0xffc107, 0xffc107, 0xffc107, 0xf44336, 0xf44336, 0xf44336, 0xf44336, 0xf44336, 0xf44336, 0x000000, 0x000000, 0x000000, 0x000000, 0x000000, 0x000000, 0x000000, 0x000000, 0x000000, 0x000000, 
  0x000000, 0x000000, 0x000000, 0x000000, 0x000000, 0x000000, 0x000000, 0x000000, 0x000000, 0xf44336, 0xf44336, 0xf44336, 0xf44336, 0xf44336, 0xf44336, 0xf44336, 0xf44336, 0xffc107, 0xffc107, 0xf44336, 0xf44336, 0xf44336, 0x000000, 0x000000, 0x000000, 0x000000, 0x000000, 0x000000, 0x000000, 0x000000, 0x000000, 0x000000, 
  0x000000, 0x000000, 0x000000, 0x000000, 0x000000, 0x000000, 0x000000, 0x000000, 0x000000, 0xf44336, 0xf44336, 0xf44336, 0xf44336, 0xffc107, 0xffc107, 0xffc107, 0xf44336, 0xf44336, 0xf44336, 0xf44336, 0xf44336, 0xf44336, 0x000000, 0x000000, 0x000000, 0x000000, 0x000000, 0x000000, 0x000000, 0x000000, 0x000000, 0x000000, 
  0x000000, 0x000000, 0x000000, 0x000000, 0x000000, 0x000000, 0x000000, 0x000000, 0x000000, 0x000000, 0xf44336, 0xf44336, 0xf44336, 0xf44336, 0xf44336, 0xf44336, 0xf44336, 0xf44336, 0xf44336, 0xf44336, 0xf44336, 0x000000, 0x000000, 0x000000, 0x000000, 0x000000, 0x000000, 0x000000, 0x000000, 0x000000, 0x000000, 0x000000, 
  0x000000, 0x000000, 0x000000, 0x000000, 0x000000, 0x000000, 0x000000, 0x000000, 0x000000, 0x000000, 0x000000, 0xf44336, 0xf44336, 0xf44336, 0xf44336, 0xf44336, 0xffc107, 0xffc107, 0xffc107, 0xf44336, 0x000000, 0x000000, 0x000000, 0x000000, 0x000000, 0x000000, 0x000000, 0x000000, 0x000000, 0x000000, 0x000000, 0x000000, 
  0x000000, 0x000000, 0x000000, 0x000000, 0x000000, 0x000000, 0x000000, 0x000000, 0x000000, 0x000000, 0x000000, 0x000000, 0xf44336, 0xf44336, 0xf44336, 0xf44336, 0xf44336, 0xf44336, 0xf44336, 0x000000, 0x000000, 0x000000, 0x000000, 0x000000, 0x000000, 0x000000, 0x000000, 0x000000, 0x000000, 0x000000, 0x000000, 0x000000, 
  0x000000, 0x000000, 0x000000, 0x000000, 0x000000, 0x000000, 0x000000, 0x000000, 0xffc107, 0xffc107, 0x000000, 0x000000, 0x000000, 0x000000, 0x000000, 0x000000, 0x000000, 0x000000, 0x000000, 0x000000, 0x000000, 0x000000, 0x000000, 0x000000, 0x000000, 0x000000, 0x000000, 0x000000, 0x000000, 0x000000, 0x000000, 0x000000, 
  0x000000, 0x000000, 0x000000, 0x000000, 0x000000, 0x000000, 0x000000, 0x000000, 0xffc107, 0x000000, 0xffc107, 0x000000, 0x000000, 0x000000, 0xffc107, 0x000000, 0x000000, 0xffc107, 0x000000, 0xffc107, 0xffc107, 0x000000, 0x000000, 0x000000, 0x000000, 0x000000, 0x000000, 0x000000, 0x000000, 0x000000, 0x000000, 0x000000, 
  0x000000, 0x000000, 0x000000, 0x000000, 0x000000, 0x000000, 0x000000, 0x000000, 0xffc107, 0xffc107, 0x000000, 0x000000, 0x000000, 0xffc107, 0x000000, 0xffc107, 0x000000, 0x000000, 0x000000, 0xffc107, 0x000000, 0xffc107, 0x000000, 0x000000, 0x000000, 0x000000, 0x000000, 0x000000, 0x000000, 0x000000, 0x000000, 0x000000, 
  0x000000, 0x000000, 0x000000, 0x000000, 0x000000, 0x000000, 0x000000, 0x000000, 0xffc107, 0x000000, 0xffc107, 0x000000, 0x000000, 0xffc107, 0xffc107, 0xffc107, 0x000000, 0xffc107, 0x000000, 0xffc107, 0x000000, 0xffc107, 0x000000, 0x000000, 0x000000, 0x000000, 0x000000, 0x000000, 0x000000, 0x000000, 0x000000, 0x000000, 
  0x000000, 0x000000, 0x000000, 0x000000, 0x000000, 0x000000, 0x000000, 0x000000, 0xffc107, 0x000000, 0x000000, 0xffc107, 0x000000, 0xffc107, 0x000000, 0xffc107, 0x000000, 0xffc107, 0x000000, 0xffc107, 0xffc107, 0x000000, 0x000000, 0x000000, 0x000000, 0x000000, 0x000000, 0x000000, 0x000000, 0x000000, 0x000000, 0x000000
};


//The Revolution (360) (2pi)
#define REVOLUTION_HEIGHT 16
#define REVOLUTION_WIDTH 32

// array size is 1536
static const int32_t REVOLUTION[] PROGMEM  = {
  0x000000, 0x000000, 0x000000, 0x000000, 0x000000, 0x000000, 0x000000, 0x000000, 0x000000, 0x000000, 0x000000, 0x000000, 0xff9800, 0xff9800, 0xff9800, 0xff9800, 0xff9800, 0x000000, 0x000000, 0x000000, 0x000000, 0x000000, 0x000000, 0x000000, 0x000000, 0x000000, 0x000000, 0x000000, 0x000000, 0x000000, 0x000000, 0x000000, 
  0x000000, 0x000000, 0x000000, 0x000000, 0x000000, 0x000000, 0x000000, 0x000000, 0x000000, 0x000000, 0xff9800, 0xff9800, 0x3f51b5, 0x3f51b5, 0x3f51b5, 0x3f51b5, 0x3f51b5, 0xff9800, 0xff9800, 0x000000, 0x000000, 0x000000, 0x000000, 0x000000, 0x000000, 0x000000, 0x000000, 0x000000, 0x000000, 0x000000, 0x000000, 0x000000, 
  0x000000, 0x000000, 0x000000, 0x000000, 0x000000, 0x000000, 0x000000, 0x000000, 0x000000, 0xff9800, 0x3f51b5, 0x3f51b5, 0x3f51b5, 0x3f51b5, 0x3f51b5, 0x3f51b5, 0x3f51b5, 0x3f51b5, 0x3f51b5, 0xff9800, 0x000000, 0x000000, 0x000000, 0x000000, 0x000000, 0x000000, 0x000000, 0x000000, 0x000000, 0x000000, 0x000000, 0x000000, 
  0x000000, 0x000000, 0x000000, 0x000000, 0x000000, 0x000000, 0x000000, 0x000000, 0xff9800, 0x3f51b5, 0x3f51b5, 0xffffff, 0xffffff, 0x3f51b5, 0x3f51b5, 0x3f51b5, 0x3f51b5, 0x3f51b5, 0x3f51b5, 0x3f51b5, 0xff9800, 0x000000, 0x000000, 0x000000, 0x000000, 0x000000, 0x000000, 0x000000, 0x000000, 0x000000, 0x000000, 0x000000, 
  0x000000, 0x000000, 0x000000, 0x000000, 0x000000, 0x000000, 0x000000, 0x000000, 0xff9800, 0x3f51b5, 0xffffff, 0x3f51b5, 0x3f51b5, 0xffffff, 0x3f51b5, 0x3f51b5, 0x3f51b5, 0x3f51b5, 0x3f51b5, 0xffffff, 0xff9800, 0x000000, 0x000000, 0x000000, 0x000000, 0x000000, 0x000000, 0x000000, 0x000000, 0x000000, 0x000000, 0x000000, 
  0x000000, 0x000000, 0x000000, 0x000000, 0x000000, 0x000000, 0x000000, 0xff9800, 0x3f51b5, 0x3f51b5, 0x3f51b5, 0x3f51b5, 0x3f51b5, 0xffffff, 0x3f51b5, 0xffffff, 0xffffff, 0xffffff, 0xffffff, 0x3f51b5, 0x3f51b5, 0xff9800, 0x000000, 0x000000, 0x000000, 0x000000, 0x000000, 0x000000, 0x000000, 0x000000, 0x000000, 0x000000, 
  0x000000, 0x000000, 0x000000, 0x000000, 0x000000, 0x000000, 0x000000, 0xff9800, 0x3f51b5, 0x3f51b5, 0x3f51b5, 0x3f51b5, 0xffffff, 0x3f51b5, 0xffffff, 0x3f51b5, 0xffffff, 0x3f51b5, 0xffffff, 0x3f51b5, 0x3f51b5, 0xff9800, 0x000000, 0x000000, 0x000000, 0x000000, 0x000000, 0x000000, 0x000000, 0x000000, 0x000000, 0x000000, 
  0x000000, 0x000000, 0x000000, 0x000000, 0x000000, 0x000000, 0x000000, 0xff9800, 0x3f51b5, 0x3f51b5, 0x3f51b5, 0xffffff, 0x3f51b5, 0x3f51b5, 0x3f51b5, 0x3f51b5, 0xffffff, 0x3f51b5, 0xffffff, 0x3f51b5, 0x3f51b5, 0xff9800, 0x000000, 0x000000, 0x000000, 0x000000, 0x000000, 0x000000, 0x000000, 0x000000, 0x000000, 0x000000, 
  0x000000, 0x000000, 0x000000, 0x000000, 0x000000, 0x000000, 0x000000, 0xff9800, 0x3f51b5, 0x3f51b5, 0xffffff, 0x3f51b5, 0x3f51b5, 0x3f51b5, 0x3f51b5, 0x3f51b5, 0xffffff, 0x3f51b5, 0xffffff, 0x3f51b5, 0x3f51b5, 0xff9800, 0x000000, 0x000000, 0x000000, 0x000000, 0x000000, 0x000000, 0x000000, 0x000000, 0x000000, 0x000000, 
  0x000000, 0x000000, 0x000000, 0x000000, 0x000000, 0x000000, 0x000000, 0xff9800, 0x3f51b5, 0x3f51b5, 0xffffff, 0xffffff, 0xffffff, 0xffffff, 0x3f51b5, 0x3f51b5, 0xffffff, 0x3f51b5, 0xffffff, 0x3f51b5, 0x3f51b5, 0xff9800, 0x000000, 0x000000, 0x000000, 0x000000, 0x000000, 0x000000, 0x000000, 0x000000, 0x000000, 0x000000, 
  0x000000, 0x000000, 0x000000, 0x000000, 0x000000, 0x000000, 0x000000, 0x000000, 0xff9800, 0x3f51b5, 0x3f51b5, 0x3f51b5, 0x3f51b5, 0x3f51b5, 0x3f51b5, 0x3f51b5, 0x3f51b5, 0x3f51b5, 0x3f51b5, 0x3f51b5, 0xff9800, 0x000000, 0x000000, 0x000000, 0x000000, 0x000000, 0x000000, 0x000000, 0x000000, 0x000000, 0x000000, 0x000000, 
  0x000000, 0x000000, 0x000000, 0x000000, 0x000000, 0x000000, 0x000000, 0x000000, 0xff9800, 0x3f51b5, 0x3f51b5, 0x3f51b5, 0x3f51b5, 0x3f51b5, 0x3f51b5, 0x3f51b5, 0x3f51b5, 0x3f51b5, 0x3f51b5, 0x3f51b5, 0xff9800, 0x000000, 0x000000, 0x000000, 0x000000, 0x000000, 0x000000, 0x000000, 0x000000, 0x000000, 0x000000, 0x000000, 
  0x000000, 0x000000, 0x000000, 0x000000, 0x000000, 0x000000, 0x000000, 0x000000, 0x000000, 0xff9800, 0x3f51b5, 0x3f51b5, 0x3f51b5, 0x3f51b5, 0x3f51b5, 0x3f51b5, 0x3f51b5, 0x3f51b5, 0x3f51b5, 0xff9800, 0x000000, 0x000000, 0x000000, 0x000000, 0x000000, 0x000000, 0x000000, 0x000000, 0x000000, 0x000000, 0x000000, 0x000000, 
  0x000000, 0x000000, 0x000000, 0x000000, 0x000000, 0x000000, 0x000000, 0x000000, 0x000000, 0x000000, 0xff9800, 0xff9800, 0x3f51b5, 0x3f51b5, 0x3f51b5, 0x3f51b5, 0x3f51b5, 0xff9800, 0xff9800, 0x000000, 0x000000, 0x000000, 0x000000, 0x000000, 0x000000, 0x000000, 0x000000, 0x000000, 0x000000, 0x000000, 0x000000, 0x000000, 
  0x000000, 0x000000, 0x000000, 0x000000, 0x000000, 0x000000, 0x000000, 0x000000, 0x000000, 0x000000, 0x000000, 0x000000, 0xff9800, 0xff9800, 0xff9800, 0xff9800, 0xff9800, 0x000000, 0x000000, 0x000000, 0x000000, 0x000000, 0x000000, 0x000000, 0x000000, 0x000000, 0x000000, 0x000000, 0x000000, 0x000000, 0x000000, 0x000000, 
  0x000000, 0x000000, 0x000000, 0x000000, 0x000000, 0x000000, 0x000000, 0x000000, 0x000000, 0x000000, 0x000000, 0x000000, 0x000000, 0x000000, 0x000000, 0x000000, 0x000000, 0x000000, 0x000000, 0x000000, 0x000000, 0x000000, 0x000000, 0x000000, 0x000000, 0x000000, 0x000000, 0x000000, 0x000000, 0x000000, 0x000000, 0x000000
};

//Xbots (488)
#define X_BOTS_HEIGHT 16
#define X_BOTS_WIDTH 32

// array size is 1536
static const int32_t X_BOTS[] PROGMEM  = {
  0x031f9c, 0x031f9c, 0x031f9c, 0x031f9c, 0x031f9c, 0x031f9c, 0x031f9c, 0x031f9c, 0x031f9c, 0x031f9c, 0x031f9c, 0x031f9c, 0x031f9c, 0x031f9c, 0x031f9c, 0x031f9c, 0x031f9c, 0x031f9c, 0x031f9c, 0x031f9c, 0x031f9c, 0x031f9c, 0x031f9c, 0x031f9c, 0x031f9c, 0x031f9c, 0x031f9c, 0x031f9c, 0x031f9c, 0x031f9c, 0x031f9c, 0x031f9c, 
  0x031f9c, 0x031f9c, 0x031f9c, 0x031f9c, 0x031f9c, 0xffffff, 0x031f9c, 0x031f9c, 0x031f9c, 0x031f9c, 0x031f9c, 0x031f9c, 0x031f9c, 0x031f9c, 0x031f9c, 0x031f9c, 0x031f9c, 0x031f9c, 0x031f9c, 0x031f9c, 0x031f9c, 0x031f9c, 0xffffff, 0x031f9c, 0x031f9c, 0x031f9c, 0x031f9c, 0x031f9c, 0x031f9c, 0x031f9c, 0x031f9c, 0x031f9c, 
  0x031f9c, 0x031f9c, 0x031f9c, 0x031f9c, 0x031f9c, 0xffffff, 0x031f9c, 0x031f9c, 0x031f9c, 0x031f9c, 0x031f9c, 0x031f9c, 0x031f9c, 0x031f9c, 0x031f9c, 0x031f9c, 0x031f9c, 0x031f9c, 0x031f9c, 0x031f9c, 0x031f9c, 0x031f9c, 0xffffff, 0x031f9c, 0x031f9c, 0x031f9c, 0x031f9c, 0x031f9c, 0x031f9c, 0x031f9c, 0x031f9c, 0x031f9c, 
  0x031f9c, 0x031f9c, 0x031f9c, 0x031f9c, 0x031f9c, 0xffffff, 0x031f9c, 0x031f9c, 0x031f9c, 0x031f9c, 0x031f9c, 0x031f9c, 0x031f9c, 0x031f9c, 0x031f9c, 0x031f9c, 0x031f9c, 0x031f9c, 0x031f9c, 0x031f9c, 0x031f9c, 0x031f9c, 0xffffff, 0x031f9c, 0x031f9c, 0x031f9c, 0x031f9c, 0x031f9c, 0x031f9c, 0x031f9c, 0x031f9c, 0x031f9c, 
  0x031f9c, 0x031f9c, 0x031f9c, 0x031f9c, 0x031f9c, 0xffffff, 0x031f9c, 0x031f9c, 0x031f9c, 0x031f9c, 0xffffff, 0x031f9c, 0x031f9c, 0x031f9c, 0x031f9c, 0x031f9c, 0x031f9c, 0xffffff, 0x031f9c, 0x031f9c, 0x031f9c, 0x031f9c, 0xffffff, 0x031f9c, 0x031f9c, 0x031f9c, 0x031f9c, 0x031f9c, 0x031f9c, 0x031f9c, 0x031f9c, 0x031f9c, 
  0x031f9c, 0x031f9c, 0x031f9c, 0x031f9c, 0x031f9c, 0x031f9c, 0x031f9c, 0x031f9c, 0x031f9c, 0x031f9c, 0x031f9c, 0xffffff, 0x031f9c, 0x031f9c, 0x031f9c, 0x031f9c, 0xffffff, 0x031f9c, 0x031f9c, 0x031f9c, 0x031f9c, 0x031f9c, 0x031f9c, 0x031f9c, 0x031f9c, 0x031f9c, 0x031f9c, 0x031f9c, 0x031f9c, 0x031f9c, 0x031f9c, 0x031f9c, 
  0x031f9c, 0x031f9c, 0x031f9c, 0x031f9c, 0x031f9c, 0x031f9c, 0x031f9c, 0x031f9c, 0x031f9c, 0x031f9c, 0x031f9c, 0x031f9c, 0xffffff, 0x031f9c, 0x031f9c, 0xffffff, 0x031f9c, 0x031f9c, 0x031f9c, 0x031f9c, 0x031f9c, 0x031f9c, 0x031f9c, 0x031f9c, 0x031f9c, 0x031f9c, 0x031f9c, 0x031f9c, 0x031f9c, 0x031f9c, 0x031f9c, 0x031f9c, 
  0x031f9c, 0x031f9c, 0x031f9c, 0x031f9c, 0x031f9c, 0x031f9c, 0x031f9c, 0x031f9c, 0x031f9c, 0x031f9c, 0x031f9c, 0x031f9c, 0x031f9c, 0xffffff, 0xffffff, 0x031f9c, 0x031f9c, 0x031f9c, 0x031f9c, 0x031f9c, 0x031f9c, 0x031f9c, 0x031f9c, 0x031f9c, 0x031f9c, 0x031f9c, 0x031f9c, 0x031f9c, 0x031f9c, 0x031f9c, 0x031f9c, 0x031f9c, 
  0x031f9c, 0x031f9c, 0x031f9c, 0x031f9c, 0x031f9c, 0x031f9c, 0x031f9c, 0x031f9c, 0x031f9c, 0x031f9c, 0x031f9c, 0x031f9c, 0x031f9c, 0xffffff, 0xffffff, 0x031f9c, 0x031f9c, 0x031f9c, 0x031f9c, 0x031f9c, 0x031f9c, 0x031f9c, 0x031f9c, 0x031f9c, 0x031f9c, 0x031f9c, 0x031f9c, 0x031f9c, 0x031f9c, 0x031f9c, 0x031f9c, 0x031f9c, 
  0x031f9c, 0x031f9c, 0x031f9c, 0x031f9c, 0x031f9c, 0x031f9c, 0x031f9c, 0x031f9c, 0x031f9c, 0x031f9c, 0x031f9c, 0x031f9c, 0xffffff, 0x031f9c, 0x031f9c, 0xffffff, 0x031f9c, 0x031f9c, 0x031f9c, 0x031f9c, 0x031f9c, 0x031f9c, 0x031f9c, 0x031f9c, 0x031f9c, 0x031f9c, 0x031f9c, 0x031f9c, 0x031f9c, 0x031f9c, 0x031f9c, 0x031f9c, 
  0x031f9c, 0x031f9c, 0x031f9c, 0x031f9c, 0x031f9c, 0x031f9c, 0x031f9c, 0x031f9c, 0x031f9c, 0x031f9c, 0x031f9c, 0xffffff, 0x031f9c, 0x031f9c, 0x031f9c, 0x031f9c, 0xffffff, 0x031f9c, 0x031f9c, 0x031f9c, 0x031f9c, 0x031f9c, 0x031f9c, 0x031f9c, 0x031f9c, 0x031f9c, 0x031f9c, 0x031f9c, 0x031f9c, 0x031f9c, 0x031f9c, 0x031f9c, 
  0x031f9c, 0x031f9c, 0x031f9c, 0x031f9c, 0x031f9c, 0x031f9c, 0x031f9c, 0x031f9c, 0x031f9c, 0x031f9c, 0xffffff, 0x031f9c, 0x031f9c, 0x031f9c, 0x031f9c, 0x031f9c, 0x031f9c, 0xffffff, 0x031f9c, 0x031f9c, 0x031f9c, 0x031f9c, 0x031f9c, 0x031f9c, 0x031f9c, 0x031f9c, 0x031f9c, 0x031f9c, 0x031f9c, 0x031f9c, 0x031f9c, 0x031f9c, 
  0x031f9c, 0x031f9c, 0x031f9c, 0x031f9c, 0x031f9c, 0x031f9c, 0x031f9c, 0x031f9c, 0x031f9c, 0x031f9c, 0x031f9c, 0x031f9c, 0x031f9c, 0x031f9c, 0x031f9c, 0x031f9c, 0x031f9c, 0x031f9c, 0x031f9c, 0x031f9c, 0x031f9c, 0x031f9c, 0x031f9c, 0x031f9c, 0x031f9c, 0x031f9c, 0x031f9c, 0x031f9c, 0x031f9c, 0x031f9c, 0x031f9c, 0x031f9c, 
  0x031f9c, 0x031f9c, 0x031f9c, 0x031f9c, 0x031f9c, 0x031f9c, 0x031f9c, 0x031f9c, 0x031f9c, 0x031f9c, 0x031f9c, 0x031f9c, 0x031f9c, 0x031f9c, 0x031f9c, 0x031f9c, 0x031f9c, 0x031f9c, 0x031f9c, 0x031f9c, 0x031f9c, 0x031f9c, 0x031f9c, 0x031f9c, 0x031f9c, 0x031f9c, 0x031f9c, 0x031f9c, 0x031f9c, 0x031f9c, 0x031f9c, 0x031f9c, 
  0x031f9c, 0x031f9c, 0x031f9c, 0x031f9c, 0x031f9c, 0x031f9c, 0x031f9c, 0x031f9c, 0x031f9c, 0x031f9c, 0x031f9c, 0x031f9c, 0x031f9c, 0x031f9c, 0x031f9c, 0x031f9c, 0x031f9c, 0x031f9c, 0x031f9c, 0x031f9c, 0x031f9c, 0x031f9c, 0x031f9c, 0x031f9c, 0x031f9c, 0x031f9c, 0x031f9c, 0x031f9c, 0x031f9c, 0x031f9c, 0x031f9c, 0x031f9c, 
  0x031f9c, 0x031f9c, 0x031f9c, 0x031f9c, 0x031f9c, 0x031f9c, 0x031f9c, 0x031f9c, 0x031f9c, 0x031f9c, 0x031f9c, 0x031f9c, 0x031f9c, 0x031f9c, 0x031f9c, 0x031f9c, 0x031f9c, 0x031f9c, 0x031f9c, 0x031f9c, 0x031f9c, 0x031f9c, 0x031f9c, 0x031f9c, 0x031f9c, 0x031f9c, 0x031f9c, 0x031f9c, 0x031f9c, 0x031f9c, 0x031f9c, 0x031f9c
};